sample_id,label,split,feature_path,feature_shape,feature_dtype
yt_0000_p2_part_167,REAL,train,C:\Users\Harish\Downloads\AI deepfake detection\AI_VOICE_DEEPFAKE_DETECTION\data\processed\features\yt_0000_p2_part_167.npy,"[128, 126, 1]",float32
yt_0000_part_001,REAL,train,C:\Users\Harish\Downloads\AI deepfake detection\AI_VOICE_DEEPFAKE_DETECTION\data\processed\features\yt_0000_part_001.npy,"[128, 126, 1]",float32
yt_0000_part_002,REAL,train,C:\Users\Harish\Downloads\AI deepfake detection\AI_VOICE_DEEPFAKE_DETECTION\data\processed\features\yt_0000_part_002.npy,"[128, 126, 1]",float32
yt_0000_part_005,REAL,train,C:\Users\Harish\Downloads\AI deepfake detection\AI_VOICE_DEEPFAKE_DETECTION\data\processed\features\yt_0000_part_005.npy,"[128, 126, 1]",float32
yt_0000_part_008,REAL,train,C:\Users\Harish\Downloads\AI deepfake detection\AI_VOICE_DEEPFAKE_DETECTION\data\processed\features\yt_0000_part_008.npy,"[128, 126, 1]",float32
yt_0000_part_010,REAL,train,C:\Users\Harish\Downloads\AI deepfake detection\AI_VOICE_DEEPFAKE_DETECTION\data\processed\features\yt_0000_part_010.npy,"[128, 126, 1]",float32
yt_0000_part_011,REAL,train,C:\Users\Harish\Downloads\AI deepfake detection\AI_VOICE_DEEPFAKE_DETECTION\data\processed\features\yt_0000_part_011.npy,"[128, 126, 1]",float32
yt_0000_part_013,REAL,train,C:\Users\Harish\Downloads\AI deepfake detection\AI_VOICE_DEEPFAKE_DETECTION\data\processed\features\yt_0000_part_013.npy,"[128, 126, 1]",float32
yt_0000_part_015,REAL,train,C:\Users\Harish\Downloads\AI deepfake detection\AI_VOICE_DEEPFAKE_DETECTION\data\processed\features\yt_0000_part_015.npy,"[128, 126, 1]",float32
yt_0000_part_017,REAL,train,C:\Users\Harish\Downloads\AI deepfake detection\AI_VOICE_DEEPFAKE_DETECTION\data\processed\features\yt_0000_part_017.npy,"[128, 126, 1]",float32
yt_0000_part_019,REAL,train,C:\Users\Harish\Downloads\AI deepfake detection\AI_VOICE_DEEPFAKE_DETECTION\data\processed\features\yt_0000_part_019.npy,"[128, 126, 1]",float32
yt_0000_part_020,REAL,train,C:\Users\Harish\Downloads\AI deepfake detection\AI_VOICE_DEEPFAKE_DETECTION\data\processed\features\yt_0000_part_020.npy,"[128, 126, 1]",float32
yt_0000_part_022,REAL,train,C:\Users\Harish\Downloads\AI deepfake detection\AI_VOICE_DEEPFAKE_DETECTION\data\processed\features\yt_0000_part_022.npy,"[128, 126, 1]",float32
yt_0000_part_024,REAL,train,C:\Users\Harish\Downloads\AI deepfake detection\AI_VOICE_DEEPFAKE_DETECTION\data\processed\features\yt_0000_part_024.npy,"[128, 126, 1]",float32
yt_0000_part_025,REAL,train,C:\Users\Harish\Downloads\AI deepfake detection\AI_VOICE_DEEPFAKE_DETECTION\data\processed\features\yt_0000_part_025.npy,"[128, 126, 1]",float32
yt_0000_part_028,REAL,train,C:\Users\Harish\Downloads\AI deepfake detection\AI_VOICE_DEEPFAKE_DETECTION\data\processed\features\yt_0000_part_028.npy,"[128, 126, 1]",float32
yt_0000_part_029,REAL,train,C:\Users\Harish\Downloads\AI deepfake detection\AI_VOICE_DEEPFAKE_DETECTION\data\processed\features\yt_0000_part_029.npy,"[128, 126, 1]",float32
yt_0000_part_030,REAL,train,C:\Users\Harish\Downloads\AI deepfake detection\AI_VOICE_DEEPFAKE_DETECTION\data\processed\features\yt_0000_part_030.npy,"[128, 126, 1]",float32
yt_0000_part_031,REAL,train,C:\Users\Harish\Downloads\AI deepfake detection\AI_VOICE_DEEPFAKE_DETECTION\data\processed\features\yt_0000_part_031.npy,"[128, 126, 1]",float32
yt_0000_part_033,REAL,train,C:\Users\Harish\Downloads\AI deepfake detection\AI_VOICE_DEEPFAKE_DETECTION\data\processed\features\yt_0000_part_033.npy,"[128, 126, 1]",float32
yt_0000_part_035,REAL,train,C:\Users\Harish\Downloads\AI deepfake detection\AI_VOICE_DEEPFAKE_DETECTION\data\processed\features\yt_0000_part_035.npy,"[128, 126, 1]",float32
yt_0000_part_037,REAL,train,C:\Users\Harish\Downloads\AI deepfake detection\AI_VOICE_DEEPFAKE_DETECTION\data\processed\features\yt_0000_part_037.npy,"[128, 126, 1]",float32
yt_0000_part_038,REAL,train,C:\Users\Harish\Downloads\AI deepfake detection\AI_VOICE_DEEPFAKE_DETECTION\data\processed\features\yt_0000_part_038.npy,"[128, 126, 1]",float32
yt_0000_part_039,REAL,train,C:\Users\Harish\Downloads\AI deepfake detection\AI_VOICE_DEEPFAKE_DETECTION\data\processed\features\yt_0000_part_039.npy,"[128, 126, 1]",float32
yt_0000_part_042,REAL,train,C:\Users\Harish\Downloads\AI deepfake detection\AI_VOICE_DEEPFAKE_DETECTION\data\processed\features\yt_0000_part_042.npy,"[128, 126, 1]",float32
yt_0000_part_045,REAL,train,C:\Users\Harish\Downloads\AI deepfake detection\AI_VOICE_DEEPFAKE_DETECTION\data\processed\features\yt_0000_part_045.npy,"[128, 126, 1]",float32
yt_0000_part_046,REAL,train,C:\Users\Harish\Downloads\AI deepfake detection\AI_VOICE_DEEPFAKE_DETECTION\data\processed\features\yt_0000_part_046.npy,"[128, 126, 1]",float32
yt_0000_part_050,REAL,train,C:\Users\Harish\Downloads\AI deepfake detection\AI_VOICE_DEEPFAKE_DETECTION\data\processed\features\yt_0000_part_050.npy,"[128, 126, 1]",float32
yt_0000_part_052,REAL,train,C:\Users\Harish\Downloads\AI deepfake detection\AI_VOICE_DEEPFAKE_DETECTION\data\processed\features\yt_0000_part_052.npy,"[128, 126, 1]",float32
yt_0000_part_055,REAL,train,C:\Users\Harish\Downloads\AI deepfake detection\AI_VOICE_DEEPFAKE_DETECTION\data\processed\features\yt_0000_part_055.npy,"[128, 126, 1]",float32
yt_0000_part_056,REAL,train,C:\Users\Harish\Downloads\AI deepfake detection\AI_VOICE_DEEPFAKE_DETECTION\data\processed\features\yt_0000_part_056.npy,"[128, 126, 1]",float32
yt_0000_part_059,REAL,train,C:\Users\Harish\Downloads\AI deepfake detection\AI_VOICE_DEEPFAKE_DETECTION\data\processed\features\yt_0000_part_059.npy,"[128, 126, 1]",float32
yt_0000_part_060,REAL,train,C:\Users\Harish\Downloads\AI deepfake detection\AI_VOICE_DEEPFAKE_DETECTION\data\processed\features\yt_0000_part_060.npy,"[128, 126, 1]",float32
yt_0000_part_061,REAL,train,C:\Users\Harish\Downloads\AI deepfake detection\AI_VOICE_DEEPFAKE_DETECTION\data\processed\features\yt_0000_part_061.npy,"[128, 126, 1]",float32
yt_0000_part_062,REAL,train,C:\Users\Harish\Downloads\AI deepfake detection\AI_VOICE_DEEPFAKE_DETECTION\data\processed\features\yt_0000_part_062.npy,"[128, 126, 1]",float32
yt_0000_part_063,REAL,train,C:\Users\Harish\Downloads\AI deepfake detection\AI_VOICE_DEEPFAKE_DETECTION\data\processed\features\yt_0000_part_063.npy,"[128, 126, 1]",float32
yt_0000_part_064,REAL,train,C:\Users\Harish\Downloads\AI deepfake detection\AI_VOICE_DEEPFAKE_DETECTION\data\processed\features\yt_0000_part_064.npy,"[128, 126, 1]",float32
yt_0000_part_065,REAL,train,C:\Users\Harish\Downloads\AI deepfake detection\AI_VOICE_DEEPFAKE_DETECTION\data\processed\features\yt_0000_part_065.npy,"[128, 126, 1]",float32
yt_0000_part_068,REAL,train,C:\Users\Harish\Downloads\AI deepfake detection\AI_VOICE_DEEPFAKE_DETECTION\data\processed\features\yt_0000_part_068.npy,"[128, 126, 1]",float32
yt_0000_part_069,REAL,train,C:\Users\Harish\Downloads\AI deepfake detection\AI_VOICE_DEEPFAKE_DETECTION\data\processed\features\yt_0000_part_069.npy,"[128, 126, 1]",float32
yt_0000_part_075,REAL,train,C:\Users\Harish\Downloads\AI deepfake detection\AI_VOICE_DEEPFAKE_DETECTION\data\processed\features\yt_0000_part_075.npy,"[128, 126, 1]",float32
yt_0000_part_076,REAL,train,C:\Users\Harish\Downloads\AI deepfake detection\AI_VOICE_DEEPFAKE_DETECTION\data\processed\features\yt_0000_part_076.npy,"[128, 126, 1]",float32
yt_0000_part_077,REAL,train,C:\Users\Harish\Downloads\AI deepfake detection\AI_VOICE_DEEPFAKE_DETECTION\data\processed\features\yt_0000_part_077.npy,"[128, 126, 1]",float32
yt_0000_part_079,REAL,train,C:\Users\Harish\Downloads\AI deepfake detection\AI_VOICE_DEEPFAKE_DETECTION\data\processed\features\yt_0000_part_079.npy,"[128, 126, 1]",float32
yt_0000_part_084,REAL,train,C:\Users\Harish\Downloads\AI deepfake detection\AI_VOICE_DEEPFAKE_DETECTION\data\processed\features\yt_0000_part_084.npy,"[128, 126, 1]",float32
yt_0000_part_088,REAL,train,C:\Users\Harish\Downloads\AI deepfake detection\AI_VOICE_DEEPFAKE_DETECTION\data\processed\features\yt_0000_part_088.npy,"[128, 126, 1]",float32
yt_0000_part_090,REAL,train,C:\Users\Harish\Downloads\AI deepfake detection\AI_VOICE_DEEPFAKE_DETECTION\data\processed\features\yt_0000_part_090.npy,"[128, 126, 1]",float32
yt_0000_part_092,REAL,train,C:\Users\Harish\Downloads\AI deepfake detection\AI_VOICE_DEEPFAKE_DETECTION\data\processed\features\yt_0000_part_092.npy,"[128, 126, 1]",float32
yt_0000_part_094,REAL,train,C:\Users\Harish\Downloads\AI deepfake detection\AI_VOICE_DEEPFAKE_DETECTION\data\processed\features\yt_0000_part_094.npy,"[128, 126, 1]",float32
yt_0000_part_100,REAL,train,C:\Users\Harish\Downloads\AI deepfake detection\AI_VOICE_DEEPFAKE_DETECTION\data\processed\features\yt_0000_part_100.npy,"[128, 126, 1]",float32
yt_0000_part_101,REAL,train,C:\Users\Harish\Downloads\AI deepfake detection\AI_VOICE_DEEPFAKE_DETECTION\data\processed\features\yt_0000_part_101.npy,"[128, 126, 1]",float32
yt_0000_part_105,REAL,train,C:\Users\Harish\Downloads\AI deepfake detection\AI_VOICE_DEEPFAKE_DETECTION\data\processed\features\yt_0000_part_105.npy,"[128, 126, 1]",float32
yt_0000_part_106,REAL,train,C:\Users\Harish\Downloads\AI deepfake detection\AI_VOICE_DEEPFAKE_DETECTION\data\processed\features\yt_0000_part_106.npy,"[128, 126, 1]",float32
yt_0000_part_114,REAL,train,C:\Users\Harish\Downloads\AI deepfake detection\AI_VOICE_DEEPFAKE_DETECTION\data\processed\features\yt_0000_part_114.npy,"[128, 126, 1]",float32
yt_0000_part_115,REAL,train,C:\Users\Harish\Downloads\AI deepfake detection\AI_VOICE_DEEPFAKE_DETECTION\data\processed\features\yt_0000_part_115.npy,"[128, 126, 1]",float32
yt_0000_part_119,REAL,train,C:\Users\Harish\Downloads\AI deepfake detection\AI_VOICE_DEEPFAKE_DETECTION\data\processed\features\yt_0000_part_119.npy,"[128, 126, 1]",float32
yt_0000_part_120,REAL,train,C:\Users\Harish\Downloads\AI deepfake detection\AI_VOICE_DEEPFAKE_DETECTION\data\processed\features\yt_0000_part_120.npy,"[128, 126, 1]",float32
yt_0000_part_121,REAL,train,C:\Users\Harish\Downloads\AI deepfake detection\AI_VOICE_DEEPFAKE_DETECTION\data\processed\features\yt_0000_part_121.npy,"[128, 126, 1]",float32
yt_0000_part_125,REAL,train,C:\Users\Harish\Downloads\AI deepfake detection\AI_VOICE_DEEPFAKE_DETECTION\data\processed\features\yt_0000_part_125.npy,"[128, 126, 1]",float32
yt_0000_part_137,REAL,train,C:\Users\Harish\Downloads\AI deepfake detection\AI_VOICE_DEEPFAKE_DETECTION\data\processed\features\yt_0000_part_137.npy,"[128, 126, 1]",float32
yt_0000_part_140,REAL,train,C:\Users\Harish\Downloads\AI deepfake detection\AI_VOICE_DEEPFAKE_DETECTION\data\processed\features\yt_0000_part_140.npy,"[128, 126, 1]",float32
yt_0000_part_142,REAL,train,C:\Users\Harish\Downloads\AI deepfake detection\AI_VOICE_DEEPFAKE_DETECTION\data\processed\features\yt_0000_part_142.npy,"[128, 126, 1]",float32
yt_0000_part_145,REAL,train,C:\Users\Harish\Downloads\AI deepfake detection\AI_VOICE_DEEPFAKE_DETECTION\data\processed\features\yt_0000_part_145.npy,"[128, 126, 1]",float32
yt_0000_part_148,REAL,train,C:\Users\Harish\Downloads\AI deepfake detection\AI_VOICE_DEEPFAKE_DETECTION\data\processed\features\yt_0000_part_148.npy,"[128, 126, 1]",float32
yt_0000_part_150,REAL,train,C:\Users\Harish\Downloads\AI deepfake detection\AI_VOICE_DEEPFAKE_DETECTION\data\processed\features\yt_0000_part_150.npy,"[128, 126, 1]",float32
yt_0000_part_151,REAL,train,C:\Users\Harish\Downloads\AI deepfake detection\AI_VOICE_DEEPFAKE_DETECTION\data\processed\features\yt_0000_part_151.npy,"[128, 126, 1]",float32
yt_0000_part_152,REAL,train,C:\Users\Harish\Downloads\AI deepfake detection\AI_VOICE_DEEPFAKE_DETECTION\data\processed\features\yt_0000_part_152.npy,"[128, 126, 1]",float32
yt_0000_part_158,REAL,train,C:\Users\Harish\Downloads\AI deepfake detection\AI_VOICE_DEEPFAKE_DETECTION\data\processed\features\yt_0000_part_158.npy,"[128, 126, 1]",float32
yt_0000_part_159,REAL,train,C:\Users\Harish\Downloads\AI deepfake detection\AI_VOICE_DEEPFAKE_DETECTION\data\processed\features\yt_0000_part_159.npy,"[128, 126, 1]",float32
yt_0000_part_161,REAL,train,C:\Users\Harish\Downloads\AI deepfake detection\AI_VOICE_DEEPFAKE_DETECTION\data\processed\features\yt_0000_part_161.npy,"[128, 126, 1]",float32
yt_0000_part_162,REAL,train,C:\Users\Harish\Downloads\AI deepfake detection\AI_VOICE_DEEPFAKE_DETECTION\data\processed\features\yt_0000_part_162.npy,"[128, 126, 1]",float32
yt_0000_part_163,REAL,train,C:\Users\Harish\Downloads\AI deepfake detection\AI_VOICE_DEEPFAKE_DETECTION\data\processed\features\yt_0000_part_163.npy,"[128, 126, 1]",float32
yt_0000_part_164,REAL,train,C:\Users\Harish\Downloads\AI deepfake detection\AI_VOICE_DEEPFAKE_DETECTION\data\processed\features\yt_0000_part_164.npy,"[128, 126, 1]",float32
yt_0001_part_001,REAL,train,C:\Users\Harish\Downloads\AI deepfake detection\AI_VOICE_DEEPFAKE_DETECTION\data\processed\features\yt_0001_part_001.npy,"[128, 126, 1]",float32
yt_0001_part_003,REAL,train,C:\Users\Harish\Downloads\AI deepfake detection\AI_VOICE_DEEPFAKE_DETECTION\data\processed\features\yt_0001_part_003.npy,"[128, 126, 1]",float32
yt_0001_part_006,REAL,train,C:\Users\Harish\Downloads\AI deepfake detection\AI_VOICE_DEEPFAKE_DETECTION\data\processed\features\yt_0001_part_006.npy,"[128, 126, 1]",float32
yt_0001_part_008,REAL,train,C:\Users\Harish\Downloads\AI deepfake detection\AI_VOICE_DEEPFAKE_DETECTION\data\processed\features\yt_0001_part_008.npy,"[128, 126, 1]",float32
yt_0001_part_010,REAL,train,C:\Users\Harish\Downloads\AI deepfake detection\AI_VOICE_DEEPFAKE_DETECTION\data\processed\features\yt_0001_part_010.npy,"[128, 126, 1]",float32
yt_0001_part_011,REAL,train,C:\Users\Harish\Downloads\AI deepfake detection\AI_VOICE_DEEPFAKE_DETECTION\data\processed\features\yt_0001_part_011.npy,"[128, 126, 1]",float32
yt_0001_part_012,REAL,train,C:\Users\Harish\Downloads\AI deepfake detection\AI_VOICE_DEEPFAKE_DETECTION\data\processed\features\yt_0001_part_012.npy,"[128, 126, 1]",float32
yt_0001_part_014,REAL,train,C:\Users\Harish\Downloads\AI deepfake detection\AI_VOICE_DEEPFAKE_DETECTION\data\processed\features\yt_0001_part_014.npy,"[128, 126, 1]",float32
yt_0001_part_017,REAL,train,C:\Users\Harish\Downloads\AI deepfake detection\AI_VOICE_DEEPFAKE_DETECTION\data\processed\features\yt_0001_part_017.npy,"[128, 126, 1]",float32
yt_0001_part_023,REAL,train,C:\Users\Harish\Downloads\AI deepfake detection\AI_VOICE_DEEPFAKE_DETECTION\data\processed\features\yt_0001_part_023.npy,"[128, 126, 1]",float32
yt_0001_part_024,REAL,train,C:\Users\Harish\Downloads\AI deepfake detection\AI_VOICE_DEEPFAKE_DETECTION\data\processed\features\yt_0001_part_024.npy,"[128, 126, 1]",float32
yt_0001_part_025,REAL,train,C:\Users\Harish\Downloads\AI deepfake detection\AI_VOICE_DEEPFAKE_DETECTION\data\processed\features\yt_0001_part_025.npy,"[128, 126, 1]",float32
yt_0001_part_026,REAL,train,C:\Users\Harish\Downloads\AI deepfake detection\AI_VOICE_DEEPFAKE_DETECTION\data\processed\features\yt_0001_part_026.npy,"[128, 126, 1]",float32
yt_0002_part_003,REAL,train,C:\Users\Harish\Downloads\AI deepfake detection\AI_VOICE_DEEPFAKE_DETECTION\data\processed\features\yt_0002_part_003.npy,"[128, 126, 1]",float32
yt_0002_part_004,REAL,train,C:\Users\Harish\Downloads\AI deepfake detection\AI_VOICE_DEEPFAKE_DETECTION\data\processed\features\yt_0002_part_004.npy,"[128, 126, 1]",float32
yt_0002_part_008,REAL,train,C:\Users\Harish\Downloads\AI deepfake detection\AI_VOICE_DEEPFAKE_DETECTION\data\processed\features\yt_0002_part_008.npy,"[128, 126, 1]",float32
yt_0002_part_009,REAL,train,C:\Users\Harish\Downloads\AI deepfake detection\AI_VOICE_DEEPFAKE_DETECTION\data\processed\features\yt_0002_part_009.npy,"[128, 126, 1]",float32
yt_0002_part_014,REAL,train,C:\Users\Harish\Downloads\AI deepfake detection\AI_VOICE_DEEPFAKE_DETECTION\data\processed\features\yt_0002_part_014.npy,"[128, 126, 1]",float32
yt_0002_part_015,REAL,train,C:\Users\Harish\Downloads\AI deepfake detection\AI_VOICE_DEEPFAKE_DETECTION\data\processed\features\yt_0002_part_015.npy,"[128, 126, 1]",float32
yt_0002_part_017,REAL,train,C:\Users\Harish\Downloads\AI deepfake detection\AI_VOICE_DEEPFAKE_DETECTION\data\processed\features\yt_0002_part_017.npy,"[128, 126, 1]",float32
yt_0002_part_019,REAL,train,C:\Users\Harish\Downloads\AI deepfake detection\AI_VOICE_DEEPFAKE_DETECTION\data\processed\features\yt_0002_part_019.npy,"[128, 126, 1]",float32
yt_0002_part_021,REAL,train,C:\Users\Harish\Downloads\AI deepfake detection\AI_VOICE_DEEPFAKE_DETECTION\data\processed\features\yt_0002_part_021.npy,"[128, 126, 1]",float32
yt_0002_part_026,REAL,train,C:\Users\Harish\Downloads\AI deepfake detection\AI_VOICE_DEEPFAKE_DETECTION\data\processed\features\yt_0002_part_026.npy,"[128, 126, 1]",float32
yt_0003_part_001,REAL,train,C:\Users\Harish\Downloads\AI deepfake detection\AI_VOICE_DEEPFAKE_DETECTION\data\processed\features\yt_0003_part_001.npy,"[128, 126, 1]",float32
yt_0003_part_003,REAL,train,C:\Users\Harish\Downloads\AI deepfake detection\AI_VOICE_DEEPFAKE_DETECTION\data\processed\features\yt_0003_part_003.npy,"[128, 126, 1]",float32
yt_0003_part_004,REAL,train,C:\Users\Harish\Downloads\AI deepfake detection\AI_VOICE_DEEPFAKE_DETECTION\data\processed\features\yt_0003_part_004.npy,"[128, 126, 1]",float32
yt_0003_part_009,REAL,train,C:\Users\Harish\Downloads\AI deepfake detection\AI_VOICE_DEEPFAKE_DETECTION\data\processed\features\yt_0003_part_009.npy,"[128, 126, 1]",float32
yt_0003_part_010,REAL,train,C:\Users\Harish\Downloads\AI deepfake detection\AI_VOICE_DEEPFAKE_DETECTION\data\processed\features\yt_0003_part_010.npy,"[128, 126, 1]",float32
yt_0003_part_011,REAL,train,C:\Users\Harish\Downloads\AI deepfake detection\AI_VOICE_DEEPFAKE_DETECTION\data\processed\features\yt_0003_part_011.npy,"[128, 126, 1]",float32
yt_0003_part_012,REAL,train,C:\Users\Harish\Downloads\AI deepfake detection\AI_VOICE_DEEPFAKE_DETECTION\data\processed\features\yt_0003_part_012.npy,"[128, 126, 1]",float32
yt_0003_part_013,REAL,train,C:\Users\Harish\Downloads\AI deepfake detection\AI_VOICE_DEEPFAKE_DETECTION\data\processed\features\yt_0003_part_013.npy,"[128, 126, 1]",float32
yt_0003_part_014,REAL,train,C:\Users\Harish\Downloads\AI deepfake detection\AI_VOICE_DEEPFAKE_DETECTION\data\processed\features\yt_0003_part_014.npy,"[128, 126, 1]",float32
yt_0003_part_017,REAL,train,C:\Users\Harish\Downloads\AI deepfake detection\AI_VOICE_DEEPFAKE_DETECTION\data\processed\features\yt_0003_part_017.npy,"[128, 126, 1]",float32
yt_0003_part_019,REAL,train,C:\Users\Harish\Downloads\AI deepfake detection\AI_VOICE_DEEPFAKE_DETECTION\data\processed\features\yt_0003_part_019.npy,"[128, 126, 1]",float32
yt_0004_part_001,REAL,train,C:\Users\Harish\Downloads\AI deepfake detection\AI_VOICE_DEEPFAKE_DETECTION\data\processed\features\yt_0004_part_001.npy,"[128, 126, 1]",float32
yt_0004_part_003,REAL,train,C:\Users\Harish\Downloads\AI deepfake detection\AI_VOICE_DEEPFAKE_DETECTION\data\processed\features\yt_0004_part_003.npy,"[128, 126, 1]",float32
yt_0004_part_005,REAL,train,C:\Users\Harish\Downloads\AI deepfake detection\AI_VOICE_DEEPFAKE_DETECTION\data\processed\features\yt_0004_part_005.npy,"[128, 126, 1]",float32
yt_0004_part_008,REAL,train,C:\Users\Harish\Downloads\AI deepfake detection\AI_VOICE_DEEPFAKE_DETECTION\data\processed\features\yt_0004_part_008.npy,"[128, 126, 1]",float32
yt_0004_part_012,REAL,train,C:\Users\Harish\Downloads\AI deepfake detection\AI_VOICE_DEEPFAKE_DETECTION\data\processed\features\yt_0004_part_012.npy,"[128, 126, 1]",float32
yt_0004_part_013,REAL,train,C:\Users\Harish\Downloads\AI deepfake detection\AI_VOICE_DEEPFAKE_DETECTION\data\processed\features\yt_0004_part_013.npy,"[128, 126, 1]",float32
yt_0004_part_015,REAL,train,C:\Users\Harish\Downloads\AI deepfake detection\AI_VOICE_DEEPFAKE_DETECTION\data\processed\features\yt_0004_part_015.npy,"[128, 126, 1]",float32
yt_0004_part_018,REAL,train,C:\Users\Harish\Downloads\AI deepfake detection\AI_VOICE_DEEPFAKE_DETECTION\data\processed\features\yt_0004_part_018.npy,"[128, 126, 1]",float32
yt_0004_part_025,REAL,train,C:\Users\Harish\Downloads\AI deepfake detection\AI_VOICE_DEEPFAKE_DETECTION\data\processed\features\yt_0004_part_025.npy,"[128, 126, 1]",float32
yt_0004_part_026,REAL,train,C:\Users\Harish\Downloads\AI deepfake detection\AI_VOICE_DEEPFAKE_DETECTION\data\processed\features\yt_0004_part_026.npy,"[128, 126, 1]",float32
yt_0004_part_027,REAL,train,C:\Users\Harish\Downloads\AI deepfake detection\AI_VOICE_DEEPFAKE_DETECTION\data\processed\features\yt_0004_part_027.npy,"[128, 126, 1]",float32
yt_0004_part_029,REAL,train,C:\Users\Harish\Downloads\AI deepfake detection\AI_VOICE_DEEPFAKE_DETECTION\data\processed\features\yt_0004_part_029.npy,"[128, 126, 1]",float32
yt_0004_part_033,REAL,train,C:\Users\Harish\Downloads\AI deepfake detection\AI_VOICE_DEEPFAKE_DETECTION\data\processed\features\yt_0004_part_033.npy,"[128, 126, 1]",float32
yt_0004_part_035,REAL,train,C:\Users\Harish\Downloads\AI deepfake detection\AI_VOICE_DEEPFAKE_DETECTION\data\processed\features\yt_0004_part_035.npy,"[128, 126, 1]",float32
yt_0004_part_037,REAL,train,C:\Users\Harish\Downloads\AI deepfake detection\AI_VOICE_DEEPFAKE_DETECTION\data\processed\features\yt_0004_part_037.npy,"[128, 126, 1]",float32
yt_0004_part_039,REAL,train,C:\Users\Harish\Downloads\AI deepfake detection\AI_VOICE_DEEPFAKE_DETECTION\data\processed\features\yt_0004_part_039.npy,"[128, 126, 1]",float32
yt_0004_part_042,REAL,train,C:\Users\Harish\Downloads\AI deepfake detection\AI_VOICE_DEEPFAKE_DETECTION\data\processed\features\yt_0004_part_042.npy,"[128, 126, 1]",float32
yt_0004_part_043,REAL,train,C:\Users\Harish\Downloads\AI deepfake detection\AI_VOICE_DEEPFAKE_DETECTION\data\processed\features\yt_0004_part_043.npy,"[128, 126, 1]",float32
yt_0004_part_044,REAL,train,C:\Users\Harish\Downloads\AI deepfake detection\AI_VOICE_DEEPFAKE_DETECTION\data\processed\features\yt_0004_part_044.npy,"[128, 126, 1]",float32
yt_0005_part_001,REAL,train,C:\Users\Harish\Downloads\AI deepfake detection\AI_VOICE_DEEPFAKE_DETECTION\data\processed\features\yt_0005_part_001.npy,"[128, 126, 1]",float32
yt_0005_part_002,REAL,train,C:\Users\Harish\Downloads\AI deepfake detection\AI_VOICE_DEEPFAKE_DETECTION\data\processed\features\yt_0005_part_002.npy,"[128, 126, 1]",float32
yt_0005_part_004,REAL,train,C:\Users\Harish\Downloads\AI deepfake detection\AI_VOICE_DEEPFAKE_DETECTION\data\processed\features\yt_0005_part_004.npy,"[128, 126, 1]",float32
yt_0005_part_007,REAL,train,C:\Users\Harish\Downloads\AI deepfake detection\AI_VOICE_DEEPFAKE_DETECTION\data\processed\features\yt_0005_part_007.npy,"[128, 126, 1]",float32
yt_0005_part_009,REAL,train,C:\Users\Harish\Downloads\AI deepfake detection\AI_VOICE_DEEPFAKE_DETECTION\data\processed\features\yt_0005_part_009.npy,"[128, 126, 1]",float32
yt_0005_part_011,REAL,train,C:\Users\Harish\Downloads\AI deepfake detection\AI_VOICE_DEEPFAKE_DETECTION\data\processed\features\yt_0005_part_011.npy,"[128, 126, 1]",float32
yt_0005_part_012,REAL,train,C:\Users\Harish\Downloads\AI deepfake detection\AI_VOICE_DEEPFAKE_DETECTION\data\processed\features\yt_0005_part_012.npy,"[128, 126, 1]",float32
yt_0005_part_013,REAL,train,C:\Users\Harish\Downloads\AI deepfake detection\AI_VOICE_DEEPFAKE_DETECTION\data\processed\features\yt_0005_part_013.npy,"[128, 126, 1]",float32
yt_0005_part_015,REAL,train,C:\Users\Harish\Downloads\AI deepfake detection\AI_VOICE_DEEPFAKE_DETECTION\data\processed\features\yt_0005_part_015.npy,"[128, 126, 1]",float32
yt_0005_part_016,REAL,train,C:\Users\Harish\Downloads\AI deepfake detection\AI_VOICE_DEEPFAKE_DETECTION\data\processed\features\yt_0005_part_016.npy,"[128, 126, 1]",float32
yt_0005_part_020,REAL,train,C:\Users\Harish\Downloads\AI deepfake detection\AI_VOICE_DEEPFAKE_DETECTION\data\processed\features\yt_0005_part_020.npy,"[128, 126, 1]",float32
yt_0005_part_024,REAL,train,C:\Users\Harish\Downloads\AI deepfake detection\AI_VOICE_DEEPFAKE_DETECTION\data\processed\features\yt_0005_part_024.npy,"[128, 126, 1]",float32
yt_0005_part_025,REAL,train,C:\Users\Harish\Downloads\AI deepfake detection\AI_VOICE_DEEPFAKE_DETECTION\data\processed\features\yt_0005_part_025.npy,"[128, 126, 1]",float32
yt_0006_p2_part_007,REAL,train,C:\Users\Harish\Downloads\AI deepfake detection\AI_VOICE_DEEPFAKE_DETECTION\data\processed\features\yt_0006_p2_part_007.npy,"[128, 126, 1]",float32
yt_0006_p2_part_010,REAL,train,C:\Users\Harish\Downloads\AI deepfake detection\AI_VOICE_DEEPFAKE_DETECTION\data\processed\features\yt_0006_p2_part_010.npy,"[128, 126, 1]",float32
yt_0006_p2_part_011,REAL,train,C:\Users\Harish\Downloads\AI deepfake detection\AI_VOICE_DEEPFAKE_DETECTION\data\processed\features\yt_0006_p2_part_011.npy,"[128, 126, 1]",float32
yt_0006_p2_part_017,REAL,train,C:\Users\Harish\Downloads\AI deepfake detection\AI_VOICE_DEEPFAKE_DETECTION\data\processed\features\yt_0006_p2_part_017.npy,"[128, 126, 1]",float32
yt_0006_p2_part_018,REAL,train,C:\Users\Harish\Downloads\AI deepfake detection\AI_VOICE_DEEPFAKE_DETECTION\data\processed\features\yt_0006_p2_part_018.npy,"[128, 126, 1]",float32
yt_0006_p2_part_025,REAL,train,C:\Users\Harish\Downloads\AI deepfake detection\AI_VOICE_DEEPFAKE_DETECTION\data\processed\features\yt_0006_p2_part_025.npy,"[128, 126, 1]",float32
yt_0006_p2_part_027,REAL,train,C:\Users\Harish\Downloads\AI deepfake detection\AI_VOICE_DEEPFAKE_DETECTION\data\processed\features\yt_0006_p2_part_027.npy,"[128, 126, 1]",float32
yt_0006_p2_part_028,REAL,train,C:\Users\Harish\Downloads\AI deepfake detection\AI_VOICE_DEEPFAKE_DETECTION\data\processed\features\yt_0006_p2_part_028.npy,"[128, 126, 1]",float32
yt_0006_p2_part_030,REAL,train,C:\Users\Harish\Downloads\AI deepfake detection\AI_VOICE_DEEPFAKE_DETECTION\data\processed\features\yt_0006_p2_part_030.npy,"[128, 126, 1]",float32
yt_0006_p2_part_033,REAL,train,C:\Users\Harish\Downloads\AI deepfake detection\AI_VOICE_DEEPFAKE_DETECTION\data\processed\features\yt_0006_p2_part_033.npy,"[128, 126, 1]",float32
yt_0006_p2_part_034,REAL,train,C:\Users\Harish\Downloads\AI deepfake detection\AI_VOICE_DEEPFAKE_DETECTION\data\processed\features\yt_0006_p2_part_034.npy,"[128, 126, 1]",float32
yt_0006_p2_part_035,REAL,train,C:\Users\Harish\Downloads\AI deepfake detection\AI_VOICE_DEEPFAKE_DETECTION\data\processed\features\yt_0006_p2_part_035.npy,"[128, 126, 1]",float32
yt_0006_p2_part_036,REAL,train,C:\Users\Harish\Downloads\AI deepfake detection\AI_VOICE_DEEPFAKE_DETECTION\data\processed\features\yt_0006_p2_part_036.npy,"[128, 126, 1]",float32
yt_0006_p2_part_037,REAL,train,C:\Users\Harish\Downloads\AI deepfake detection\AI_VOICE_DEEPFAKE_DETECTION\data\processed\features\yt_0006_p2_part_037.npy,"[128, 126, 1]",float32
yt_0006_p2_part_039,REAL,train,C:\Users\Harish\Downloads\AI deepfake detection\AI_VOICE_DEEPFAKE_DETECTION\data\processed\features\yt_0006_p2_part_039.npy,"[128, 126, 1]",float32
yt_0006_p2_part_043,REAL,train,C:\Users\Harish\Downloads\AI deepfake detection\AI_VOICE_DEEPFAKE_DETECTION\data\processed\features\yt_0006_p2_part_043.npy,"[128, 126, 1]",float32
yt_0006_p2_part_045,REAL,train,C:\Users\Harish\Downloads\AI deepfake detection\AI_VOICE_DEEPFAKE_DETECTION\data\processed\features\yt_0006_p2_part_045.npy,"[128, 126, 1]",float32
yt_0006_p2_part_046,REAL,train,C:\Users\Harish\Downloads\AI deepfake detection\AI_VOICE_DEEPFAKE_DETECTION\data\processed\features\yt_0006_p2_part_046.npy,"[128, 126, 1]",float32
yt_0006_p2_part_050,REAL,train,C:\Users\Harish\Downloads\AI deepfake detection\AI_VOICE_DEEPFAKE_DETECTION\data\processed\features\yt_0006_p2_part_050.npy,"[128, 126, 1]",float32
yt_0006_p2_part_051,REAL,train,C:\Users\Harish\Downloads\AI deepfake detection\AI_VOICE_DEEPFAKE_DETECTION\data\processed\features\yt_0006_p2_part_051.npy,"[128, 126, 1]",float32
yt_0006_part_001,REAL,train,C:\Users\Harish\Downloads\AI deepfake detection\AI_VOICE_DEEPFAKE_DETECTION\data\processed\features\yt_0006_part_001.npy,"[128, 126, 1]",float32
yt_0006_part_002,REAL,train,C:\Users\Harish\Downloads\AI deepfake detection\AI_VOICE_DEEPFAKE_DETECTION\data\processed\features\yt_0006_part_002.npy,"[128, 126, 1]",float32
yt_0006_part_003,REAL,train,C:\Users\Harish\Downloads\AI deepfake detection\AI_VOICE_DEEPFAKE_DETECTION\data\processed\features\yt_0006_part_003.npy,"[128, 126, 1]",float32
yt_0006_part_004,REAL,train,C:\Users\Harish\Downloads\AI deepfake detection\AI_VOICE_DEEPFAKE_DETECTION\data\processed\features\yt_0006_part_004.npy,"[128, 126, 1]",float32
yt_0006_part_006,REAL,train,C:\Users\Harish\Downloads\AI deepfake detection\AI_VOICE_DEEPFAKE_DETECTION\data\processed\features\yt_0006_part_006.npy,"[128, 126, 1]",float32
yt_0006_part_007,REAL,train,C:\Users\Harish\Downloads\AI deepfake detection\AI_VOICE_DEEPFAKE_DETECTION\data\processed\features\yt_0006_part_007.npy,"[128, 126, 1]",float32
yt_0006_part_008,REAL,train,C:\Users\Harish\Downloads\AI deepfake detection\AI_VOICE_DEEPFAKE_DETECTION\data\processed\features\yt_0006_part_008.npy,"[128, 126, 1]",float32
yt_0006_part_009,REAL,train,C:\Users\Harish\Downloads\AI deepfake detection\AI_VOICE_DEEPFAKE_DETECTION\data\processed\features\yt_0006_part_009.npy,"[128, 126, 1]",float32
yt_0006_part_012,REAL,train,C:\Users\Harish\Downloads\AI deepfake detection\AI_VOICE_DEEPFAKE_DETECTION\data\processed\features\yt_0006_part_012.npy,"[128, 126, 1]",float32
yt_0006_part_014,REAL,train,C:\Users\Harish\Downloads\AI deepfake detection\AI_VOICE_DEEPFAKE_DETECTION\data\processed\features\yt_0006_part_014.npy,"[128, 126, 1]",float32
yt_0006_part_015,REAL,train,C:\Users\Harish\Downloads\AI deepfake detection\AI_VOICE_DEEPFAKE_DETECTION\data\processed\features\yt_0006_part_015.npy,"[128, 126, 1]",float32
yt_0006_part_016,REAL,train,C:\Users\Harish\Downloads\AI deepfake detection\AI_VOICE_DEEPFAKE_DETECTION\data\processed\features\yt_0006_part_016.npy,"[128, 126, 1]",float32
yt_0006_part_017,REAL,train,C:\Users\Harish\Downloads\AI deepfake detection\AI_VOICE_DEEPFAKE_DETECTION\data\processed\features\yt_0006_part_017.npy,"[128, 126, 1]",float32
yt_0006_part_020,REAL,train,C:\Users\Harish\Downloads\AI deepfake detection\AI_VOICE_DEEPFAKE_DETECTION\data\processed\features\yt_0006_part_020.npy,"[128, 126, 1]",float32
yt_0006_part_021,REAL,train,C:\Users\Harish\Downloads\AI deepfake detection\AI_VOICE_DEEPFAKE_DETECTION\data\processed\features\yt_0006_part_021.npy,"[128, 126, 1]",float32
yt_0006_part_024,REAL,train,C:\Users\Harish\Downloads\AI deepfake detection\AI_VOICE_DEEPFAKE_DETECTION\data\processed\features\yt_0006_part_024.npy,"[128, 126, 1]",float32
yt_0006_part_026,REAL,train,C:\Users\Harish\Downloads\AI deepfake detection\AI_VOICE_DEEPFAKE_DETECTION\data\processed\features\yt_0006_part_026.npy,"[128, 126, 1]",float32
yt_0006_part_030,REAL,train,C:\Users\Harish\Downloads\AI deepfake detection\AI_VOICE_DEEPFAKE_DETECTION\data\processed\features\yt_0006_part_030.npy,"[128, 126, 1]",float32
yt_0006_part_032,REAL,train,C:\Users\Harish\Downloads\AI deepfake detection\AI_VOICE_DEEPFAKE_DETECTION\data\processed\features\yt_0006_part_032.npy,"[128, 126, 1]",float32
yt_0006_part_035,REAL,train,C:\Users\Harish\Downloads\AI deepfake detection\AI_VOICE_DEEPFAKE_DETECTION\data\processed\features\yt_0006_part_035.npy,"[128, 126, 1]",float32
yt_0006_part_036,REAL,train,C:\Users\Harish\Downloads\AI deepfake detection\AI_VOICE_DEEPFAKE_DETECTION\data\processed\features\yt_0006_part_036.npy,"[128, 126, 1]",float32
yt_0006_part_040,REAL,train,C:\Users\Harish\Downloads\AI deepfake detection\AI_VOICE_DEEPFAKE_DETECTION\data\processed\features\yt_0006_part_040.npy,"[128, 126, 1]",float32
yt_0006_part_043,REAL,train,C:\Users\Harish\Downloads\AI deepfake detection\AI_VOICE_DEEPFAKE_DETECTION\data\processed\features\yt_0006_part_043.npy,"[128, 126, 1]",float32
yt_0006_part_044,REAL,train,C:\Users\Harish\Downloads\AI deepfake detection\AI_VOICE_DEEPFAKE_DETECTION\data\processed\features\yt_0006_part_044.npy,"[128, 126, 1]",float32
yt_0006_part_045,REAL,train,C:\Users\Harish\Downloads\AI deepfake detection\AI_VOICE_DEEPFAKE_DETECTION\data\processed\features\yt_0006_part_045.npy,"[128, 126, 1]",float32
yt_0006_part_049,REAL,train,C:\Users\Harish\Downloads\AI deepfake detection\AI_VOICE_DEEPFAKE_DETECTION\data\processed\features\yt_0006_part_049.npy,"[128, 126, 1]",float32
yt_0006_part_050,REAL,train,C:\Users\Harish\Downloads\AI deepfake detection\AI_VOICE_DEEPFAKE_DETECTION\data\processed\features\yt_0006_part_050.npy,"[128, 126, 1]",float32
yt_0007_p2_part_028,REAL,train,C:\Users\Harish\Downloads\AI deepfake detection\AI_VOICE_DEEPFAKE_DETECTION\data\processed\features\yt_0007_p2_part_028.npy,"[128, 126, 1]",float32
yt_0007_p2_part_029,REAL,train,C:\Users\Harish\Downloads\AI deepfake detection\AI_VOICE_DEEPFAKE_DETECTION\data\processed\features\yt_0007_p2_part_029.npy,"[128, 126, 1]",float32
yt_0007_p2_part_032,REAL,train,C:\Users\Harish\Downloads\AI deepfake detection\AI_VOICE_DEEPFAKE_DETECTION\data\processed\features\yt_0007_p2_part_032.npy,"[128, 126, 1]",float32
yt_0007_p2_part_033,REAL,train,C:\Users\Harish\Downloads\AI deepfake detection\AI_VOICE_DEEPFAKE_DETECTION\data\processed\features\yt_0007_p2_part_033.npy,"[128, 126, 1]",float32
yt_0007_part_005,REAL,train,C:\Users\Harish\Downloads\AI deepfake detection\AI_VOICE_DEEPFAKE_DETECTION\data\processed\features\yt_0007_part_005.npy,"[128, 126, 1]",float32
yt_0007_part_012,REAL,train,C:\Users\Harish\Downloads\AI deepfake detection\AI_VOICE_DEEPFAKE_DETECTION\data\processed\features\yt_0007_part_012.npy,"[128, 126, 1]",float32
yt_0007_part_014,REAL,train,C:\Users\Harish\Downloads\AI deepfake detection\AI_VOICE_DEEPFAKE_DETECTION\data\processed\features\yt_0007_part_014.npy,"[128, 126, 1]",float32
yt_0007_part_015,REAL,train,C:\Users\Harish\Downloads\AI deepfake detection\AI_VOICE_DEEPFAKE_DETECTION\data\processed\features\yt_0007_part_015.npy,"[128, 126, 1]",float32
yt_0007_part_017,REAL,train,C:\Users\Harish\Downloads\AI deepfake detection\AI_VOICE_DEEPFAKE_DETECTION\data\processed\features\yt_0007_part_017.npy,"[128, 126, 1]",float32
yt_0007_part_019,REAL,train,C:\Users\Harish\Downloads\AI deepfake detection\AI_VOICE_DEEPFAKE_DETECTION\data\processed\features\yt_0007_part_019.npy,"[128, 126, 1]",float32
yt_0007_part_025,REAL,train,C:\Users\Harish\Downloads\AI deepfake detection\AI_VOICE_DEEPFAKE_DETECTION\data\processed\features\yt_0007_part_025.npy,"[128, 126, 1]",float32
yt_0007_part_029,REAL,train,C:\Users\Harish\Downloads\AI deepfake detection\AI_VOICE_DEEPFAKE_DETECTION\data\processed\features\yt_0007_part_029.npy,"[128, 126, 1]",float32
yt_0007_part_030,REAL,train,C:\Users\Harish\Downloads\AI deepfake detection\AI_VOICE_DEEPFAKE_DETECTION\data\processed\features\yt_0007_part_030.npy,"[128, 126, 1]",float32
yt_0007_part_032,REAL,train,C:\Users\Harish\Downloads\AI deepfake detection\AI_VOICE_DEEPFAKE_DETECTION\data\processed\features\yt_0007_part_032.npy,"[128, 126, 1]",float32
yt_0008_p2_part_260,REAL,train,C:\Users\Harish\Downloads\AI deepfake detection\AI_VOICE_DEEPFAKE_DETECTION\data\processed\features\yt_0008_p2_part_260.npy,"[128, 126, 1]",float32
yt_0008_p2_part_265,REAL,train,C:\Users\Harish\Downloads\AI deepfake detection\AI_VOICE_DEEPFAKE_DETECTION\data\processed\features\yt_0008_p2_part_265.npy,"[128, 126, 1]",float32
yt_0008_part_003,REAL,train,C:\Users\Harish\Downloads\AI deepfake detection\AI_VOICE_DEEPFAKE_DETECTION\data\processed\features\yt_0008_part_003.npy,"[128, 126, 1]",float32
yt_0008_part_004,REAL,train,C:\Users\Harish\Downloads\AI deepfake detection\AI_VOICE_DEEPFAKE_DETECTION\data\processed\features\yt_0008_part_004.npy,"[128, 126, 1]",float32
yt_0008_part_008,REAL,train,C:\Users\Harish\Downloads\AI deepfake detection\AI_VOICE_DEEPFAKE_DETECTION\data\processed\features\yt_0008_part_008.npy,"[128, 126, 1]",float32
yt_0008_part_012,REAL,train,C:\Users\Harish\Downloads\AI deepfake detection\AI_VOICE_DEEPFAKE_DETECTION\data\processed\features\yt_0008_part_012.npy,"[128, 126, 1]",float32
yt_0008_part_015,REAL,train,C:\Users\Harish\Downloads\AI deepfake detection\AI_VOICE_DEEPFAKE_DETECTION\data\processed\features\yt_0008_part_015.npy,"[128, 126, 1]",float32
yt_0008_part_019,REAL,train,C:\Users\Harish\Downloads\AI deepfake detection\AI_VOICE_DEEPFAKE_DETECTION\data\processed\features\yt_0008_part_019.npy,"[128, 126, 1]",float32
yt_0008_part_021,REAL,train,C:\Users\Harish\Downloads\AI deepfake detection\AI_VOICE_DEEPFAKE_DETECTION\data\processed\features\yt_0008_part_021.npy,"[128, 126, 1]",float32
yt_0008_part_022,REAL,train,C:\Users\Harish\Downloads\AI deepfake detection\AI_VOICE_DEEPFAKE_DETECTION\data\processed\features\yt_0008_part_022.npy,"[128, 126, 1]",float32
yt_0008_part_025,REAL,train,C:\Users\Harish\Downloads\AI deepfake detection\AI_VOICE_DEEPFAKE_DETECTION\data\processed\features\yt_0008_part_025.npy,"[128, 126, 1]",float32
yt_0008_part_028,REAL,train,C:\Users\Harish\Downloads\AI deepfake detection\AI_VOICE_DEEPFAKE_DETECTION\data\processed\features\yt_0008_part_028.npy,"[128, 126, 1]",float32
yt_0008_part_029,REAL,train,C:\Users\Harish\Downloads\AI deepfake detection\AI_VOICE_DEEPFAKE_DETECTION\data\processed\features\yt_0008_part_029.npy,"[128, 126, 1]",float32
yt_0008_part_033,REAL,train,C:\Users\Harish\Downloads\AI deepfake detection\AI_VOICE_DEEPFAKE_DETECTION\data\processed\features\yt_0008_part_033.npy,"[128, 126, 1]",float32
yt_0008_part_040,REAL,train,C:\Users\Harish\Downloads\AI deepfake detection\AI_VOICE_DEEPFAKE_DETECTION\data\processed\features\yt_0008_part_040.npy,"[128, 126, 1]",float32
yt_0008_part_042,REAL,train,C:\Users\Harish\Downloads\AI deepfake detection\AI_VOICE_DEEPFAKE_DETECTION\data\processed\features\yt_0008_part_042.npy,"[128, 126, 1]",float32
yt_0008_part_043,REAL,train,C:\Users\Harish\Downloads\AI deepfake detection\AI_VOICE_DEEPFAKE_DETECTION\data\processed\features\yt_0008_part_043.npy,"[128, 126, 1]",float32
yt_0008_part_047,REAL,train,C:\Users\Harish\Downloads\AI deepfake detection\AI_VOICE_DEEPFAKE_DETECTION\data\processed\features\yt_0008_part_047.npy,"[128, 126, 1]",float32
yt_0008_part_048,REAL,train,C:\Users\Harish\Downloads\AI deepfake detection\AI_VOICE_DEEPFAKE_DETECTION\data\processed\features\yt_0008_part_048.npy,"[128, 126, 1]",float32
yt_0008_part_049,REAL,train,C:\Users\Harish\Downloads\AI deepfake detection\AI_VOICE_DEEPFAKE_DETECTION\data\processed\features\yt_0008_part_049.npy,"[128, 126, 1]",float32
yt_0008_part_050,REAL,train,C:\Users\Harish\Downloads\AI deepfake detection\AI_VOICE_DEEPFAKE_DETECTION\data\processed\features\yt_0008_part_050.npy,"[128, 126, 1]",float32
yt_0008_part_052,REAL,train,C:\Users\Harish\Downloads\AI deepfake detection\AI_VOICE_DEEPFAKE_DETECTION\data\processed\features\yt_0008_part_052.npy,"[128, 126, 1]",float32
yt_0008_part_053,REAL,train,C:\Users\Harish\Downloads\AI deepfake detection\AI_VOICE_DEEPFAKE_DETECTION\data\processed\features\yt_0008_part_053.npy,"[128, 126, 1]",float32
yt_0008_part_055,REAL,train,C:\Users\Harish\Downloads\AI deepfake detection\AI_VOICE_DEEPFAKE_DETECTION\data\processed\features\yt_0008_part_055.npy,"[128, 126, 1]",float32
yt_0008_part_056,REAL,train,C:\Users\Harish\Downloads\AI deepfake detection\AI_VOICE_DEEPFAKE_DETECTION\data\processed\features\yt_0008_part_056.npy,"[128, 126, 1]",float32
yt_0008_part_057,REAL,train,C:\Users\Harish\Downloads\AI deepfake detection\AI_VOICE_DEEPFAKE_DETECTION\data\processed\features\yt_0008_part_057.npy,"[128, 126, 1]",float32
yt_0008_part_058,REAL,train,C:\Users\Harish\Downloads\AI deepfake detection\AI_VOICE_DEEPFAKE_DETECTION\data\processed\features\yt_0008_part_058.npy,"[128, 126, 1]",float32
yt_0008_part_059,REAL,train,C:\Users\Harish\Downloads\AI deepfake detection\AI_VOICE_DEEPFAKE_DETECTION\data\processed\features\yt_0008_part_059.npy,"[128, 126, 1]",float32
yt_0008_part_062,REAL,train,C:\Users\Harish\Downloads\AI deepfake detection\AI_VOICE_DEEPFAKE_DETECTION\data\processed\features\yt_0008_part_062.npy,"[128, 126, 1]",float32
yt_0008_part_065,REAL,train,C:\Users\Harish\Downloads\AI deepfake detection\AI_VOICE_DEEPFAKE_DETECTION\data\processed\features\yt_0008_part_065.npy,"[128, 126, 1]",float32
yt_0008_part_067,REAL,train,C:\Users\Harish\Downloads\AI deepfake detection\AI_VOICE_DEEPFAKE_DETECTION\data\processed\features\yt_0008_part_067.npy,"[128, 126, 1]",float32
yt_0008_part_077,REAL,train,C:\Users\Harish\Downloads\AI deepfake detection\AI_VOICE_DEEPFAKE_DETECTION\data\processed\features\yt_0008_part_077.npy,"[128, 126, 1]",float32
yt_0008_part_079,REAL,train,C:\Users\Harish\Downloads\AI deepfake detection\AI_VOICE_DEEPFAKE_DETECTION\data\processed\features\yt_0008_part_079.npy,"[128, 126, 1]",float32
yt_0008_part_080,REAL,train,C:\Users\Harish\Downloads\AI deepfake detection\AI_VOICE_DEEPFAKE_DETECTION\data\processed\features\yt_0008_part_080.npy,"[128, 126, 1]",float32
yt_0008_part_081,REAL,train,C:\Users\Harish\Downloads\AI deepfake detection\AI_VOICE_DEEPFAKE_DETECTION\data\processed\features\yt_0008_part_081.npy,"[128, 126, 1]",float32
yt_0008_part_085,REAL,train,C:\Users\Harish\Downloads\AI deepfake detection\AI_VOICE_DEEPFAKE_DETECTION\data\processed\features\yt_0008_part_085.npy,"[128, 126, 1]",float32
yt_0008_part_086,REAL,train,C:\Users\Harish\Downloads\AI deepfake detection\AI_VOICE_DEEPFAKE_DETECTION\data\processed\features\yt_0008_part_086.npy,"[128, 126, 1]",float32
yt_0008_part_088,REAL,train,C:\Users\Harish\Downloads\AI deepfake detection\AI_VOICE_DEEPFAKE_DETECTION\data\processed\features\yt_0008_part_088.npy,"[128, 126, 1]",float32
yt_0008_part_090,REAL,train,C:\Users\Harish\Downloads\AI deepfake detection\AI_VOICE_DEEPFAKE_DETECTION\data\processed\features\yt_0008_part_090.npy,"[128, 126, 1]",float32
yt_0008_part_092,REAL,train,C:\Users\Harish\Downloads\AI deepfake detection\AI_VOICE_DEEPFAKE_DETECTION\data\processed\features\yt_0008_part_092.npy,"[128, 126, 1]",float32
yt_0008_part_097,REAL,train,C:\Users\Harish\Downloads\AI deepfake detection\AI_VOICE_DEEPFAKE_DETECTION\data\processed\features\yt_0008_part_097.npy,"[128, 126, 1]",float32
yt_0008_part_098,REAL,train,C:\Users\Harish\Downloads\AI deepfake detection\AI_VOICE_DEEPFAKE_DETECTION\data\processed\features\yt_0008_part_098.npy,"[128, 126, 1]",float32
yt_0008_part_103,REAL,train,C:\Users\Harish\Downloads\AI deepfake detection\AI_VOICE_DEEPFAKE_DETECTION\data\processed\features\yt_0008_part_103.npy,"[128, 126, 1]",float32
yt_0008_part_104,REAL,train,C:\Users\Harish\Downloads\AI deepfake detection\AI_VOICE_DEEPFAKE_DETECTION\data\processed\features\yt_0008_part_104.npy,"[128, 126, 1]",float32
yt_0008_part_105,REAL,train,C:\Users\Harish\Downloads\AI deepfake detection\AI_VOICE_DEEPFAKE_DETECTION\data\processed\features\yt_0008_part_105.npy,"[128, 126, 1]",float32
yt_0008_part_106,REAL,train,C:\Users\Harish\Downloads\AI deepfake detection\AI_VOICE_DEEPFAKE_DETECTION\data\processed\features\yt_0008_part_106.npy,"[128, 126, 1]",float32
yt_0008_part_108,REAL,train,C:\Users\Harish\Downloads\AI deepfake detection\AI_VOICE_DEEPFAKE_DETECTION\data\processed\features\yt_0008_part_108.npy,"[128, 126, 1]",float32
yt_0008_part_109,REAL,train,C:\Users\Harish\Downloads\AI deepfake detection\AI_VOICE_DEEPFAKE_DETECTION\data\processed\features\yt_0008_part_109.npy,"[128, 126, 1]",float32
yt_0008_part_110,REAL,train,C:\Users\Harish\Downloads\AI deepfake detection\AI_VOICE_DEEPFAKE_DETECTION\data\processed\features\yt_0008_part_110.npy,"[128, 126, 1]",float32
yt_0008_part_112,REAL,train,C:\Users\Harish\Downloads\AI deepfake detection\AI_VOICE_DEEPFAKE_DETECTION\data\processed\features\yt_0008_part_112.npy,"[128, 126, 1]",float32
yt_0008_part_115,REAL,train,C:\Users\Harish\Downloads\AI deepfake detection\AI_VOICE_DEEPFAKE_DETECTION\data\processed\features\yt_0008_part_115.npy,"[128, 126, 1]",float32
yt_0008_part_116,REAL,train,C:\Users\Harish\Downloads\AI deepfake detection\AI_VOICE_DEEPFAKE_DETECTION\data\processed\features\yt_0008_part_116.npy,"[128, 126, 1]",float32
yt_0008_part_118,REAL,train,C:\Users\Harish\Downloads\AI deepfake detection\AI_VOICE_DEEPFAKE_DETECTION\data\processed\features\yt_0008_part_118.npy,"[128, 126, 1]",float32
yt_0008_part_120,REAL,train,C:\Users\Harish\Downloads\AI deepfake detection\AI_VOICE_DEEPFAKE_DETECTION\data\processed\features\yt_0008_part_120.npy,"[128, 126, 1]",float32
yt_0008_part_123,REAL,train,C:\Users\Harish\Downloads\AI deepfake detection\AI_VOICE_DEEPFAKE_DETECTION\data\processed\features\yt_0008_part_123.npy,"[128, 126, 1]",float32
yt_0008_part_125,REAL,train,C:\Users\Harish\Downloads\AI deepfake detection\AI_VOICE_DEEPFAKE_DETECTION\data\processed\features\yt_0008_part_125.npy,"[128, 126, 1]",float32
yt_0008_part_126,REAL,train,C:\Users\Harish\Downloads\AI deepfake detection\AI_VOICE_DEEPFAKE_DETECTION\data\processed\features\yt_0008_part_126.npy,"[128, 126, 1]",float32
yt_0008_part_128,REAL,train,C:\Users\Harish\Downloads\AI deepfake detection\AI_VOICE_DEEPFAKE_DETECTION\data\processed\features\yt_0008_part_128.npy,"[128, 126, 1]",float32
yt_0008_part_132,REAL,train,C:\Users\Harish\Downloads\AI deepfake detection\AI_VOICE_DEEPFAKE_DETECTION\data\processed\features\yt_0008_part_132.npy,"[128, 126, 1]",float32
yt_0008_part_133,REAL,train,C:\Users\Harish\Downloads\AI deepfake detection\AI_VOICE_DEEPFAKE_DETECTION\data\processed\features\yt_0008_part_133.npy,"[128, 126, 1]",float32
yt_0008_part_134,REAL,train,C:\Users\Harish\Downloads\AI deepfake detection\AI_VOICE_DEEPFAKE_DETECTION\data\processed\features\yt_0008_part_134.npy,"[128, 126, 1]",float32
yt_0008_part_136,REAL,train,C:\Users\Harish\Downloads\AI deepfake detection\AI_VOICE_DEEPFAKE_DETECTION\data\processed\features\yt_0008_part_136.npy,"[128, 126, 1]",float32
yt_0008_part_140,REAL,train,C:\Users\Harish\Downloads\AI deepfake detection\AI_VOICE_DEEPFAKE_DETECTION\data\processed\features\yt_0008_part_140.npy,"[128, 126, 1]",float32
yt_0008_part_151,REAL,train,C:\Users\Harish\Downloads\AI deepfake detection\AI_VOICE_DEEPFAKE_DETECTION\data\processed\features\yt_0008_part_151.npy,"[128, 126, 1]",float32
yt_0008_part_153,REAL,train,C:\Users\Harish\Downloads\AI deepfake detection\AI_VOICE_DEEPFAKE_DETECTION\data\processed\features\yt_0008_part_153.npy,"[128, 126, 1]",float32
yt_0008_part_156,REAL,train,C:\Users\Harish\Downloads\AI deepfake detection\AI_VOICE_DEEPFAKE_DETECTION\data\processed\features\yt_0008_part_156.npy,"[128, 126, 1]",float32
yt_0008_part_160,REAL,train,C:\Users\Harish\Downloads\AI deepfake detection\AI_VOICE_DEEPFAKE_DETECTION\data\processed\features\yt_0008_part_160.npy,"[128, 126, 1]",float32
yt_0008_part_162,REAL,train,C:\Users\Harish\Downloads\AI deepfake detection\AI_VOICE_DEEPFAKE_DETECTION\data\processed\features\yt_0008_part_162.npy,"[128, 126, 1]",float32
yt_0008_part_164,REAL,train,C:\Users\Harish\Downloads\AI deepfake detection\AI_VOICE_DEEPFAKE_DETECTION\data\processed\features\yt_0008_part_164.npy,"[128, 126, 1]",float32
yt_0008_part_166,REAL,train,C:\Users\Harish\Downloads\AI deepfake detection\AI_VOICE_DEEPFAKE_DETECTION\data\processed\features\yt_0008_part_166.npy,"[128, 126, 1]",float32
yt_0008_part_167,REAL,train,C:\Users\Harish\Downloads\AI deepfake detection\AI_VOICE_DEEPFAKE_DETECTION\data\processed\features\yt_0008_part_167.npy,"[128, 126, 1]",float32
yt_0008_part_169,REAL,train,C:\Users\Harish\Downloads\AI deepfake detection\AI_VOICE_DEEPFAKE_DETECTION\data\processed\features\yt_0008_part_169.npy,"[128, 126, 1]",float32
yt_0008_part_170,REAL,train,C:\Users\Harish\Downloads\AI deepfake detection\AI_VOICE_DEEPFAKE_DETECTION\data\processed\features\yt_0008_part_170.npy,"[128, 126, 1]",float32
yt_0008_part_180,REAL,train,C:\Users\Harish\Downloads\AI deepfake detection\AI_VOICE_DEEPFAKE_DETECTION\data\processed\features\yt_0008_part_180.npy,"[128, 126, 1]",float32
yt_0008_part_181,REAL,train,C:\Users\Harish\Downloads\AI deepfake detection\AI_VOICE_DEEPFAKE_DETECTION\data\processed\features\yt_0008_part_181.npy,"[128, 126, 1]",float32
yt_0008_part_183,REAL,train,C:\Users\Harish\Downloads\AI deepfake detection\AI_VOICE_DEEPFAKE_DETECTION\data\processed\features\yt_0008_part_183.npy,"[128, 126, 1]",float32
yt_0008_part_184,REAL,train,C:\Users\Harish\Downloads\AI deepfake detection\AI_VOICE_DEEPFAKE_DETECTION\data\processed\features\yt_0008_part_184.npy,"[128, 126, 1]",float32
yt_0008_part_185,REAL,train,C:\Users\Harish\Downloads\AI deepfake detection\AI_VOICE_DEEPFAKE_DETECTION\data\processed\features\yt_0008_part_185.npy,"[128, 126, 1]",float32
yt_0008_part_186,REAL,train,C:\Users\Harish\Downloads\AI deepfake detection\AI_VOICE_DEEPFAKE_DETECTION\data\processed\features\yt_0008_part_186.npy,"[128, 126, 1]",float32
yt_0008_part_187,REAL,train,C:\Users\Harish\Downloads\AI deepfake detection\AI_VOICE_DEEPFAKE_DETECTION\data\processed\features\yt_0008_part_187.npy,"[128, 126, 1]",float32
yt_0008_part_190,REAL,train,C:\Users\Harish\Downloads\AI deepfake detection\AI_VOICE_DEEPFAKE_DETECTION\data\processed\features\yt_0008_part_190.npy,"[128, 126, 1]",float32
yt_0008_part_191,REAL,train,C:\Users\Harish\Downloads\AI deepfake detection\AI_VOICE_DEEPFAKE_DETECTION\data\processed\features\yt_0008_part_191.npy,"[128, 126, 1]",float32
yt_0008_part_192,REAL,train,C:\Users\Harish\Downloads\AI deepfake detection\AI_VOICE_DEEPFAKE_DETECTION\data\processed\features\yt_0008_part_192.npy,"[128, 126, 1]",float32
yt_0008_part_195,REAL,train,C:\Users\Harish\Downloads\AI deepfake detection\AI_VOICE_DEEPFAKE_DETECTION\data\processed\features\yt_0008_part_195.npy,"[128, 126, 1]",float32
yt_0008_part_196,REAL,train,C:\Users\Harish\Downloads\AI deepfake detection\AI_VOICE_DEEPFAKE_DETECTION\data\processed\features\yt_0008_part_196.npy,"[128, 126, 1]",float32
yt_0008_part_197,REAL,train,C:\Users\Harish\Downloads\AI deepfake detection\AI_VOICE_DEEPFAKE_DETECTION\data\processed\features\yt_0008_part_197.npy,"[128, 126, 1]",float32
yt_0008_part_200,REAL,train,C:\Users\Harish\Downloads\AI deepfake detection\AI_VOICE_DEEPFAKE_DETECTION\data\processed\features\yt_0008_part_200.npy,"[128, 126, 1]",float32
yt_0008_part_204,REAL,train,C:\Users\Harish\Downloads\AI deepfake detection\AI_VOICE_DEEPFAKE_DETECTION\data\processed\features\yt_0008_part_204.npy,"[128, 126, 1]",float32
yt_0008_part_205,REAL,train,C:\Users\Harish\Downloads\AI deepfake detection\AI_VOICE_DEEPFAKE_DETECTION\data\processed\features\yt_0008_part_205.npy,"[128, 126, 1]",float32
yt_0008_part_207,REAL,train,C:\Users\Harish\Downloads\AI deepfake detection\AI_VOICE_DEEPFAKE_DETECTION\data\processed\features\yt_0008_part_207.npy,"[128, 126, 1]",float32
yt_0008_part_209,REAL,train,C:\Users\Harish\Downloads\AI deepfake detection\AI_VOICE_DEEPFAKE_DETECTION\data\processed\features\yt_0008_part_209.npy,"[128, 126, 1]",float32
yt_0008_part_211,REAL,train,C:\Users\Harish\Downloads\AI deepfake detection\AI_VOICE_DEEPFAKE_DETECTION\data\processed\features\yt_0008_part_211.npy,"[128, 126, 1]",float32
yt_0008_part_212,REAL,train,C:\Users\Harish\Downloads\AI deepfake detection\AI_VOICE_DEEPFAKE_DETECTION\data\processed\features\yt_0008_part_212.npy,"[128, 126, 1]",float32
yt_0008_part_214,REAL,train,C:\Users\Harish\Downloads\AI deepfake detection\AI_VOICE_DEEPFAKE_DETECTION\data\processed\features\yt_0008_part_214.npy,"[128, 126, 1]",float32
yt_0008_part_215,REAL,train,C:\Users\Harish\Downloads\AI deepfake detection\AI_VOICE_DEEPFAKE_DETECTION\data\processed\features\yt_0008_part_215.npy,"[128, 126, 1]",float32
yt_0008_part_217,REAL,train,C:\Users\Harish\Downloads\AI deepfake detection\AI_VOICE_DEEPFAKE_DETECTION\data\processed\features\yt_0008_part_217.npy,"[128, 126, 1]",float32
yt_0008_part_218,REAL,train,C:\Users\Harish\Downloads\AI deepfake detection\AI_VOICE_DEEPFAKE_DETECTION\data\processed\features\yt_0008_part_218.npy,"[128, 126, 1]",float32
yt_0008_part_220,REAL,train,C:\Users\Harish\Downloads\AI deepfake detection\AI_VOICE_DEEPFAKE_DETECTION\data\processed\features\yt_0008_part_220.npy,"[128, 126, 1]",float32
yt_0008_part_225,REAL,train,C:\Users\Harish\Downloads\AI deepfake detection\AI_VOICE_DEEPFAKE_DETECTION\data\processed\features\yt_0008_part_225.npy,"[128, 126, 1]",float32
yt_0008_part_228,REAL,train,C:\Users\Harish\Downloads\AI deepfake detection\AI_VOICE_DEEPFAKE_DETECTION\data\processed\features\yt_0008_part_228.npy,"[128, 126, 1]",float32
yt_0008_part_229,REAL,train,C:\Users\Harish\Downloads\AI deepfake detection\AI_VOICE_DEEPFAKE_DETECTION\data\processed\features\yt_0008_part_229.npy,"[128, 126, 1]",float32
yt_0008_part_233,REAL,train,C:\Users\Harish\Downloads\AI deepfake detection\AI_VOICE_DEEPFAKE_DETECTION\data\processed\features\yt_0008_part_233.npy,"[128, 126, 1]",float32
yt_0008_part_240,REAL,train,C:\Users\Harish\Downloads\AI deepfake detection\AI_VOICE_DEEPFAKE_DETECTION\data\processed\features\yt_0008_part_240.npy,"[128, 126, 1]",float32
yt_0008_part_241,REAL,train,C:\Users\Harish\Downloads\AI deepfake detection\AI_VOICE_DEEPFAKE_DETECTION\data\processed\features\yt_0008_part_241.npy,"[128, 126, 1]",float32
yt_0008_part_245,REAL,train,C:\Users\Harish\Downloads\AI deepfake detection\AI_VOICE_DEEPFAKE_DETECTION\data\processed\features\yt_0008_part_245.npy,"[128, 126, 1]",float32
yt_0008_part_247,REAL,train,C:\Users\Harish\Downloads\AI deepfake detection\AI_VOICE_DEEPFAKE_DETECTION\data\processed\features\yt_0008_part_247.npy,"[128, 126, 1]",float32
yt_0008_part_250,REAL,train,C:\Users\Harish\Downloads\AI deepfake detection\AI_VOICE_DEEPFAKE_DETECTION\data\processed\features\yt_0008_part_250.npy,"[128, 126, 1]",float32
yt_0008_part_252,REAL,train,C:\Users\Harish\Downloads\AI deepfake detection\AI_VOICE_DEEPFAKE_DETECTION\data\processed\features\yt_0008_part_252.npy,"[128, 126, 1]",float32
yt_0008_part_253,REAL,train,C:\Users\Harish\Downloads\AI deepfake detection\AI_VOICE_DEEPFAKE_DETECTION\data\processed\features\yt_0008_part_253.npy,"[128, 126, 1]",float32
yt_0008_part_256,REAL,train,C:\Users\Harish\Downloads\AI deepfake detection\AI_VOICE_DEEPFAKE_DETECTION\data\processed\features\yt_0008_part_256.npy,"[128, 126, 1]",float32
yt_0009_p2_part_276,REAL,train,C:\Users\Harish\Downloads\AI deepfake detection\AI_VOICE_DEEPFAKE_DETECTION\data\processed\features\yt_0009_p2_part_276.npy,"[128, 126, 1]",float32
yt_0009_p2_part_277,REAL,train,C:\Users\Harish\Downloads\AI deepfake detection\AI_VOICE_DEEPFAKE_DETECTION\data\processed\features\yt_0009_p2_part_277.npy,"[128, 126, 1]",float32
yt_0009_p2_part_279,REAL,train,C:\Users\Harish\Downloads\AI deepfake detection\AI_VOICE_DEEPFAKE_DETECTION\data\processed\features\yt_0009_p2_part_279.npy,"[128, 126, 1]",float32
yt_0009_p2_part_282,REAL,train,C:\Users\Harish\Downloads\AI deepfake detection\AI_VOICE_DEEPFAKE_DETECTION\data\processed\features\yt_0009_p2_part_282.npy,"[128, 126, 1]",float32
yt_0009_part_003,REAL,train,C:\Users\Harish\Downloads\AI deepfake detection\AI_VOICE_DEEPFAKE_DETECTION\data\processed\features\yt_0009_part_003.npy,"[128, 126, 1]",float32
yt_0009_part_004,REAL,train,C:\Users\Harish\Downloads\AI deepfake detection\AI_VOICE_DEEPFAKE_DETECTION\data\processed\features\yt_0009_part_004.npy,"[128, 126, 1]",float32
yt_0009_part_007,REAL,train,C:\Users\Harish\Downloads\AI deepfake detection\AI_VOICE_DEEPFAKE_DETECTION\data\processed\features\yt_0009_part_007.npy,"[128, 126, 1]",float32
yt_0009_part_014,REAL,train,C:\Users\Harish\Downloads\AI deepfake detection\AI_VOICE_DEEPFAKE_DETECTION\data\processed\features\yt_0009_part_014.npy,"[128, 126, 1]",float32
yt_0009_part_015,REAL,train,C:\Users\Harish\Downloads\AI deepfake detection\AI_VOICE_DEEPFAKE_DETECTION\data\processed\features\yt_0009_part_015.npy,"[128, 126, 1]",float32
yt_0009_part_016,REAL,train,C:\Users\Harish\Downloads\AI deepfake detection\AI_VOICE_DEEPFAKE_DETECTION\data\processed\features\yt_0009_part_016.npy,"[128, 126, 1]",float32
yt_0009_part_017,REAL,train,C:\Users\Harish\Downloads\AI deepfake detection\AI_VOICE_DEEPFAKE_DETECTION\data\processed\features\yt_0009_part_017.npy,"[128, 126, 1]",float32
yt_0009_part_018,REAL,train,C:\Users\Harish\Downloads\AI deepfake detection\AI_VOICE_DEEPFAKE_DETECTION\data\processed\features\yt_0009_part_018.npy,"[128, 126, 1]",float32
yt_0009_part_019,REAL,train,C:\Users\Harish\Downloads\AI deepfake detection\AI_VOICE_DEEPFAKE_DETECTION\data\processed\features\yt_0009_part_019.npy,"[128, 126, 1]",float32
yt_0009_part_022,REAL,train,C:\Users\Harish\Downloads\AI deepfake detection\AI_VOICE_DEEPFAKE_DETECTION\data\processed\features\yt_0009_part_022.npy,"[128, 126, 1]",float32
yt_0009_part_024,REAL,train,C:\Users\Harish\Downloads\AI deepfake detection\AI_VOICE_DEEPFAKE_DETECTION\data\processed\features\yt_0009_part_024.npy,"[128, 126, 1]",float32
yt_0009_part_025,REAL,train,C:\Users\Harish\Downloads\AI deepfake detection\AI_VOICE_DEEPFAKE_DETECTION\data\processed\features\yt_0009_part_025.npy,"[128, 126, 1]",float32
yt_0009_part_028,REAL,train,C:\Users\Harish\Downloads\AI deepfake detection\AI_VOICE_DEEPFAKE_DETECTION\data\processed\features\yt_0009_part_028.npy,"[128, 126, 1]",float32
yt_0009_part_032,REAL,train,C:\Users\Harish\Downloads\AI deepfake detection\AI_VOICE_DEEPFAKE_DETECTION\data\processed\features\yt_0009_part_032.npy,"[128, 126, 1]",float32
yt_0009_part_035,REAL,train,C:\Users\Harish\Downloads\AI deepfake detection\AI_VOICE_DEEPFAKE_DETECTION\data\processed\features\yt_0009_part_035.npy,"[128, 126, 1]",float32
yt_0009_part_036,REAL,train,C:\Users\Harish\Downloads\AI deepfake detection\AI_VOICE_DEEPFAKE_DETECTION\data\processed\features\yt_0009_part_036.npy,"[128, 126, 1]",float32
yt_0009_part_037,REAL,train,C:\Users\Harish\Downloads\AI deepfake detection\AI_VOICE_DEEPFAKE_DETECTION\data\processed\features\yt_0009_part_037.npy,"[128, 126, 1]",float32
yt_0009_part_039,REAL,train,C:\Users\Harish\Downloads\AI deepfake detection\AI_VOICE_DEEPFAKE_DETECTION\data\processed\features\yt_0009_part_039.npy,"[128, 126, 1]",float32
yt_0009_part_045,REAL,train,C:\Users\Harish\Downloads\AI deepfake detection\AI_VOICE_DEEPFAKE_DETECTION\data\processed\features\yt_0009_part_045.npy,"[128, 126, 1]",float32
yt_0009_part_047,REAL,train,C:\Users\Harish\Downloads\AI deepfake detection\AI_VOICE_DEEPFAKE_DETECTION\data\processed\features\yt_0009_part_047.npy,"[128, 126, 1]",float32
yt_0009_part_052,REAL,train,C:\Users\Harish\Downloads\AI deepfake detection\AI_VOICE_DEEPFAKE_DETECTION\data\processed\features\yt_0009_part_052.npy,"[128, 126, 1]",float32
yt_0009_part_054,REAL,train,C:\Users\Harish\Downloads\AI deepfake detection\AI_VOICE_DEEPFAKE_DETECTION\data\processed\features\yt_0009_part_054.npy,"[128, 126, 1]",float32
yt_0009_part_055,REAL,train,C:\Users\Harish\Downloads\AI deepfake detection\AI_VOICE_DEEPFAKE_DETECTION\data\processed\features\yt_0009_part_055.npy,"[128, 126, 1]",float32
yt_0009_part_057,REAL,train,C:\Users\Harish\Downloads\AI deepfake detection\AI_VOICE_DEEPFAKE_DETECTION\data\processed\features\yt_0009_part_057.npy,"[128, 126, 1]",float32
yt_0009_part_060,REAL,train,C:\Users\Harish\Downloads\AI deepfake detection\AI_VOICE_DEEPFAKE_DETECTION\data\processed\features\yt_0009_part_060.npy,"[128, 126, 1]",float32
yt_0009_part_063,REAL,train,C:\Users\Harish\Downloads\AI deepfake detection\AI_VOICE_DEEPFAKE_DETECTION\data\processed\features\yt_0009_part_063.npy,"[128, 126, 1]",float32
yt_0009_part_065,REAL,train,C:\Users\Harish\Downloads\AI deepfake detection\AI_VOICE_DEEPFAKE_DETECTION\data\processed\features\yt_0009_part_065.npy,"[128, 126, 1]",float32
yt_0009_part_066,REAL,train,C:\Users\Harish\Downloads\AI deepfake detection\AI_VOICE_DEEPFAKE_DETECTION\data\processed\features\yt_0009_part_066.npy,"[128, 126, 1]",float32
yt_0009_part_067,REAL,train,C:\Users\Harish\Downloads\AI deepfake detection\AI_VOICE_DEEPFAKE_DETECTION\data\processed\features\yt_0009_part_067.npy,"[128, 126, 1]",float32
yt_0009_part_068,REAL,train,C:\Users\Harish\Downloads\AI deepfake detection\AI_VOICE_DEEPFAKE_DETECTION\data\processed\features\yt_0009_part_068.npy,"[128, 126, 1]",float32
yt_0009_part_069,REAL,train,C:\Users\Harish\Downloads\AI deepfake detection\AI_VOICE_DEEPFAKE_DETECTION\data\processed\features\yt_0009_part_069.npy,"[128, 126, 1]",float32
yt_0009_part_070,REAL,train,C:\Users\Harish\Downloads\AI deepfake detection\AI_VOICE_DEEPFAKE_DETECTION\data\processed\features\yt_0009_part_070.npy,"[128, 126, 1]",float32
yt_0009_part_071,REAL,train,C:\Users\Harish\Downloads\AI deepfake detection\AI_VOICE_DEEPFAKE_DETECTION\data\processed\features\yt_0009_part_071.npy,"[128, 126, 1]",float32
yt_0009_part_073,REAL,train,C:\Users\Harish\Downloads\AI deepfake detection\AI_VOICE_DEEPFAKE_DETECTION\data\processed\features\yt_0009_part_073.npy,"[128, 126, 1]",float32
yt_0009_part_074,REAL,train,C:\Users\Harish\Downloads\AI deepfake detection\AI_VOICE_DEEPFAKE_DETECTION\data\processed\features\yt_0009_part_074.npy,"[128, 126, 1]",float32
yt_0009_part_076,REAL,train,C:\Users\Harish\Downloads\AI deepfake detection\AI_VOICE_DEEPFAKE_DETECTION\data\processed\features\yt_0009_part_076.npy,"[128, 126, 1]",float32
yt_0009_part_077,REAL,train,C:\Users\Harish\Downloads\AI deepfake detection\AI_VOICE_DEEPFAKE_DETECTION\data\processed\features\yt_0009_part_077.npy,"[128, 126, 1]",float32
yt_0009_part_078,REAL,train,C:\Users\Harish\Downloads\AI deepfake detection\AI_VOICE_DEEPFAKE_DETECTION\data\processed\features\yt_0009_part_078.npy,"[128, 126, 1]",float32
yt_0009_part_084,REAL,train,C:\Users\Harish\Downloads\AI deepfake detection\AI_VOICE_DEEPFAKE_DETECTION\data\processed\features\yt_0009_part_084.npy,"[128, 126, 1]",float32
yt_0009_part_087,REAL,train,C:\Users\Harish\Downloads\AI deepfake detection\AI_VOICE_DEEPFAKE_DETECTION\data\processed\features\yt_0009_part_087.npy,"[128, 126, 1]",float32
yt_0009_part_090,REAL,train,C:\Users\Harish\Downloads\AI deepfake detection\AI_VOICE_DEEPFAKE_DETECTION\data\processed\features\yt_0009_part_090.npy,"[128, 126, 1]",float32
yt_0009_part_092,REAL,train,C:\Users\Harish\Downloads\AI deepfake detection\AI_VOICE_DEEPFAKE_DETECTION\data\processed\features\yt_0009_part_092.npy,"[128, 126, 1]",float32
yt_0009_part_093,REAL,train,C:\Users\Harish\Downloads\AI deepfake detection\AI_VOICE_DEEPFAKE_DETECTION\data\processed\features\yt_0009_part_093.npy,"[128, 126, 1]",float32
yt_0009_part_100,REAL,train,C:\Users\Harish\Downloads\AI deepfake detection\AI_VOICE_DEEPFAKE_DETECTION\data\processed\features\yt_0009_part_100.npy,"[128, 126, 1]",float32
yt_0009_part_102,REAL,train,C:\Users\Harish\Downloads\AI deepfake detection\AI_VOICE_DEEPFAKE_DETECTION\data\processed\features\yt_0009_part_102.npy,"[128, 126, 1]",float32
yt_0009_part_103,REAL,train,C:\Users\Harish\Downloads\AI deepfake detection\AI_VOICE_DEEPFAKE_DETECTION\data\processed\features\yt_0009_part_103.npy,"[128, 126, 1]",float32
yt_0009_part_104,REAL,train,C:\Users\Harish\Downloads\AI deepfake detection\AI_VOICE_DEEPFAKE_DETECTION\data\processed\features\yt_0009_part_104.npy,"[128, 126, 1]",float32
yt_0009_part_105,REAL,train,C:\Users\Harish\Downloads\AI deepfake detection\AI_VOICE_DEEPFAKE_DETECTION\data\processed\features\yt_0009_part_105.npy,"[128, 126, 1]",float32
yt_0009_part_107,REAL,train,C:\Users\Harish\Downloads\AI deepfake detection\AI_VOICE_DEEPFAKE_DETECTION\data\processed\features\yt_0009_part_107.npy,"[128, 126, 1]",float32
yt_0009_part_110,REAL,train,C:\Users\Harish\Downloads\AI deepfake detection\AI_VOICE_DEEPFAKE_DETECTION\data\processed\features\yt_0009_part_110.npy,"[128, 126, 1]",float32
yt_0009_part_112,REAL,train,C:\Users\Harish\Downloads\AI deepfake detection\AI_VOICE_DEEPFAKE_DETECTION\data\processed\features\yt_0009_part_112.npy,"[128, 126, 1]",float32
yt_0009_part_114,REAL,train,C:\Users\Harish\Downloads\AI deepfake detection\AI_VOICE_DEEPFAKE_DETECTION\data\processed\features\yt_0009_part_114.npy,"[128, 126, 1]",float32
yt_0009_part_117,REAL,train,C:\Users\Harish\Downloads\AI deepfake detection\AI_VOICE_DEEPFAKE_DETECTION\data\processed\features\yt_0009_part_117.npy,"[128, 126, 1]",float32
yt_0009_part_118,REAL,train,C:\Users\Harish\Downloads\AI deepfake detection\AI_VOICE_DEEPFAKE_DETECTION\data\processed\features\yt_0009_part_118.npy,"[128, 126, 1]",float32
yt_0009_part_119,REAL,train,C:\Users\Harish\Downloads\AI deepfake detection\AI_VOICE_DEEPFAKE_DETECTION\data\processed\features\yt_0009_part_119.npy,"[128, 126, 1]",float32
yt_0009_part_120,REAL,train,C:\Users\Harish\Downloads\AI deepfake detection\AI_VOICE_DEEPFAKE_DETECTION\data\processed\features\yt_0009_part_120.npy,"[128, 126, 1]",float32
yt_0009_part_121,REAL,train,C:\Users\Harish\Downloads\AI deepfake detection\AI_VOICE_DEEPFAKE_DETECTION\data\processed\features\yt_0009_part_121.npy,"[128, 126, 1]",float32
yt_0009_part_122,REAL,train,C:\Users\Harish\Downloads\AI deepfake detection\AI_VOICE_DEEPFAKE_DETECTION\data\processed\features\yt_0009_part_122.npy,"[128, 126, 1]",float32
yt_0009_part_127,REAL,train,C:\Users\Harish\Downloads\AI deepfake detection\AI_VOICE_DEEPFAKE_DETECTION\data\processed\features\yt_0009_part_127.npy,"[128, 126, 1]",float32
yt_0009_part_128,REAL,train,C:\Users\Harish\Downloads\AI deepfake detection\AI_VOICE_DEEPFAKE_DETECTION\data\processed\features\yt_0009_part_128.npy,"[128, 126, 1]",float32
yt_0009_part_134,REAL,train,C:\Users\Harish\Downloads\AI deepfake detection\AI_VOICE_DEEPFAKE_DETECTION\data\processed\features\yt_0009_part_134.npy,"[128, 126, 1]",float32
yt_0009_part_136,REAL,train,C:\Users\Harish\Downloads\AI deepfake detection\AI_VOICE_DEEPFAKE_DETECTION\data\processed\features\yt_0009_part_136.npy,"[128, 126, 1]",float32
yt_0009_part_138,REAL,train,C:\Users\Harish\Downloads\AI deepfake detection\AI_VOICE_DEEPFAKE_DETECTION\data\processed\features\yt_0009_part_138.npy,"[128, 126, 1]",float32
yt_0009_part_139,REAL,train,C:\Users\Harish\Downloads\AI deepfake detection\AI_VOICE_DEEPFAKE_DETECTION\data\processed\features\yt_0009_part_139.npy,"[128, 126, 1]",float32
yt_0009_part_143,REAL,train,C:\Users\Harish\Downloads\AI deepfake detection\AI_VOICE_DEEPFAKE_DETECTION\data\processed\features\yt_0009_part_143.npy,"[128, 126, 1]",float32
yt_0009_part_144,REAL,train,C:\Users\Harish\Downloads\AI deepfake detection\AI_VOICE_DEEPFAKE_DETECTION\data\processed\features\yt_0009_part_144.npy,"[128, 126, 1]",float32
yt_0009_part_150,REAL,train,C:\Users\Harish\Downloads\AI deepfake detection\AI_VOICE_DEEPFAKE_DETECTION\data\processed\features\yt_0009_part_150.npy,"[128, 126, 1]",float32
yt_0009_part_152,REAL,train,C:\Users\Harish\Downloads\AI deepfake detection\AI_VOICE_DEEPFAKE_DETECTION\data\processed\features\yt_0009_part_152.npy,"[128, 126, 1]",float32
yt_0009_part_153,REAL,train,C:\Users\Harish\Downloads\AI deepfake detection\AI_VOICE_DEEPFAKE_DETECTION\data\processed\features\yt_0009_part_153.npy,"[128, 126, 1]",float32
yt_0009_part_157,REAL,train,C:\Users\Harish\Downloads\AI deepfake detection\AI_VOICE_DEEPFAKE_DETECTION\data\processed\features\yt_0009_part_157.npy,"[128, 126, 1]",float32
yt_0009_part_161,REAL,train,C:\Users\Harish\Downloads\AI deepfake detection\AI_VOICE_DEEPFAKE_DETECTION\data\processed\features\yt_0009_part_161.npy,"[128, 126, 1]",float32
yt_0009_part_164,REAL,train,C:\Users\Harish\Downloads\AI deepfake detection\AI_VOICE_DEEPFAKE_DETECTION\data\processed\features\yt_0009_part_164.npy,"[128, 126, 1]",float32
yt_0009_part_166,REAL,train,C:\Users\Harish\Downloads\AI deepfake detection\AI_VOICE_DEEPFAKE_DETECTION\data\processed\features\yt_0009_part_166.npy,"[128, 126, 1]",float32
yt_0009_part_167,REAL,train,C:\Users\Harish\Downloads\AI deepfake detection\AI_VOICE_DEEPFAKE_DETECTION\data\processed\features\yt_0009_part_167.npy,"[128, 126, 1]",float32
yt_0009_part_168,REAL,train,C:\Users\Harish\Downloads\AI deepfake detection\AI_VOICE_DEEPFAKE_DETECTION\data\processed\features\yt_0009_part_168.npy,"[128, 126, 1]",float32
yt_0009_part_173,REAL,train,C:\Users\Harish\Downloads\AI deepfake detection\AI_VOICE_DEEPFAKE_DETECTION\data\processed\features\yt_0009_part_173.npy,"[128, 126, 1]",float32
yt_0009_part_174,REAL,train,C:\Users\Harish\Downloads\AI deepfake detection\AI_VOICE_DEEPFAKE_DETECTION\data\processed\features\yt_0009_part_174.npy,"[128, 126, 1]",float32
yt_0009_part_175,REAL,train,C:\Users\Harish\Downloads\AI deepfake detection\AI_VOICE_DEEPFAKE_DETECTION\data\processed\features\yt_0009_part_175.npy,"[128, 126, 1]",float32
yt_0009_part_182,REAL,train,C:\Users\Harish\Downloads\AI deepfake detection\AI_VOICE_DEEPFAKE_DETECTION\data\processed\features\yt_0009_part_182.npy,"[128, 126, 1]",float32
yt_0009_part_186,REAL,train,C:\Users\Harish\Downloads\AI deepfake detection\AI_VOICE_DEEPFAKE_DETECTION\data\processed\features\yt_0009_part_186.npy,"[128, 126, 1]",float32
yt_0009_part_190,REAL,train,C:\Users\Harish\Downloads\AI deepfake detection\AI_VOICE_DEEPFAKE_DETECTION\data\processed\features\yt_0009_part_190.npy,"[128, 126, 1]",float32
yt_0009_part_192,REAL,train,C:\Users\Harish\Downloads\AI deepfake detection\AI_VOICE_DEEPFAKE_DETECTION\data\processed\features\yt_0009_part_192.npy,"[128, 126, 1]",float32
yt_0009_part_195,REAL,train,C:\Users\Harish\Downloads\AI deepfake detection\AI_VOICE_DEEPFAKE_DETECTION\data\processed\features\yt_0009_part_195.npy,"[128, 126, 1]",float32
yt_0009_part_197,REAL,train,C:\Users\Harish\Downloads\AI deepfake detection\AI_VOICE_DEEPFAKE_DETECTION\data\processed\features\yt_0009_part_197.npy,"[128, 126, 1]",float32
yt_0009_part_198,REAL,train,C:\Users\Harish\Downloads\AI deepfake detection\AI_VOICE_DEEPFAKE_DETECTION\data\processed\features\yt_0009_part_198.npy,"[128, 126, 1]",float32
yt_0009_part_199,REAL,train,C:\Users\Harish\Downloads\AI deepfake detection\AI_VOICE_DEEPFAKE_DETECTION\data\processed\features\yt_0009_part_199.npy,"[128, 126, 1]",float32
yt_0009_part_209,REAL,train,C:\Users\Harish\Downloads\AI deepfake detection\AI_VOICE_DEEPFAKE_DETECTION\data\processed\features\yt_0009_part_209.npy,"[128, 126, 1]",float32
yt_0009_part_213,REAL,train,C:\Users\Harish\Downloads\AI deepfake detection\AI_VOICE_DEEPFAKE_DETECTION\data\processed\features\yt_0009_part_213.npy,"[128, 126, 1]",float32
yt_0009_part_214,REAL,train,C:\Users\Harish\Downloads\AI deepfake detection\AI_VOICE_DEEPFAKE_DETECTION\data\processed\features\yt_0009_part_214.npy,"[128, 126, 1]",float32
yt_0009_part_216,REAL,train,C:\Users\Harish\Downloads\AI deepfake detection\AI_VOICE_DEEPFAKE_DETECTION\data\processed\features\yt_0009_part_216.npy,"[128, 126, 1]",float32
yt_0009_part_218,REAL,train,C:\Users\Harish\Downloads\AI deepfake detection\AI_VOICE_DEEPFAKE_DETECTION\data\processed\features\yt_0009_part_218.npy,"[128, 126, 1]",float32
yt_0009_part_219,REAL,train,C:\Users\Harish\Downloads\AI deepfake detection\AI_VOICE_DEEPFAKE_DETECTION\data\processed\features\yt_0009_part_219.npy,"[128, 126, 1]",float32
yt_0009_part_222,REAL,train,C:\Users\Harish\Downloads\AI deepfake detection\AI_VOICE_DEEPFAKE_DETECTION\data\processed\features\yt_0009_part_222.npy,"[128, 126, 1]",float32
yt_0009_part_224,REAL,train,C:\Users\Harish\Downloads\AI deepfake detection\AI_VOICE_DEEPFAKE_DETECTION\data\processed\features\yt_0009_part_224.npy,"[128, 126, 1]",float32
yt_0009_part_225,REAL,train,C:\Users\Harish\Downloads\AI deepfake detection\AI_VOICE_DEEPFAKE_DETECTION\data\processed\features\yt_0009_part_225.npy,"[128, 126, 1]",float32
yt_0009_part_226,REAL,train,C:\Users\Harish\Downloads\AI deepfake detection\AI_VOICE_DEEPFAKE_DETECTION\data\processed\features\yt_0009_part_226.npy,"[128, 126, 1]",float32
yt_0009_part_227,REAL,train,C:\Users\Harish\Downloads\AI deepfake detection\AI_VOICE_DEEPFAKE_DETECTION\data\processed\features\yt_0009_part_227.npy,"[128, 126, 1]",float32
yt_0009_part_229,REAL,train,C:\Users\Harish\Downloads\AI deepfake detection\AI_VOICE_DEEPFAKE_DETECTION\data\processed\features\yt_0009_part_229.npy,"[128, 126, 1]",float32
yt_0009_part_230,REAL,train,C:\Users\Harish\Downloads\AI deepfake detection\AI_VOICE_DEEPFAKE_DETECTION\data\processed\features\yt_0009_part_230.npy,"[128, 126, 1]",float32
yt_0009_part_231,REAL,train,C:\Users\Harish\Downloads\AI deepfake detection\AI_VOICE_DEEPFAKE_DETECTION\data\processed\features\yt_0009_part_231.npy,"[128, 126, 1]",float32
yt_0009_part_235,REAL,train,C:\Users\Harish\Downloads\AI deepfake detection\AI_VOICE_DEEPFAKE_DETECTION\data\processed\features\yt_0009_part_235.npy,"[128, 126, 1]",float32
yt_0009_part_240,REAL,train,C:\Users\Harish\Downloads\AI deepfake detection\AI_VOICE_DEEPFAKE_DETECTION\data\processed\features\yt_0009_part_240.npy,"[128, 126, 1]",float32
yt_0009_part_242,REAL,train,C:\Users\Harish\Downloads\AI deepfake detection\AI_VOICE_DEEPFAKE_DETECTION\data\processed\features\yt_0009_part_242.npy,"[128, 126, 1]",float32
yt_0009_part_243,REAL,train,C:\Users\Harish\Downloads\AI deepfake detection\AI_VOICE_DEEPFAKE_DETECTION\data\processed\features\yt_0009_part_243.npy,"[128, 126, 1]",float32
yt_0009_part_244,REAL,train,C:\Users\Harish\Downloads\AI deepfake detection\AI_VOICE_DEEPFAKE_DETECTION\data\processed\features\yt_0009_part_244.npy,"[128, 126, 1]",float32
yt_0009_part_246,REAL,train,C:\Users\Harish\Downloads\AI deepfake detection\AI_VOICE_DEEPFAKE_DETECTION\data\processed\features\yt_0009_part_246.npy,"[128, 126, 1]",float32
yt_0009_part_249,REAL,train,C:\Users\Harish\Downloads\AI deepfake detection\AI_VOICE_DEEPFAKE_DETECTION\data\processed\features\yt_0009_part_249.npy,"[128, 126, 1]",float32
yt_0009_part_251,REAL,train,C:\Users\Harish\Downloads\AI deepfake detection\AI_VOICE_DEEPFAKE_DETECTION\data\processed\features\yt_0009_part_251.npy,"[128, 126, 1]",float32
yt_0009_part_252,REAL,train,C:\Users\Harish\Downloads\AI deepfake detection\AI_VOICE_DEEPFAKE_DETECTION\data\processed\features\yt_0009_part_252.npy,"[128, 126, 1]",float32
yt_0009_part_253,REAL,train,C:\Users\Harish\Downloads\AI deepfake detection\AI_VOICE_DEEPFAKE_DETECTION\data\processed\features\yt_0009_part_253.npy,"[128, 126, 1]",float32
yt_0009_part_256,REAL,train,C:\Users\Harish\Downloads\AI deepfake detection\AI_VOICE_DEEPFAKE_DETECTION\data\processed\features\yt_0009_part_256.npy,"[128, 126, 1]",float32
yt_0009_part_258,REAL,train,C:\Users\Harish\Downloads\AI deepfake detection\AI_VOICE_DEEPFAKE_DETECTION\data\processed\features\yt_0009_part_258.npy,"[128, 126, 1]",float32
yt_0009_part_262,REAL,train,C:\Users\Harish\Downloads\AI deepfake detection\AI_VOICE_DEEPFAKE_DETECTION\data\processed\features\yt_0009_part_262.npy,"[128, 126, 1]",float32
yt_0009_part_266,REAL,train,C:\Users\Harish\Downloads\AI deepfake detection\AI_VOICE_DEEPFAKE_DETECTION\data\processed\features\yt_0009_part_266.npy,"[128, 126, 1]",float32
yt_0009_part_267,REAL,train,C:\Users\Harish\Downloads\AI deepfake detection\AI_VOICE_DEEPFAKE_DETECTION\data\processed\features\yt_0009_part_267.npy,"[128, 126, 1]",float32
yt_0009_part_268,REAL,train,C:\Users\Harish\Downloads\AI deepfake detection\AI_VOICE_DEEPFAKE_DETECTION\data\processed\features\yt_0009_part_268.npy,"[128, 126, 1]",float32
yt_0009_part_269,REAL,train,C:\Users\Harish\Downloads\AI deepfake detection\AI_VOICE_DEEPFAKE_DETECTION\data\processed\features\yt_0009_part_269.npy,"[128, 126, 1]",float32
yt_0009_part_270,REAL,train,C:\Users\Harish\Downloads\AI deepfake detection\AI_VOICE_DEEPFAKE_DETECTION\data\processed\features\yt_0009_part_270.npy,"[128, 126, 1]",float32
yt_0009_part_271,REAL,train,C:\Users\Harish\Downloads\AI deepfake detection\AI_VOICE_DEEPFAKE_DETECTION\data\processed\features\yt_0009_part_271.npy,"[128, 126, 1]",float32
yt_0009_part_273,REAL,train,C:\Users\Harish\Downloads\AI deepfake detection\AI_VOICE_DEEPFAKE_DETECTION\data\processed\features\yt_0009_part_273.npy,"[128, 126, 1]",float32
yt_0009_part_274,REAL,train,C:\Users\Harish\Downloads\AI deepfake detection\AI_VOICE_DEEPFAKE_DETECTION\data\processed\features\yt_0009_part_274.npy,"[128, 126, 1]",float32
yt_0010_part_003,REAL,train,C:\Users\Harish\Downloads\AI deepfake detection\AI_VOICE_DEEPFAKE_DETECTION\data\processed\features\yt_0010_part_003.npy,"[128, 126, 1]",float32
yt_0010_part_004,REAL,train,C:\Users\Harish\Downloads\AI deepfake detection\AI_VOICE_DEEPFAKE_DETECTION\data\processed\features\yt_0010_part_004.npy,"[128, 126, 1]",float32
yt_0010_part_005,REAL,train,C:\Users\Harish\Downloads\AI deepfake detection\AI_VOICE_DEEPFAKE_DETECTION\data\processed\features\yt_0010_part_005.npy,"[128, 126, 1]",float32
yt_0010_part_006,REAL,train,C:\Users\Harish\Downloads\AI deepfake detection\AI_VOICE_DEEPFAKE_DETECTION\data\processed\features\yt_0010_part_006.npy,"[128, 126, 1]",float32
yt_0010_part_007,REAL,train,C:\Users\Harish\Downloads\AI deepfake detection\AI_VOICE_DEEPFAKE_DETECTION\data\processed\features\yt_0010_part_007.npy,"[128, 126, 1]",float32
yt_0010_part_009,REAL,train,C:\Users\Harish\Downloads\AI deepfake detection\AI_VOICE_DEEPFAKE_DETECTION\data\processed\features\yt_0010_part_009.npy,"[128, 126, 1]",float32
yt_0010_part_010,REAL,train,C:\Users\Harish\Downloads\AI deepfake detection\AI_VOICE_DEEPFAKE_DETECTION\data\processed\features\yt_0010_part_010.npy,"[128, 126, 1]",float32
yt_0010_part_013,REAL,train,C:\Users\Harish\Downloads\AI deepfake detection\AI_VOICE_DEEPFAKE_DETECTION\data\processed\features\yt_0010_part_013.npy,"[128, 126, 1]",float32
yt_0010_part_014,REAL,train,C:\Users\Harish\Downloads\AI deepfake detection\AI_VOICE_DEEPFAKE_DETECTION\data\processed\features\yt_0010_part_014.npy,"[128, 126, 1]",float32
yt_0010_part_016,REAL,train,C:\Users\Harish\Downloads\AI deepfake detection\AI_VOICE_DEEPFAKE_DETECTION\data\processed\features\yt_0010_part_016.npy,"[128, 126, 1]",float32
yt_0010_part_021,REAL,train,C:\Users\Harish\Downloads\AI deepfake detection\AI_VOICE_DEEPFAKE_DETECTION\data\processed\features\yt_0010_part_021.npy,"[128, 126, 1]",float32
yt_0010_part_022,REAL,train,C:\Users\Harish\Downloads\AI deepfake detection\AI_VOICE_DEEPFAKE_DETECTION\data\processed\features\yt_0010_part_022.npy,"[128, 126, 1]",float32
yt_0010_part_023,REAL,train,C:\Users\Harish\Downloads\AI deepfake detection\AI_VOICE_DEEPFAKE_DETECTION\data\processed\features\yt_0010_part_023.npy,"[128, 126, 1]",float32
yt_0010_part_027,REAL,train,C:\Users\Harish\Downloads\AI deepfake detection\AI_VOICE_DEEPFAKE_DETECTION\data\processed\features\yt_0010_part_027.npy,"[128, 126, 1]",float32
yt_0010_part_031,REAL,train,C:\Users\Harish\Downloads\AI deepfake detection\AI_VOICE_DEEPFAKE_DETECTION\data\processed\features\yt_0010_part_031.npy,"[128, 126, 1]",float32
yt_0010_part_035,REAL,train,C:\Users\Harish\Downloads\AI deepfake detection\AI_VOICE_DEEPFAKE_DETECTION\data\processed\features\yt_0010_part_035.npy,"[128, 126, 1]",float32
yt_0010_part_036,REAL,train,C:\Users\Harish\Downloads\AI deepfake detection\AI_VOICE_DEEPFAKE_DETECTION\data\processed\features\yt_0010_part_036.npy,"[128, 126, 1]",float32
yt_0010_part_038,REAL,train,C:\Users\Harish\Downloads\AI deepfake detection\AI_VOICE_DEEPFAKE_DETECTION\data\processed\features\yt_0010_part_038.npy,"[128, 126, 1]",float32
yt_0010_part_039,REAL,train,C:\Users\Harish\Downloads\AI deepfake detection\AI_VOICE_DEEPFAKE_DETECTION\data\processed\features\yt_0010_part_039.npy,"[128, 126, 1]",float32
yt_0010_part_040,REAL,train,C:\Users\Harish\Downloads\AI deepfake detection\AI_VOICE_DEEPFAKE_DETECTION\data\processed\features\yt_0010_part_040.npy,"[128, 126, 1]",float32
yt_0010_part_041,REAL,train,C:\Users\Harish\Downloads\AI deepfake detection\AI_VOICE_DEEPFAKE_DETECTION\data\processed\features\yt_0010_part_041.npy,"[128, 126, 1]",float32
yt_0010_part_043,REAL,train,C:\Users\Harish\Downloads\AI deepfake detection\AI_VOICE_DEEPFAKE_DETECTION\data\processed\features\yt_0010_part_043.npy,"[128, 126, 1]",float32
yt_0010_part_045,REAL,train,C:\Users\Harish\Downloads\AI deepfake detection\AI_VOICE_DEEPFAKE_DETECTION\data\processed\features\yt_0010_part_045.npy,"[128, 126, 1]",float32
yt_0010_part_046,REAL,train,C:\Users\Harish\Downloads\AI deepfake detection\AI_VOICE_DEEPFAKE_DETECTION\data\processed\features\yt_0010_part_046.npy,"[128, 126, 1]",float32
yt_0010_part_047,REAL,train,C:\Users\Harish\Downloads\AI deepfake detection\AI_VOICE_DEEPFAKE_DETECTION\data\processed\features\yt_0010_part_047.npy,"[128, 126, 1]",float32
yt_0010_part_050,REAL,train,C:\Users\Harish\Downloads\AI deepfake detection\AI_VOICE_DEEPFAKE_DETECTION\data\processed\features\yt_0010_part_050.npy,"[128, 126, 1]",float32
yt_0010_part_053,REAL,train,C:\Users\Harish\Downloads\AI deepfake detection\AI_VOICE_DEEPFAKE_DETECTION\data\processed\features\yt_0010_part_053.npy,"[128, 126, 1]",float32
yt_0010_part_055,REAL,train,C:\Users\Harish\Downloads\AI deepfake detection\AI_VOICE_DEEPFAKE_DETECTION\data\processed\features\yt_0010_part_055.npy,"[128, 126, 1]",float32
yt_0011_p2_part_176,REAL,train,C:\Users\Harish\Downloads\AI deepfake detection\AI_VOICE_DEEPFAKE_DETECTION\data\processed\features\yt_0011_p2_part_176.npy,"[128, 126, 1]",float32
yt_0011_p2_part_177,REAL,train,C:\Users\Harish\Downloads\AI deepfake detection\AI_VOICE_DEEPFAKE_DETECTION\data\processed\features\yt_0011_p2_part_177.npy,"[128, 126, 1]",float32
yt_0011_p2_part_178,REAL,train,C:\Users\Harish\Downloads\AI deepfake detection\AI_VOICE_DEEPFAKE_DETECTION\data\processed\features\yt_0011_p2_part_178.npy,"[128, 126, 1]",float32
yt_0011_part_005,REAL,train,C:\Users\Harish\Downloads\AI deepfake detection\AI_VOICE_DEEPFAKE_DETECTION\data\processed\features\yt_0011_part_005.npy,"[128, 126, 1]",float32
yt_0011_part_006,REAL,train,C:\Users\Harish\Downloads\AI deepfake detection\AI_VOICE_DEEPFAKE_DETECTION\data\processed\features\yt_0011_part_006.npy,"[128, 126, 1]",float32
yt_0011_part_009,REAL,train,C:\Users\Harish\Downloads\AI deepfake detection\AI_VOICE_DEEPFAKE_DETECTION\data\processed\features\yt_0011_part_009.npy,"[128, 126, 1]",float32
yt_0011_part_013,REAL,train,C:\Users\Harish\Downloads\AI deepfake detection\AI_VOICE_DEEPFAKE_DETECTION\data\processed\features\yt_0011_part_013.npy,"[128, 126, 1]",float32
yt_0011_part_016,REAL,train,C:\Users\Harish\Downloads\AI deepfake detection\AI_VOICE_DEEPFAKE_DETECTION\data\processed\features\yt_0011_part_016.npy,"[128, 126, 1]",float32
yt_0011_part_017,REAL,train,C:\Users\Harish\Downloads\AI deepfake detection\AI_VOICE_DEEPFAKE_DETECTION\data\processed\features\yt_0011_part_017.npy,"[128, 126, 1]",float32
yt_0011_part_020,REAL,train,C:\Users\Harish\Downloads\AI deepfake detection\AI_VOICE_DEEPFAKE_DETECTION\data\processed\features\yt_0011_part_020.npy,"[128, 126, 1]",float32
yt_0011_part_022,REAL,train,C:\Users\Harish\Downloads\AI deepfake detection\AI_VOICE_DEEPFAKE_DETECTION\data\processed\features\yt_0011_part_022.npy,"[128, 126, 1]",float32
yt_0011_part_023,REAL,train,C:\Users\Harish\Downloads\AI deepfake detection\AI_VOICE_DEEPFAKE_DETECTION\data\processed\features\yt_0011_part_023.npy,"[128, 126, 1]",float32
yt_0011_part_028,REAL,train,C:\Users\Harish\Downloads\AI deepfake detection\AI_VOICE_DEEPFAKE_DETECTION\data\processed\features\yt_0011_part_028.npy,"[128, 126, 1]",float32
yt_0011_part_033,REAL,train,C:\Users\Harish\Downloads\AI deepfake detection\AI_VOICE_DEEPFAKE_DETECTION\data\processed\features\yt_0011_part_033.npy,"[128, 126, 1]",float32
yt_0011_part_034,REAL,train,C:\Users\Harish\Downloads\AI deepfake detection\AI_VOICE_DEEPFAKE_DETECTION\data\processed\features\yt_0011_part_034.npy,"[128, 126, 1]",float32
yt_0011_part_036,REAL,train,C:\Users\Harish\Downloads\AI deepfake detection\AI_VOICE_DEEPFAKE_DETECTION\data\processed\features\yt_0011_part_036.npy,"[128, 126, 1]",float32
yt_0011_part_041,REAL,train,C:\Users\Harish\Downloads\AI deepfake detection\AI_VOICE_DEEPFAKE_DETECTION\data\processed\features\yt_0011_part_041.npy,"[128, 126, 1]",float32
yt_0011_part_042,REAL,train,C:\Users\Harish\Downloads\AI deepfake detection\AI_VOICE_DEEPFAKE_DETECTION\data\processed\features\yt_0011_part_042.npy,"[128, 126, 1]",float32
yt_0011_part_043,REAL,train,C:\Users\Harish\Downloads\AI deepfake detection\AI_VOICE_DEEPFAKE_DETECTION\data\processed\features\yt_0011_part_043.npy,"[128, 126, 1]",float32
yt_0011_part_046,REAL,train,C:\Users\Harish\Downloads\AI deepfake detection\AI_VOICE_DEEPFAKE_DETECTION\data\processed\features\yt_0011_part_046.npy,"[128, 126, 1]",float32
yt_0011_part_048,REAL,train,C:\Users\Harish\Downloads\AI deepfake detection\AI_VOICE_DEEPFAKE_DETECTION\data\processed\features\yt_0011_part_048.npy,"[128, 126, 1]",float32
yt_0011_part_049,REAL,train,C:\Users\Harish\Downloads\AI deepfake detection\AI_VOICE_DEEPFAKE_DETECTION\data\processed\features\yt_0011_part_049.npy,"[128, 126, 1]",float32
yt_0011_part_050,REAL,train,C:\Users\Harish\Downloads\AI deepfake detection\AI_VOICE_DEEPFAKE_DETECTION\data\processed\features\yt_0011_part_050.npy,"[128, 126, 1]",float32
yt_0011_part_054,REAL,train,C:\Users\Harish\Downloads\AI deepfake detection\AI_VOICE_DEEPFAKE_DETECTION\data\processed\features\yt_0011_part_054.npy,"[128, 126, 1]",float32
yt_0011_part_056,REAL,train,C:\Users\Harish\Downloads\AI deepfake detection\AI_VOICE_DEEPFAKE_DETECTION\data\processed\features\yt_0011_part_056.npy,"[128, 126, 1]",float32
yt_0011_part_060,REAL,train,C:\Users\Harish\Downloads\AI deepfake detection\AI_VOICE_DEEPFAKE_DETECTION\data\processed\features\yt_0011_part_060.npy,"[128, 126, 1]",float32
yt_0011_part_064,REAL,train,C:\Users\Harish\Downloads\AI deepfake detection\AI_VOICE_DEEPFAKE_DETECTION\data\processed\features\yt_0011_part_064.npy,"[128, 126, 1]",float32
yt_0011_part_065,REAL,train,C:\Users\Harish\Downloads\AI deepfake detection\AI_VOICE_DEEPFAKE_DETECTION\data\processed\features\yt_0011_part_065.npy,"[128, 126, 1]",float32
yt_0011_part_071,REAL,train,C:\Users\Harish\Downloads\AI deepfake detection\AI_VOICE_DEEPFAKE_DETECTION\data\processed\features\yt_0011_part_071.npy,"[128, 126, 1]",float32
yt_0011_part_073,REAL,train,C:\Users\Harish\Downloads\AI deepfake detection\AI_VOICE_DEEPFAKE_DETECTION\data\processed\features\yt_0011_part_073.npy,"[128, 126, 1]",float32
yt_0011_part_075,REAL,train,C:\Users\Harish\Downloads\AI deepfake detection\AI_VOICE_DEEPFAKE_DETECTION\data\processed\features\yt_0011_part_075.npy,"[128, 126, 1]",float32
yt_0011_part_080,REAL,train,C:\Users\Harish\Downloads\AI deepfake detection\AI_VOICE_DEEPFAKE_DETECTION\data\processed\features\yt_0011_part_080.npy,"[128, 126, 1]",float32
yt_0011_part_083,REAL,train,C:\Users\Harish\Downloads\AI deepfake detection\AI_VOICE_DEEPFAKE_DETECTION\data\processed\features\yt_0011_part_083.npy,"[128, 126, 1]",float32
yt_0011_part_086,REAL,train,C:\Users\Harish\Downloads\AI deepfake detection\AI_VOICE_DEEPFAKE_DETECTION\data\processed\features\yt_0011_part_086.npy,"[128, 126, 1]",float32
yt_0011_part_087,REAL,train,C:\Users\Harish\Downloads\AI deepfake detection\AI_VOICE_DEEPFAKE_DETECTION\data\processed\features\yt_0011_part_087.npy,"[128, 126, 1]",float32
yt_0011_part_088,REAL,train,C:\Users\Harish\Downloads\AI deepfake detection\AI_VOICE_DEEPFAKE_DETECTION\data\processed\features\yt_0011_part_088.npy,"[128, 126, 1]",float32
yt_0011_part_090,REAL,train,C:\Users\Harish\Downloads\AI deepfake detection\AI_VOICE_DEEPFAKE_DETECTION\data\processed\features\yt_0011_part_090.npy,"[128, 126, 1]",float32
yt_0011_part_092,REAL,train,C:\Users\Harish\Downloads\AI deepfake detection\AI_VOICE_DEEPFAKE_DETECTION\data\processed\features\yt_0011_part_092.npy,"[128, 126, 1]",float32
yt_0011_part_096,REAL,train,C:\Users\Harish\Downloads\AI deepfake detection\AI_VOICE_DEEPFAKE_DETECTION\data\processed\features\yt_0011_part_096.npy,"[128, 126, 1]",float32
yt_0011_part_098,REAL,train,C:\Users\Harish\Downloads\AI deepfake detection\AI_VOICE_DEEPFAKE_DETECTION\data\processed\features\yt_0011_part_098.npy,"[128, 126, 1]",float32
yt_0011_part_099,REAL,train,C:\Users\Harish\Downloads\AI deepfake detection\AI_VOICE_DEEPFAKE_DETECTION\data\processed\features\yt_0011_part_099.npy,"[128, 126, 1]",float32
yt_0011_part_102,REAL,train,C:\Users\Harish\Downloads\AI deepfake detection\AI_VOICE_DEEPFAKE_DETECTION\data\processed\features\yt_0011_part_102.npy,"[128, 126, 1]",float32
yt_0011_part_103,REAL,train,C:\Users\Harish\Downloads\AI deepfake detection\AI_VOICE_DEEPFAKE_DETECTION\data\processed\features\yt_0011_part_103.npy,"[128, 126, 1]",float32
yt_0011_part_107,REAL,train,C:\Users\Harish\Downloads\AI deepfake detection\AI_VOICE_DEEPFAKE_DETECTION\data\processed\features\yt_0011_part_107.npy,"[128, 126, 1]",float32
yt_0011_part_109,REAL,train,C:\Users\Harish\Downloads\AI deepfake detection\AI_VOICE_DEEPFAKE_DETECTION\data\processed\features\yt_0011_part_109.npy,"[128, 126, 1]",float32
yt_0011_part_112,REAL,train,C:\Users\Harish\Downloads\AI deepfake detection\AI_VOICE_DEEPFAKE_DETECTION\data\processed\features\yt_0011_part_112.npy,"[128, 126, 1]",float32
yt_0011_part_115,REAL,train,C:\Users\Harish\Downloads\AI deepfake detection\AI_VOICE_DEEPFAKE_DETECTION\data\processed\features\yt_0011_part_115.npy,"[128, 126, 1]",float32
yt_0011_part_116,REAL,train,C:\Users\Harish\Downloads\AI deepfake detection\AI_VOICE_DEEPFAKE_DETECTION\data\processed\features\yt_0011_part_116.npy,"[128, 126, 1]",float32
yt_0011_part_117,REAL,train,C:\Users\Harish\Downloads\AI deepfake detection\AI_VOICE_DEEPFAKE_DETECTION\data\processed\features\yt_0011_part_117.npy,"[128, 126, 1]",float32
yt_0011_part_118,REAL,train,C:\Users\Harish\Downloads\AI deepfake detection\AI_VOICE_DEEPFAKE_DETECTION\data\processed\features\yt_0011_part_118.npy,"[128, 126, 1]",float32
yt_0011_part_121,REAL,train,C:\Users\Harish\Downloads\AI deepfake detection\AI_VOICE_DEEPFAKE_DETECTION\data\processed\features\yt_0011_part_121.npy,"[128, 126, 1]",float32
yt_0011_part_122,REAL,train,C:\Users\Harish\Downloads\AI deepfake detection\AI_VOICE_DEEPFAKE_DETECTION\data\processed\features\yt_0011_part_122.npy,"[128, 126, 1]",float32
yt_0011_part_127,REAL,train,C:\Users\Harish\Downloads\AI deepfake detection\AI_VOICE_DEEPFAKE_DETECTION\data\processed\features\yt_0011_part_127.npy,"[128, 126, 1]",float32
yt_0011_part_128,REAL,train,C:\Users\Harish\Downloads\AI deepfake detection\AI_VOICE_DEEPFAKE_DETECTION\data\processed\features\yt_0011_part_128.npy,"[128, 126, 1]",float32
yt_0011_part_135,REAL,train,C:\Users\Harish\Downloads\AI deepfake detection\AI_VOICE_DEEPFAKE_DETECTION\data\processed\features\yt_0011_part_135.npy,"[128, 126, 1]",float32
yt_0011_part_136,REAL,train,C:\Users\Harish\Downloads\AI deepfake detection\AI_VOICE_DEEPFAKE_DETECTION\data\processed\features\yt_0011_part_136.npy,"[128, 126, 1]",float32
yt_0011_part_139,REAL,train,C:\Users\Harish\Downloads\AI deepfake detection\AI_VOICE_DEEPFAKE_DETECTION\data\processed\features\yt_0011_part_139.npy,"[128, 126, 1]",float32
yt_0011_part_141,REAL,train,C:\Users\Harish\Downloads\AI deepfake detection\AI_VOICE_DEEPFAKE_DETECTION\data\processed\features\yt_0011_part_141.npy,"[128, 126, 1]",float32
yt_0011_part_142,REAL,train,C:\Users\Harish\Downloads\AI deepfake detection\AI_VOICE_DEEPFAKE_DETECTION\data\processed\features\yt_0011_part_142.npy,"[128, 126, 1]",float32
yt_0011_part_144,REAL,train,C:\Users\Harish\Downloads\AI deepfake detection\AI_VOICE_DEEPFAKE_DETECTION\data\processed\features\yt_0011_part_144.npy,"[128, 126, 1]",float32
yt_0011_part_146,REAL,train,C:\Users\Harish\Downloads\AI deepfake detection\AI_VOICE_DEEPFAKE_DETECTION\data\processed\features\yt_0011_part_146.npy,"[128, 126, 1]",float32
yt_0011_part_150,REAL,train,C:\Users\Harish\Downloads\AI deepfake detection\AI_VOICE_DEEPFAKE_DETECTION\data\processed\features\yt_0011_part_150.npy,"[128, 126, 1]",float32
yt_0011_part_151,REAL,train,C:\Users\Harish\Downloads\AI deepfake detection\AI_VOICE_DEEPFAKE_DETECTION\data\processed\features\yt_0011_part_151.npy,"[128, 126, 1]",float32
yt_0011_part_153,REAL,train,C:\Users\Harish\Downloads\AI deepfake detection\AI_VOICE_DEEPFAKE_DETECTION\data\processed\features\yt_0011_part_153.npy,"[128, 126, 1]",float32
yt_0011_part_156,REAL,train,C:\Users\Harish\Downloads\AI deepfake detection\AI_VOICE_DEEPFAKE_DETECTION\data\processed\features\yt_0011_part_156.npy,"[128, 126, 1]",float32
yt_0011_part_159,REAL,train,C:\Users\Harish\Downloads\AI deepfake detection\AI_VOICE_DEEPFAKE_DETECTION\data\processed\features\yt_0011_part_159.npy,"[128, 126, 1]",float32
yt_0011_part_161,REAL,train,C:\Users\Harish\Downloads\AI deepfake detection\AI_VOICE_DEEPFAKE_DETECTION\data\processed\features\yt_0011_part_161.npy,"[128, 126, 1]",float32
yt_0011_part_163,REAL,train,C:\Users\Harish\Downloads\AI deepfake detection\AI_VOICE_DEEPFAKE_DETECTION\data\processed\features\yt_0011_part_163.npy,"[128, 126, 1]",float32
yt_0011_part_165,REAL,train,C:\Users\Harish\Downloads\AI deepfake detection\AI_VOICE_DEEPFAKE_DETECTION\data\processed\features\yt_0011_part_165.npy,"[128, 126, 1]",float32
yt_0011_part_166,REAL,train,C:\Users\Harish\Downloads\AI deepfake detection\AI_VOICE_DEEPFAKE_DETECTION\data\processed\features\yt_0011_part_166.npy,"[128, 126, 1]",float32
yt_0011_part_167,REAL,train,C:\Users\Harish\Downloads\AI deepfake detection\AI_VOICE_DEEPFAKE_DETECTION\data\processed\features\yt_0011_part_167.npy,"[128, 126, 1]",float32
yt_0011_part_168,REAL,train,C:\Users\Harish\Downloads\AI deepfake detection\AI_VOICE_DEEPFAKE_DETECTION\data\processed\features\yt_0011_part_168.npy,"[128, 126, 1]",float32
yt_0011_part_173,REAL,train,C:\Users\Harish\Downloads\AI deepfake detection\AI_VOICE_DEEPFAKE_DETECTION\data\processed\features\yt_0011_part_173.npy,"[128, 126, 1]",float32
yt_0012_p2_part_173,REAL,train,C:\Users\Harish\Downloads\AI deepfake detection\AI_VOICE_DEEPFAKE_DETECTION\data\processed\features\yt_0012_p2_part_173.npy,"[128, 126, 1]",float32
yt_0012_p2_part_174,REAL,train,C:\Users\Harish\Downloads\AI deepfake detection\AI_VOICE_DEEPFAKE_DETECTION\data\processed\features\yt_0012_p2_part_174.npy,"[128, 126, 1]",float32
yt_0012_p2_part_176,REAL,train,C:\Users\Harish\Downloads\AI deepfake detection\AI_VOICE_DEEPFAKE_DETECTION\data\processed\features\yt_0012_p2_part_176.npy,"[128, 126, 1]",float32
yt_0012_part_002,REAL,train,C:\Users\Harish\Downloads\AI deepfake detection\AI_VOICE_DEEPFAKE_DETECTION\data\processed\features\yt_0012_part_002.npy,"[128, 126, 1]",float32
yt_0012_part_005,REAL,train,C:\Users\Harish\Downloads\AI deepfake detection\AI_VOICE_DEEPFAKE_DETECTION\data\processed\features\yt_0012_part_005.npy,"[128, 126, 1]",float32
yt_0012_part_006,REAL,train,C:\Users\Harish\Downloads\AI deepfake detection\AI_VOICE_DEEPFAKE_DETECTION\data\processed\features\yt_0012_part_006.npy,"[128, 126, 1]",float32
yt_0012_part_007,REAL,train,C:\Users\Harish\Downloads\AI deepfake detection\AI_VOICE_DEEPFAKE_DETECTION\data\processed\features\yt_0012_part_007.npy,"[128, 126, 1]",float32
yt_0012_part_015,REAL,train,C:\Users\Harish\Downloads\AI deepfake detection\AI_VOICE_DEEPFAKE_DETECTION\data\processed\features\yt_0012_part_015.npy,"[128, 126, 1]",float32
yt_0012_part_016,REAL,train,C:\Users\Harish\Downloads\AI deepfake detection\AI_VOICE_DEEPFAKE_DETECTION\data\processed\features\yt_0012_part_016.npy,"[128, 126, 1]",float32
yt_0012_part_022,REAL,train,C:\Users\Harish\Downloads\AI deepfake detection\AI_VOICE_DEEPFAKE_DETECTION\data\processed\features\yt_0012_part_022.npy,"[128, 126, 1]",float32
yt_0012_part_023,REAL,train,C:\Users\Harish\Downloads\AI deepfake detection\AI_VOICE_DEEPFAKE_DETECTION\data\processed\features\yt_0012_part_023.npy,"[128, 126, 1]",float32
yt_0012_part_027,REAL,train,C:\Users\Harish\Downloads\AI deepfake detection\AI_VOICE_DEEPFAKE_DETECTION\data\processed\features\yt_0012_part_027.npy,"[128, 126, 1]",float32
yt_0012_part_030,REAL,train,C:\Users\Harish\Downloads\AI deepfake detection\AI_VOICE_DEEPFAKE_DETECTION\data\processed\features\yt_0012_part_030.npy,"[128, 126, 1]",float32
yt_0012_part_034,REAL,train,C:\Users\Harish\Downloads\AI deepfake detection\AI_VOICE_DEEPFAKE_DETECTION\data\processed\features\yt_0012_part_034.npy,"[128, 126, 1]",float32
yt_0012_part_038,REAL,train,C:\Users\Harish\Downloads\AI deepfake detection\AI_VOICE_DEEPFAKE_DETECTION\data\processed\features\yt_0012_part_038.npy,"[128, 126, 1]",float32
yt_0012_part_039,REAL,train,C:\Users\Harish\Downloads\AI deepfake detection\AI_VOICE_DEEPFAKE_DETECTION\data\processed\features\yt_0012_part_039.npy,"[128, 126, 1]",float32
yt_0012_part_041,REAL,train,C:\Users\Harish\Downloads\AI deepfake detection\AI_VOICE_DEEPFAKE_DETECTION\data\processed\features\yt_0012_part_041.npy,"[128, 126, 1]",float32
yt_0012_part_042,REAL,train,C:\Users\Harish\Downloads\AI deepfake detection\AI_VOICE_DEEPFAKE_DETECTION\data\processed\features\yt_0012_part_042.npy,"[128, 126, 1]",float32
yt_0012_part_043,REAL,train,C:\Users\Harish\Downloads\AI deepfake detection\AI_VOICE_DEEPFAKE_DETECTION\data\processed\features\yt_0012_part_043.npy,"[128, 126, 1]",float32
yt_0012_part_050,REAL,train,C:\Users\Harish\Downloads\AI deepfake detection\AI_VOICE_DEEPFAKE_DETECTION\data\processed\features\yt_0012_part_050.npy,"[128, 126, 1]",float32
yt_0012_part_059,REAL,train,C:\Users\Harish\Downloads\AI deepfake detection\AI_VOICE_DEEPFAKE_DETECTION\data\processed\features\yt_0012_part_059.npy,"[128, 126, 1]",float32
yt_0012_part_061,REAL,train,C:\Users\Harish\Downloads\AI deepfake detection\AI_VOICE_DEEPFAKE_DETECTION\data\processed\features\yt_0012_part_061.npy,"[128, 126, 1]",float32
yt_0012_part_062,REAL,train,C:\Users\Harish\Downloads\AI deepfake detection\AI_VOICE_DEEPFAKE_DETECTION\data\processed\features\yt_0012_part_062.npy,"[128, 126, 1]",float32
yt_0012_part_066,REAL,train,C:\Users\Harish\Downloads\AI deepfake detection\AI_VOICE_DEEPFAKE_DETECTION\data\processed\features\yt_0012_part_066.npy,"[128, 126, 1]",float32
yt_0012_part_069,REAL,train,C:\Users\Harish\Downloads\AI deepfake detection\AI_VOICE_DEEPFAKE_DETECTION\data\processed\features\yt_0012_part_069.npy,"[128, 126, 1]",float32
yt_0012_part_070,REAL,train,C:\Users\Harish\Downloads\AI deepfake detection\AI_VOICE_DEEPFAKE_DETECTION\data\processed\features\yt_0012_part_070.npy,"[128, 126, 1]",float32
yt_0012_part_071,REAL,train,C:\Users\Harish\Downloads\AI deepfake detection\AI_VOICE_DEEPFAKE_DETECTION\data\processed\features\yt_0012_part_071.npy,"[128, 126, 1]",float32
yt_0012_part_073,REAL,train,C:\Users\Harish\Downloads\AI deepfake detection\AI_VOICE_DEEPFAKE_DETECTION\data\processed\features\yt_0012_part_073.npy,"[128, 126, 1]",float32
yt_0012_part_074,REAL,train,C:\Users\Harish\Downloads\AI deepfake detection\AI_VOICE_DEEPFAKE_DETECTION\data\processed\features\yt_0012_part_074.npy,"[128, 126, 1]",float32
yt_0012_part_080,REAL,train,C:\Users\Harish\Downloads\AI deepfake detection\AI_VOICE_DEEPFAKE_DETECTION\data\processed\features\yt_0012_part_080.npy,"[128, 126, 1]",float32
yt_0012_part_082,REAL,train,C:\Users\Harish\Downloads\AI deepfake detection\AI_VOICE_DEEPFAKE_DETECTION\data\processed\features\yt_0012_part_082.npy,"[128, 126, 1]",float32
yt_0012_part_083,REAL,train,C:\Users\Harish\Downloads\AI deepfake detection\AI_VOICE_DEEPFAKE_DETECTION\data\processed\features\yt_0012_part_083.npy,"[128, 126, 1]",float32
yt_0012_part_084,REAL,train,C:\Users\Harish\Downloads\AI deepfake detection\AI_VOICE_DEEPFAKE_DETECTION\data\processed\features\yt_0012_part_084.npy,"[128, 126, 1]",float32
yt_0012_part_086,REAL,train,C:\Users\Harish\Downloads\AI deepfake detection\AI_VOICE_DEEPFAKE_DETECTION\data\processed\features\yt_0012_part_086.npy,"[128, 126, 1]",float32
yt_0012_part_087,REAL,train,C:\Users\Harish\Downloads\AI deepfake detection\AI_VOICE_DEEPFAKE_DETECTION\data\processed\features\yt_0012_part_087.npy,"[128, 126, 1]",float32
yt_0012_part_088,REAL,train,C:\Users\Harish\Downloads\AI deepfake detection\AI_VOICE_DEEPFAKE_DETECTION\data\processed\features\yt_0012_part_088.npy,"[128, 126, 1]",float32
yt_0012_part_091,REAL,train,C:\Users\Harish\Downloads\AI deepfake detection\AI_VOICE_DEEPFAKE_DETECTION\data\processed\features\yt_0012_part_091.npy,"[128, 126, 1]",float32
yt_0012_part_093,REAL,train,C:\Users\Harish\Downloads\AI deepfake detection\AI_VOICE_DEEPFAKE_DETECTION\data\processed\features\yt_0012_part_093.npy,"[128, 126, 1]",float32
yt_0012_part_094,REAL,train,C:\Users\Harish\Downloads\AI deepfake detection\AI_VOICE_DEEPFAKE_DETECTION\data\processed\features\yt_0012_part_094.npy,"[128, 126, 1]",float32
yt_0012_part_095,REAL,train,C:\Users\Harish\Downloads\AI deepfake detection\AI_VOICE_DEEPFAKE_DETECTION\data\processed\features\yt_0012_part_095.npy,"[128, 126, 1]",float32
yt_0012_part_096,REAL,train,C:\Users\Harish\Downloads\AI deepfake detection\AI_VOICE_DEEPFAKE_DETECTION\data\processed\features\yt_0012_part_096.npy,"[128, 126, 1]",float32
yt_0012_part_097,REAL,train,C:\Users\Harish\Downloads\AI deepfake detection\AI_VOICE_DEEPFAKE_DETECTION\data\processed\features\yt_0012_part_097.npy,"[128, 126, 1]",float32
yt_0012_part_098,REAL,train,C:\Users\Harish\Downloads\AI deepfake detection\AI_VOICE_DEEPFAKE_DETECTION\data\processed\features\yt_0012_part_098.npy,"[128, 126, 1]",float32
yt_0012_part_100,REAL,train,C:\Users\Harish\Downloads\AI deepfake detection\AI_VOICE_DEEPFAKE_DETECTION\data\processed\features\yt_0012_part_100.npy,"[128, 126, 1]",float32
yt_0012_part_103,REAL,train,C:\Users\Harish\Downloads\AI deepfake detection\AI_VOICE_DEEPFAKE_DETECTION\data\processed\features\yt_0012_part_103.npy,"[128, 126, 1]",float32
yt_0012_part_105,REAL,train,C:\Users\Harish\Downloads\AI deepfake detection\AI_VOICE_DEEPFAKE_DETECTION\data\processed\features\yt_0012_part_105.npy,"[128, 126, 1]",float32
yt_0012_part_108,REAL,train,C:\Users\Harish\Downloads\AI deepfake detection\AI_VOICE_DEEPFAKE_DETECTION\data\processed\features\yt_0012_part_108.npy,"[128, 126, 1]",float32
yt_0012_part_109,REAL,train,C:\Users\Harish\Downloads\AI deepfake detection\AI_VOICE_DEEPFAKE_DETECTION\data\processed\features\yt_0012_part_109.npy,"[128, 126, 1]",float32
yt_0012_part_111,REAL,train,C:\Users\Harish\Downloads\AI deepfake detection\AI_VOICE_DEEPFAKE_DETECTION\data\processed\features\yt_0012_part_111.npy,"[128, 126, 1]",float32
yt_0012_part_112,REAL,train,C:\Users\Harish\Downloads\AI deepfake detection\AI_VOICE_DEEPFAKE_DETECTION\data\processed\features\yt_0012_part_112.npy,"[128, 126, 1]",float32
yt_0012_part_115,REAL,train,C:\Users\Harish\Downloads\AI deepfake detection\AI_VOICE_DEEPFAKE_DETECTION\data\processed\features\yt_0012_part_115.npy,"[128, 126, 1]",float32
yt_0012_part_121,REAL,train,C:\Users\Harish\Downloads\AI deepfake detection\AI_VOICE_DEEPFAKE_DETECTION\data\processed\features\yt_0012_part_121.npy,"[128, 126, 1]",float32
yt_0012_part_124,REAL,train,C:\Users\Harish\Downloads\AI deepfake detection\AI_VOICE_DEEPFAKE_DETECTION\data\processed\features\yt_0012_part_124.npy,"[128, 126, 1]",float32
yt_0012_part_126,REAL,train,C:\Users\Harish\Downloads\AI deepfake detection\AI_VOICE_DEEPFAKE_DETECTION\data\processed\features\yt_0012_part_126.npy,"[128, 126, 1]",float32
yt_0012_part_128,REAL,train,C:\Users\Harish\Downloads\AI deepfake detection\AI_VOICE_DEEPFAKE_DETECTION\data\processed\features\yt_0012_part_128.npy,"[128, 126, 1]",float32
yt_0012_part_130,REAL,train,C:\Users\Harish\Downloads\AI deepfake detection\AI_VOICE_DEEPFAKE_DETECTION\data\processed\features\yt_0012_part_130.npy,"[128, 126, 1]",float32
yt_0012_part_131,REAL,train,C:\Users\Harish\Downloads\AI deepfake detection\AI_VOICE_DEEPFAKE_DETECTION\data\processed\features\yt_0012_part_131.npy,"[128, 126, 1]",float32
yt_0012_part_136,REAL,train,C:\Users\Harish\Downloads\AI deepfake detection\AI_VOICE_DEEPFAKE_DETECTION\data\processed\features\yt_0012_part_136.npy,"[128, 126, 1]",float32
yt_0012_part_137,REAL,train,C:\Users\Harish\Downloads\AI deepfake detection\AI_VOICE_DEEPFAKE_DETECTION\data\processed\features\yt_0012_part_137.npy,"[128, 126, 1]",float32
yt_0012_part_138,REAL,train,C:\Users\Harish\Downloads\AI deepfake detection\AI_VOICE_DEEPFAKE_DETECTION\data\processed\features\yt_0012_part_138.npy,"[128, 126, 1]",float32
yt_0012_part_140,REAL,train,C:\Users\Harish\Downloads\AI deepfake detection\AI_VOICE_DEEPFAKE_DETECTION\data\processed\features\yt_0012_part_140.npy,"[128, 126, 1]",float32
yt_0012_part_143,REAL,train,C:\Users\Harish\Downloads\AI deepfake detection\AI_VOICE_DEEPFAKE_DETECTION\data\processed\features\yt_0012_part_143.npy,"[128, 126, 1]",float32
yt_0012_part_148,REAL,train,C:\Users\Harish\Downloads\AI deepfake detection\AI_VOICE_DEEPFAKE_DETECTION\data\processed\features\yt_0012_part_148.npy,"[128, 126, 1]",float32
yt_0012_part_149,REAL,train,C:\Users\Harish\Downloads\AI deepfake detection\AI_VOICE_DEEPFAKE_DETECTION\data\processed\features\yt_0012_part_149.npy,"[128, 126, 1]",float32
yt_0012_part_153,REAL,train,C:\Users\Harish\Downloads\AI deepfake detection\AI_VOICE_DEEPFAKE_DETECTION\data\processed\features\yt_0012_part_153.npy,"[128, 126, 1]",float32
yt_0012_part_154,REAL,train,C:\Users\Harish\Downloads\AI deepfake detection\AI_VOICE_DEEPFAKE_DETECTION\data\processed\features\yt_0012_part_154.npy,"[128, 126, 1]",float32
yt_0012_part_159,REAL,train,C:\Users\Harish\Downloads\AI deepfake detection\AI_VOICE_DEEPFAKE_DETECTION\data\processed\features\yt_0012_part_159.npy,"[128, 126, 1]",float32
yt_0012_part_160,REAL,train,C:\Users\Harish\Downloads\AI deepfake detection\AI_VOICE_DEEPFAKE_DETECTION\data\processed\features\yt_0012_part_160.npy,"[128, 126, 1]",float32
yt_0012_part_161,REAL,train,C:\Users\Harish\Downloads\AI deepfake detection\AI_VOICE_DEEPFAKE_DETECTION\data\processed\features\yt_0012_part_161.npy,"[128, 126, 1]",float32
yt_0012_part_165,REAL,train,C:\Users\Harish\Downloads\AI deepfake detection\AI_VOICE_DEEPFAKE_DETECTION\data\processed\features\yt_0012_part_165.npy,"[128, 126, 1]",float32
yt_0012_part_167,REAL,train,C:\Users\Harish\Downloads\AI deepfake detection\AI_VOICE_DEEPFAKE_DETECTION\data\processed\features\yt_0012_part_167.npy,"[128, 126, 1]",float32
yt_0012_part_169,REAL,train,C:\Users\Harish\Downloads\AI deepfake detection\AI_VOICE_DEEPFAKE_DETECTION\data\processed\features\yt_0012_part_169.npy,"[128, 126, 1]",float32
yt_0012_part_170,REAL,train,C:\Users\Harish\Downloads\AI deepfake detection\AI_VOICE_DEEPFAKE_DETECTION\data\processed\features\yt_0012_part_170.npy,"[128, 126, 1]",float32
yt_0013_p2_part_113,REAL,train,C:\Users\Harish\Downloads\AI deepfake detection\AI_VOICE_DEEPFAKE_DETECTION\data\processed\features\yt_0013_p2_part_113.npy,"[128, 126, 1]",float32
yt_0013_part_003,REAL,train,C:\Users\Harish\Downloads\AI deepfake detection\AI_VOICE_DEEPFAKE_DETECTION\data\processed\features\yt_0013_part_003.npy,"[128, 126, 1]",float32
yt_0013_part_004,REAL,train,C:\Users\Harish\Downloads\AI deepfake detection\AI_VOICE_DEEPFAKE_DETECTION\data\processed\features\yt_0013_part_004.npy,"[128, 126, 1]",float32
yt_0013_part_005,REAL,train,C:\Users\Harish\Downloads\AI deepfake detection\AI_VOICE_DEEPFAKE_DETECTION\data\processed\features\yt_0013_part_005.npy,"[128, 126, 1]",float32
yt_0013_part_008,REAL,train,C:\Users\Harish\Downloads\AI deepfake detection\AI_VOICE_DEEPFAKE_DETECTION\data\processed\features\yt_0013_part_008.npy,"[128, 126, 1]",float32
yt_0013_part_011,REAL,train,C:\Users\Harish\Downloads\AI deepfake detection\AI_VOICE_DEEPFAKE_DETECTION\data\processed\features\yt_0013_part_011.npy,"[128, 126, 1]",float32
yt_0013_part_012,REAL,train,C:\Users\Harish\Downloads\AI deepfake detection\AI_VOICE_DEEPFAKE_DETECTION\data\processed\features\yt_0013_part_012.npy,"[128, 126, 1]",float32
yt_0013_part_013,REAL,train,C:\Users\Harish\Downloads\AI deepfake detection\AI_VOICE_DEEPFAKE_DETECTION\data\processed\features\yt_0013_part_013.npy,"[128, 126, 1]",float32
yt_0013_part_014,REAL,train,C:\Users\Harish\Downloads\AI deepfake detection\AI_VOICE_DEEPFAKE_DETECTION\data\processed\features\yt_0013_part_014.npy,"[128, 126, 1]",float32
yt_0013_part_017,REAL,train,C:\Users\Harish\Downloads\AI deepfake detection\AI_VOICE_DEEPFAKE_DETECTION\data\processed\features\yt_0013_part_017.npy,"[128, 126, 1]",float32
yt_0013_part_018,REAL,train,C:\Users\Harish\Downloads\AI deepfake detection\AI_VOICE_DEEPFAKE_DETECTION\data\processed\features\yt_0013_part_018.npy,"[128, 126, 1]",float32
yt_0013_part_022,REAL,train,C:\Users\Harish\Downloads\AI deepfake detection\AI_VOICE_DEEPFAKE_DETECTION\data\processed\features\yt_0013_part_022.npy,"[128, 126, 1]",float32
yt_0013_part_023,REAL,train,C:\Users\Harish\Downloads\AI deepfake detection\AI_VOICE_DEEPFAKE_DETECTION\data\processed\features\yt_0013_part_023.npy,"[128, 126, 1]",float32
yt_0013_part_025,REAL,train,C:\Users\Harish\Downloads\AI deepfake detection\AI_VOICE_DEEPFAKE_DETECTION\data\processed\features\yt_0013_part_025.npy,"[128, 126, 1]",float32
yt_0013_part_027,REAL,train,C:\Users\Harish\Downloads\AI deepfake detection\AI_VOICE_DEEPFAKE_DETECTION\data\processed\features\yt_0013_part_027.npy,"[128, 126, 1]",float32
yt_0013_part_029,REAL,train,C:\Users\Harish\Downloads\AI deepfake detection\AI_VOICE_DEEPFAKE_DETECTION\data\processed\features\yt_0013_part_029.npy,"[128, 126, 1]",float32
yt_0013_part_030,REAL,train,C:\Users\Harish\Downloads\AI deepfake detection\AI_VOICE_DEEPFAKE_DETECTION\data\processed\features\yt_0013_part_030.npy,"[128, 126, 1]",float32
yt_0013_part_032,REAL,train,C:\Users\Harish\Downloads\AI deepfake detection\AI_VOICE_DEEPFAKE_DETECTION\data\processed\features\yt_0013_part_032.npy,"[128, 126, 1]",float32
yt_0013_part_035,REAL,train,C:\Users\Harish\Downloads\AI deepfake detection\AI_VOICE_DEEPFAKE_DETECTION\data\processed\features\yt_0013_part_035.npy,"[128, 126, 1]",float32
yt_0013_part_036,REAL,train,C:\Users\Harish\Downloads\AI deepfake detection\AI_VOICE_DEEPFAKE_DETECTION\data\processed\features\yt_0013_part_036.npy,"[128, 126, 1]",float32
yt_0013_part_038,REAL,train,C:\Users\Harish\Downloads\AI deepfake detection\AI_VOICE_DEEPFAKE_DETECTION\data\processed\features\yt_0013_part_038.npy,"[128, 126, 1]",float32
yt_0013_part_042,REAL,train,C:\Users\Harish\Downloads\AI deepfake detection\AI_VOICE_DEEPFAKE_DETECTION\data\processed\features\yt_0013_part_042.npy,"[128, 126, 1]",float32
yt_0013_part_043,REAL,train,C:\Users\Harish\Downloads\AI deepfake detection\AI_VOICE_DEEPFAKE_DETECTION\data\processed\features\yt_0013_part_043.npy,"[128, 126, 1]",float32
yt_0013_part_045,REAL,train,C:\Users\Harish\Downloads\AI deepfake detection\AI_VOICE_DEEPFAKE_DETECTION\data\processed\features\yt_0013_part_045.npy,"[128, 126, 1]",float32
yt_0013_part_050,REAL,train,C:\Users\Harish\Downloads\AI deepfake detection\AI_VOICE_DEEPFAKE_DETECTION\data\processed\features\yt_0013_part_050.npy,"[128, 126, 1]",float32
yt_0013_part_051,REAL,train,C:\Users\Harish\Downloads\AI deepfake detection\AI_VOICE_DEEPFAKE_DETECTION\data\processed\features\yt_0013_part_051.npy,"[128, 126, 1]",float32
yt_0013_part_054,REAL,train,C:\Users\Harish\Downloads\AI deepfake detection\AI_VOICE_DEEPFAKE_DETECTION\data\processed\features\yt_0013_part_054.npy,"[128, 126, 1]",float32
yt_0013_part_058,REAL,train,C:\Users\Harish\Downloads\AI deepfake detection\AI_VOICE_DEEPFAKE_DETECTION\data\processed\features\yt_0013_part_058.npy,"[128, 126, 1]",float32
yt_0013_part_060,REAL,train,C:\Users\Harish\Downloads\AI deepfake detection\AI_VOICE_DEEPFAKE_DETECTION\data\processed\features\yt_0013_part_060.npy,"[128, 126, 1]",float32
yt_0013_part_066,REAL,train,C:\Users\Harish\Downloads\AI deepfake detection\AI_VOICE_DEEPFAKE_DETECTION\data\processed\features\yt_0013_part_066.npy,"[128, 126, 1]",float32
yt_0013_part_068,REAL,train,C:\Users\Harish\Downloads\AI deepfake detection\AI_VOICE_DEEPFAKE_DETECTION\data\processed\features\yt_0013_part_068.npy,"[128, 126, 1]",float32
yt_0013_part_075,REAL,train,C:\Users\Harish\Downloads\AI deepfake detection\AI_VOICE_DEEPFAKE_DETECTION\data\processed\features\yt_0013_part_075.npy,"[128, 126, 1]",float32
yt_0013_part_077,REAL,train,C:\Users\Harish\Downloads\AI deepfake detection\AI_VOICE_DEEPFAKE_DETECTION\data\processed\features\yt_0013_part_077.npy,"[128, 126, 1]",float32
yt_0013_part_078,REAL,train,C:\Users\Harish\Downloads\AI deepfake detection\AI_VOICE_DEEPFAKE_DETECTION\data\processed\features\yt_0013_part_078.npy,"[128, 126, 1]",float32
yt_0013_part_080,REAL,train,C:\Users\Harish\Downloads\AI deepfake detection\AI_VOICE_DEEPFAKE_DETECTION\data\processed\features\yt_0013_part_080.npy,"[128, 126, 1]",float32
yt_0013_part_083,REAL,train,C:\Users\Harish\Downloads\AI deepfake detection\AI_VOICE_DEEPFAKE_DETECTION\data\processed\features\yt_0013_part_083.npy,"[128, 126, 1]",float32
yt_0013_part_084,REAL,train,C:\Users\Harish\Downloads\AI deepfake detection\AI_VOICE_DEEPFAKE_DETECTION\data\processed\features\yt_0013_part_084.npy,"[128, 126, 1]",float32
yt_0013_part_087,REAL,train,C:\Users\Harish\Downloads\AI deepfake detection\AI_VOICE_DEEPFAKE_DETECTION\data\processed\features\yt_0013_part_087.npy,"[128, 126, 1]",float32
yt_0013_part_088,REAL,train,C:\Users\Harish\Downloads\AI deepfake detection\AI_VOICE_DEEPFAKE_DETECTION\data\processed\features\yt_0013_part_088.npy,"[128, 126, 1]",float32
yt_0013_part_093,REAL,train,C:\Users\Harish\Downloads\AI deepfake detection\AI_VOICE_DEEPFAKE_DETECTION\data\processed\features\yt_0013_part_093.npy,"[128, 126, 1]",float32
yt_0013_part_097,REAL,train,C:\Users\Harish\Downloads\AI deepfake detection\AI_VOICE_DEEPFAKE_DETECTION\data\processed\features\yt_0013_part_097.npy,"[128, 126, 1]",float32
yt_0013_part_099,REAL,train,C:\Users\Harish\Downloads\AI deepfake detection\AI_VOICE_DEEPFAKE_DETECTION\data\processed\features\yt_0013_part_099.npy,"[128, 126, 1]",float32
yt_0013_part_104,REAL,train,C:\Users\Harish\Downloads\AI deepfake detection\AI_VOICE_DEEPFAKE_DETECTION\data\processed\features\yt_0013_part_104.npy,"[128, 126, 1]",float32
yt_0013_part_107,REAL,train,C:\Users\Harish\Downloads\AI deepfake detection\AI_VOICE_DEEPFAKE_DETECTION\data\processed\features\yt_0013_part_107.npy,"[128, 126, 1]",float32
el_0001_c_part_002,FAKE,train,C:\Users\Harish\Downloads\AI deepfake detection\AI_VOICE_DEEPFAKE_DETECTION\data\processed\features\el_0001_c_part_002.npy,"[128, 126, 1]",float32
el_0001_c_part_003,FAKE,train,C:\Users\Harish\Downloads\AI deepfake detection\AI_VOICE_DEEPFAKE_DETECTION\data\processed\features\el_0001_c_part_003.npy,"[128, 126, 1]",float32
el_0001_c_part_004,FAKE,train,C:\Users\Harish\Downloads\AI deepfake detection\AI_VOICE_DEEPFAKE_DETECTION\data\processed\features\el_0001_c_part_004.npy,"[128, 126, 1]",float32
el_0001_c_part_005,FAKE,train,C:\Users\Harish\Downloads\AI deepfake detection\AI_VOICE_DEEPFAKE_DETECTION\data\processed\features\el_0001_c_part_005.npy,"[128, 126, 1]",float32
el_0001_part_001,FAKE,train,C:\Users\Harish\Downloads\AI deepfake detection\AI_VOICE_DEEPFAKE_DETECTION\data\processed\features\el_0001_part_001.npy,"[128, 126, 1]",float32
el_0002_c_part_001,FAKE,train,C:\Users\Harish\Downloads\AI deepfake detection\AI_VOICE_DEEPFAKE_DETECTION\data\processed\features\el_0002_c_part_001.npy,"[128, 126, 1]",float32
el_0003_c_part_004,FAKE,train,C:\Users\Harish\Downloads\AI deepfake detection\AI_VOICE_DEEPFAKE_DETECTION\data\processed\features\el_0003_c_part_004.npy,"[128, 126, 1]",float32
el_0003_part_001,FAKE,train,C:\Users\Harish\Downloads\AI deepfake detection\AI_VOICE_DEEPFAKE_DETECTION\data\processed\features\el_0003_part_001.npy,"[128, 126, 1]",float32
el_0004_c_part_001,FAKE,train,C:\Users\Harish\Downloads\AI deepfake detection\AI_VOICE_DEEPFAKE_DETECTION\data\processed\features\el_0004_c_part_001.npy,"[128, 126, 1]",float32
el_0004_c_part_003,FAKE,train,C:\Users\Harish\Downloads\AI deepfake detection\AI_VOICE_DEEPFAKE_DETECTION\data\processed\features\el_0004_c_part_003.npy,"[128, 126, 1]",float32
el_0005_part_001,FAKE,train,C:\Users\Harish\Downloads\AI deepfake detection\AI_VOICE_DEEPFAKE_DETECTION\data\processed\features\el_0005_part_001.npy,"[128, 126, 1]",float32
el_0005_part_002,FAKE,train,C:\Users\Harish\Downloads\AI deepfake detection\AI_VOICE_DEEPFAKE_DETECTION\data\processed\features\el_0005_part_002.npy,"[128, 126, 1]",float32
el_0006_c_part_002,FAKE,train,C:\Users\Harish\Downloads\AI deepfake detection\AI_VOICE_DEEPFAKE_DETECTION\data\processed\features\el_0006_c_part_002.npy,"[128, 126, 1]",float32
el_0006_c_part_003,FAKE,train,C:\Users\Harish\Downloads\AI deepfake detection\AI_VOICE_DEEPFAKE_DETECTION\data\processed\features\el_0006_c_part_003.npy,"[128, 126, 1]",float32
el_0006_part_001,FAKE,train,C:\Users\Harish\Downloads\AI deepfake detection\AI_VOICE_DEEPFAKE_DETECTION\data\processed\features\el_0006_part_001.npy,"[128, 126, 1]",float32
el_0007_c_part_002,FAKE,train,C:\Users\Harish\Downloads\AI deepfake detection\AI_VOICE_DEEPFAKE_DETECTION\data\processed\features\el_0007_c_part_002.npy,"[128, 126, 1]",float32
el_0008_c_part_003,FAKE,train,C:\Users\Harish\Downloads\AI deepfake detection\AI_VOICE_DEEPFAKE_DETECTION\data\processed\features\el_0008_c_part_003.npy,"[128, 126, 1]",float32
el_0008_c_part_004,FAKE,train,C:\Users\Harish\Downloads\AI deepfake detection\AI_VOICE_DEEPFAKE_DETECTION\data\processed\features\el_0008_c_part_004.npy,"[128, 126, 1]",float32
el_0008_c_part_005,FAKE,train,C:\Users\Harish\Downloads\AI deepfake detection\AI_VOICE_DEEPFAKE_DETECTION\data\processed\features\el_0008_c_part_005.npy,"[128, 126, 1]",float32
el_0008_c_part_006,FAKE,train,C:\Users\Harish\Downloads\AI deepfake detection\AI_VOICE_DEEPFAKE_DETECTION\data\processed\features\el_0008_c_part_006.npy,"[128, 126, 1]",float32
el_0008_part_001,FAKE,train,C:\Users\Harish\Downloads\AI deepfake detection\AI_VOICE_DEEPFAKE_DETECTION\data\processed\features\el_0008_part_001.npy,"[128, 126, 1]",float32
el_0008_part_002,FAKE,train,C:\Users\Harish\Downloads\AI deepfake detection\AI_VOICE_DEEPFAKE_DETECTION\data\processed\features\el_0008_part_002.npy,"[128, 126, 1]",float32
el_0009_c_part_007,FAKE,train,C:\Users\Harish\Downloads\AI deepfake detection\AI_VOICE_DEEPFAKE_DETECTION\data\processed\features\el_0009_c_part_007.npy,"[128, 126, 1]",float32
el_0009_c_part_008,FAKE,train,C:\Users\Harish\Downloads\AI deepfake detection\AI_VOICE_DEEPFAKE_DETECTION\data\processed\features\el_0009_c_part_008.npy,"[128, 126, 1]",float32
el_0009_c_part_009,FAKE,train,C:\Users\Harish\Downloads\AI deepfake detection\AI_VOICE_DEEPFAKE_DETECTION\data\processed\features\el_0009_c_part_009.npy,"[128, 126, 1]",float32
el_0009_c_part_011,FAKE,train,C:\Users\Harish\Downloads\AI deepfake detection\AI_VOICE_DEEPFAKE_DETECTION\data\processed\features\el_0009_c_part_011.npy,"[128, 126, 1]",float32
el_0009_part_001,FAKE,train,C:\Users\Harish\Downloads\AI deepfake detection\AI_VOICE_DEEPFAKE_DETECTION\data\processed\features\el_0009_part_001.npy,"[128, 126, 1]",float32
el_0009_part_003,FAKE,train,C:\Users\Harish\Downloads\AI deepfake detection\AI_VOICE_DEEPFAKE_DETECTION\data\processed\features\el_0009_part_003.npy,"[128, 126, 1]",float32
el_0010_c_part_005,FAKE,train,C:\Users\Harish\Downloads\AI deepfake detection\AI_VOICE_DEEPFAKE_DETECTION\data\processed\features\el_0010_c_part_005.npy,"[128, 126, 1]",float32
el_0010_c_part_006,FAKE,train,C:\Users\Harish\Downloads\AI deepfake detection\AI_VOICE_DEEPFAKE_DETECTION\data\processed\features\el_0010_c_part_006.npy,"[128, 126, 1]",float32
el_0010_c_part_007,FAKE,train,C:\Users\Harish\Downloads\AI deepfake detection\AI_VOICE_DEEPFAKE_DETECTION\data\processed\features\el_0010_c_part_007.npy,"[128, 126, 1]",float32
el_0010_c_part_008,FAKE,train,C:\Users\Harish\Downloads\AI deepfake detection\AI_VOICE_DEEPFAKE_DETECTION\data\processed\features\el_0010_c_part_008.npy,"[128, 126, 1]",float32
el_0010_c_part_009,FAKE,train,C:\Users\Harish\Downloads\AI deepfake detection\AI_VOICE_DEEPFAKE_DETECTION\data\processed\features\el_0010_c_part_009.npy,"[128, 126, 1]",float32
el_0010_c_part_010,FAKE,train,C:\Users\Harish\Downloads\AI deepfake detection\AI_VOICE_DEEPFAKE_DETECTION\data\processed\features\el_0010_c_part_010.npy,"[128, 126, 1]",float32
el_0010_c_part_012,FAKE,train,C:\Users\Harish\Downloads\AI deepfake detection\AI_VOICE_DEEPFAKE_DETECTION\data\processed\features\el_0010_c_part_012.npy,"[128, 126, 1]",float32
el_0010_c_part_014,FAKE,train,C:\Users\Harish\Downloads\AI deepfake detection\AI_VOICE_DEEPFAKE_DETECTION\data\processed\features\el_0010_c_part_014.npy,"[128, 126, 1]",float32
el_0010_c_part_015,FAKE,train,C:\Users\Harish\Downloads\AI deepfake detection\AI_VOICE_DEEPFAKE_DETECTION\data\processed\features\el_0010_c_part_015.npy,"[128, 126, 1]",float32
el_0010_c_part_017,FAKE,train,C:\Users\Harish\Downloads\AI deepfake detection\AI_VOICE_DEEPFAKE_DETECTION\data\processed\features\el_0010_c_part_017.npy,"[128, 126, 1]",float32
el_0010_c_part_019,FAKE,train,C:\Users\Harish\Downloads\AI deepfake detection\AI_VOICE_DEEPFAKE_DETECTION\data\processed\features\el_0010_c_part_019.npy,"[128, 126, 1]",float32
el_0010_c_part_021,FAKE,train,C:\Users\Harish\Downloads\AI deepfake detection\AI_VOICE_DEEPFAKE_DETECTION\data\processed\features\el_0010_c_part_021.npy,"[128, 126, 1]",float32
el_0010_part_001,FAKE,train,C:\Users\Harish\Downloads\AI deepfake detection\AI_VOICE_DEEPFAKE_DETECTION\data\processed\features\el_0010_part_001.npy,"[128, 126, 1]",float32
el_0010_part_002,FAKE,train,C:\Users\Harish\Downloads\AI deepfake detection\AI_VOICE_DEEPFAKE_DETECTION\data\processed\features\el_0010_part_002.npy,"[128, 126, 1]",float32
el_0010_part_003,FAKE,train,C:\Users\Harish\Downloads\AI deepfake detection\AI_VOICE_DEEPFAKE_DETECTION\data\processed\features\el_0010_part_003.npy,"[128, 126, 1]",float32
el_0010_part_004,FAKE,train,C:\Users\Harish\Downloads\AI deepfake detection\AI_VOICE_DEEPFAKE_DETECTION\data\processed\features\el_0010_part_004.npy,"[128, 126, 1]",float32
el_0011_c_part_010,FAKE,train,C:\Users\Harish\Downloads\AI deepfake detection\AI_VOICE_DEEPFAKE_DETECTION\data\processed\features\el_0011_c_part_010.npy,"[128, 126, 1]",float32
el_0011_c_part_011,FAKE,train,C:\Users\Harish\Downloads\AI deepfake detection\AI_VOICE_DEEPFAKE_DETECTION\data\processed\features\el_0011_c_part_011.npy,"[128, 126, 1]",float32
el_0011_c_part_012,FAKE,train,C:\Users\Harish\Downloads\AI deepfake detection\AI_VOICE_DEEPFAKE_DETECTION\data\processed\features\el_0011_c_part_012.npy,"[128, 126, 1]",float32
el_0011_c_part_013,FAKE,train,C:\Users\Harish\Downloads\AI deepfake detection\AI_VOICE_DEEPFAKE_DETECTION\data\processed\features\el_0011_c_part_013.npy,"[128, 126, 1]",float32
el_0011_c_part_014,FAKE,train,C:\Users\Harish\Downloads\AI deepfake detection\AI_VOICE_DEEPFAKE_DETECTION\data\processed\features\el_0011_c_part_014.npy,"[128, 126, 1]",float32
el_0011_c_part_015,FAKE,train,C:\Users\Harish\Downloads\AI deepfake detection\AI_VOICE_DEEPFAKE_DETECTION\data\processed\features\el_0011_c_part_015.npy,"[128, 126, 1]",float32
el_0011_c_part_017,FAKE,train,C:\Users\Harish\Downloads\AI deepfake detection\AI_VOICE_DEEPFAKE_DETECTION\data\processed\features\el_0011_c_part_017.npy,"[128, 126, 1]",float32
el_0011_c_part_018,FAKE,train,C:\Users\Harish\Downloads\AI deepfake detection\AI_VOICE_DEEPFAKE_DETECTION\data\processed\features\el_0011_c_part_018.npy,"[128, 126, 1]",float32
el_0011_part_001,FAKE,train,C:\Users\Harish\Downloads\AI deepfake detection\AI_VOICE_DEEPFAKE_DETECTION\data\processed\features\el_0011_part_001.npy,"[128, 126, 1]",float32
el_0011_part_002,FAKE,train,C:\Users\Harish\Downloads\AI deepfake detection\AI_VOICE_DEEPFAKE_DETECTION\data\processed\features\el_0011_part_002.npy,"[128, 126, 1]",float32
el_0011_part_003,FAKE,train,C:\Users\Harish\Downloads\AI deepfake detection\AI_VOICE_DEEPFAKE_DETECTION\data\processed\features\el_0011_part_003.npy,"[128, 126, 1]",float32
el_0011_part_005,FAKE,train,C:\Users\Harish\Downloads\AI deepfake detection\AI_VOICE_DEEPFAKE_DETECTION\data\processed\features\el_0011_part_005.npy,"[128, 126, 1]",float32
el_0011_part_006,FAKE,train,C:\Users\Harish\Downloads\AI deepfake detection\AI_VOICE_DEEPFAKE_DETECTION\data\processed\features\el_0011_part_006.npy,"[128, 126, 1]",float32
el_0011_part_008,FAKE,train,C:\Users\Harish\Downloads\AI deepfake detection\AI_VOICE_DEEPFAKE_DETECTION\data\processed\features\el_0011_part_008.npy,"[128, 126, 1]",float32
el_0012_c_part_010,FAKE,train,C:\Users\Harish\Downloads\AI deepfake detection\AI_VOICE_DEEPFAKE_DETECTION\data\processed\features\el_0012_c_part_010.npy,"[128, 126, 1]",float32
el_0012_c_part_011,FAKE,train,C:\Users\Harish\Downloads\AI deepfake detection\AI_VOICE_DEEPFAKE_DETECTION\data\processed\features\el_0012_c_part_011.npy,"[128, 126, 1]",float32
el_0012_c_part_012,FAKE,train,C:\Users\Harish\Downloads\AI deepfake detection\AI_VOICE_DEEPFAKE_DETECTION\data\processed\features\el_0012_c_part_012.npy,"[128, 126, 1]",float32
el_0012_part_004,FAKE,train,C:\Users\Harish\Downloads\AI deepfake detection\AI_VOICE_DEEPFAKE_DETECTION\data\processed\features\el_0012_part_004.npy,"[128, 126, 1]",float32
el_0012_part_005,FAKE,train,C:\Users\Harish\Downloads\AI deepfake detection\AI_VOICE_DEEPFAKE_DETECTION\data\processed\features\el_0012_part_005.npy,"[128, 126, 1]",float32
el_0012_part_006,FAKE,train,C:\Users\Harish\Downloads\AI deepfake detection\AI_VOICE_DEEPFAKE_DETECTION\data\processed\features\el_0012_part_006.npy,"[128, 126, 1]",float32
el_0012_part_007,FAKE,train,C:\Users\Harish\Downloads\AI deepfake detection\AI_VOICE_DEEPFAKE_DETECTION\data\processed\features\el_0012_part_007.npy,"[128, 126, 1]",float32
el_0013_c_part_007,FAKE,train,C:\Users\Harish\Downloads\AI deepfake detection\AI_VOICE_DEEPFAKE_DETECTION\data\processed\features\el_0013_c_part_007.npy,"[128, 126, 1]",float32
el_0013_c_part_009,FAKE,train,C:\Users\Harish\Downloads\AI deepfake detection\AI_VOICE_DEEPFAKE_DETECTION\data\processed\features\el_0013_c_part_009.npy,"[128, 126, 1]",float32
el_0013_c_part_012,FAKE,train,C:\Users\Harish\Downloads\AI deepfake detection\AI_VOICE_DEEPFAKE_DETECTION\data\processed\features\el_0013_c_part_012.npy,"[128, 126, 1]",float32
el_0013_c_part_013,FAKE,train,C:\Users\Harish\Downloads\AI deepfake detection\AI_VOICE_DEEPFAKE_DETECTION\data\processed\features\el_0013_c_part_013.npy,"[128, 126, 1]",float32
el_0013_c_part_014,FAKE,train,C:\Users\Harish\Downloads\AI deepfake detection\AI_VOICE_DEEPFAKE_DETECTION\data\processed\features\el_0013_c_part_014.npy,"[128, 126, 1]",float32
el_0013_c_part_016,FAKE,train,C:\Users\Harish\Downloads\AI deepfake detection\AI_VOICE_DEEPFAKE_DETECTION\data\processed\features\el_0013_c_part_016.npy,"[128, 126, 1]",float32
el_0013_part_001,FAKE,train,C:\Users\Harish\Downloads\AI deepfake detection\AI_VOICE_DEEPFAKE_DETECTION\data\processed\features\el_0013_part_001.npy,"[128, 126, 1]",float32
el_0013_part_002,FAKE,train,C:\Users\Harish\Downloads\AI deepfake detection\AI_VOICE_DEEPFAKE_DETECTION\data\processed\features\el_0013_part_002.npy,"[128, 126, 1]",float32
el_0013_part_003,FAKE,train,C:\Users\Harish\Downloads\AI deepfake detection\AI_VOICE_DEEPFAKE_DETECTION\data\processed\features\el_0013_part_003.npy,"[128, 126, 1]",float32
el_0013_part_004,FAKE,train,C:\Users\Harish\Downloads\AI deepfake detection\AI_VOICE_DEEPFAKE_DETECTION\data\processed\features\el_0013_part_004.npy,"[128, 126, 1]",float32
el_0013_part_005,FAKE,train,C:\Users\Harish\Downloads\AI deepfake detection\AI_VOICE_DEEPFAKE_DETECTION\data\processed\features\el_0013_part_005.npy,"[128, 126, 1]",float32
el_0013_part_006,FAKE,train,C:\Users\Harish\Downloads\AI deepfake detection\AI_VOICE_DEEPFAKE_DETECTION\data\processed\features\el_0013_part_006.npy,"[128, 126, 1]",float32
el_0014_c_part_004,FAKE,train,C:\Users\Harish\Downloads\AI deepfake detection\AI_VOICE_DEEPFAKE_DETECTION\data\processed\features\el_0014_c_part_004.npy,"[128, 126, 1]",float32
el_0014_c_part_005,FAKE,train,C:\Users\Harish\Downloads\AI deepfake detection\AI_VOICE_DEEPFAKE_DETECTION\data\processed\features\el_0014_c_part_005.npy,"[128, 126, 1]",float32
el_0014_c_part_006,FAKE,train,C:\Users\Harish\Downloads\AI deepfake detection\AI_VOICE_DEEPFAKE_DETECTION\data\processed\features\el_0014_c_part_006.npy,"[128, 126, 1]",float32
el_0014_c_part_008,FAKE,train,C:\Users\Harish\Downloads\AI deepfake detection\AI_VOICE_DEEPFAKE_DETECTION\data\processed\features\el_0014_c_part_008.npy,"[128, 126, 1]",float32
el_0014_c_part_009,FAKE,train,C:\Users\Harish\Downloads\AI deepfake detection\AI_VOICE_DEEPFAKE_DETECTION\data\processed\features\el_0014_c_part_009.npy,"[128, 126, 1]",float32
el_0014_c_part_011,FAKE,train,C:\Users\Harish\Downloads\AI deepfake detection\AI_VOICE_DEEPFAKE_DETECTION\data\processed\features\el_0014_c_part_011.npy,"[128, 126, 1]",float32
el_0014_c_part_012,FAKE,train,C:\Users\Harish\Downloads\AI deepfake detection\AI_VOICE_DEEPFAKE_DETECTION\data\processed\features\el_0014_c_part_012.npy,"[128, 126, 1]",float32
el_0014_c_part_013,FAKE,train,C:\Users\Harish\Downloads\AI deepfake detection\AI_VOICE_DEEPFAKE_DETECTION\data\processed\features\el_0014_c_part_013.npy,"[128, 126, 1]",float32
el_0014_part_002,FAKE,train,C:\Users\Harish\Downloads\AI deepfake detection\AI_VOICE_DEEPFAKE_DETECTION\data\processed\features\el_0014_part_002.npy,"[128, 126, 1]",float32
el_0014_part_003,FAKE,train,C:\Users\Harish\Downloads\AI deepfake detection\AI_VOICE_DEEPFAKE_DETECTION\data\processed\features\el_0014_part_003.npy,"[128, 126, 1]",float32
el_0015_c_part_011,FAKE,train,C:\Users\Harish\Downloads\AI deepfake detection\AI_VOICE_DEEPFAKE_DETECTION\data\processed\features\el_0015_c_part_011.npy,"[128, 126, 1]",float32
el_0015_c_part_013,FAKE,train,C:\Users\Harish\Downloads\AI deepfake detection\AI_VOICE_DEEPFAKE_DETECTION\data\processed\features\el_0015_c_part_013.npy,"[128, 126, 1]",float32
el_0015_c_part_014,FAKE,train,C:\Users\Harish\Downloads\AI deepfake detection\AI_VOICE_DEEPFAKE_DETECTION\data\processed\features\el_0015_c_part_014.npy,"[128, 126, 1]",float32
el_0015_c_part_016,FAKE,train,C:\Users\Harish\Downloads\AI deepfake detection\AI_VOICE_DEEPFAKE_DETECTION\data\processed\features\el_0015_c_part_016.npy,"[128, 126, 1]",float32
el_0015_c_part_018,FAKE,train,C:\Users\Harish\Downloads\AI deepfake detection\AI_VOICE_DEEPFAKE_DETECTION\data\processed\features\el_0015_c_part_018.npy,"[128, 126, 1]",float32
el_0015_c_part_019,FAKE,train,C:\Users\Harish\Downloads\AI deepfake detection\AI_VOICE_DEEPFAKE_DETECTION\data\processed\features\el_0015_c_part_019.npy,"[128, 126, 1]",float32
el_0015_c_part_020,FAKE,train,C:\Users\Harish\Downloads\AI deepfake detection\AI_VOICE_DEEPFAKE_DETECTION\data\processed\features\el_0015_c_part_020.npy,"[128, 126, 1]",float32
el_0015_c_part_022,FAKE,train,C:\Users\Harish\Downloads\AI deepfake detection\AI_VOICE_DEEPFAKE_DETECTION\data\processed\features\el_0015_c_part_022.npy,"[128, 126, 1]",float32
el_0015_c_part_023,FAKE,train,C:\Users\Harish\Downloads\AI deepfake detection\AI_VOICE_DEEPFAKE_DETECTION\data\processed\features\el_0015_c_part_023.npy,"[128, 126, 1]",float32
el_0015_c_part_025,FAKE,train,C:\Users\Harish\Downloads\AI deepfake detection\AI_VOICE_DEEPFAKE_DETECTION\data\processed\features\el_0015_c_part_025.npy,"[128, 126, 1]",float32
el_0015_c_part_026,FAKE,train,C:\Users\Harish\Downloads\AI deepfake detection\AI_VOICE_DEEPFAKE_DETECTION\data\processed\features\el_0015_c_part_026.npy,"[128, 126, 1]",float32
el_0015_part_002,FAKE,train,C:\Users\Harish\Downloads\AI deepfake detection\AI_VOICE_DEEPFAKE_DETECTION\data\processed\features\el_0015_part_002.npy,"[128, 126, 1]",float32
el_0015_part_004,FAKE,train,C:\Users\Harish\Downloads\AI deepfake detection\AI_VOICE_DEEPFAKE_DETECTION\data\processed\features\el_0015_part_004.npy,"[128, 126, 1]",float32
el_0015_part_005,FAKE,train,C:\Users\Harish\Downloads\AI deepfake detection\AI_VOICE_DEEPFAKE_DETECTION\data\processed\features\el_0015_part_005.npy,"[128, 126, 1]",float32
el_0015_part_006,FAKE,train,C:\Users\Harish\Downloads\AI deepfake detection\AI_VOICE_DEEPFAKE_DETECTION\data\processed\features\el_0015_part_006.npy,"[128, 126, 1]",float32
el_0015_part_007,FAKE,train,C:\Users\Harish\Downloads\AI deepfake detection\AI_VOICE_DEEPFAKE_DETECTION\data\processed\features\el_0015_part_007.npy,"[128, 126, 1]",float32
el_0015_part_008,FAKE,train,C:\Users\Harish\Downloads\AI deepfake detection\AI_VOICE_DEEPFAKE_DETECTION\data\processed\features\el_0015_part_008.npy,"[128, 126, 1]",float32
el_0017_c_part_002,FAKE,train,C:\Users\Harish\Downloads\AI deepfake detection\AI_VOICE_DEEPFAKE_DETECTION\data\processed\features\el_0017_c_part_002.npy,"[128, 126, 1]",float32
el_0017_c_part_003,FAKE,train,C:\Users\Harish\Downloads\AI deepfake detection\AI_VOICE_DEEPFAKE_DETECTION\data\processed\features\el_0017_c_part_003.npy,"[128, 126, 1]",float32
el_0017_part_001,FAKE,train,C:\Users\Harish\Downloads\AI deepfake detection\AI_VOICE_DEEPFAKE_DETECTION\data\processed\features\el_0017_part_001.npy,"[128, 126, 1]",float32
el_0018_c_part_001,FAKE,train,C:\Users\Harish\Downloads\AI deepfake detection\AI_VOICE_DEEPFAKE_DETECTION\data\processed\features\el_0018_c_part_001.npy,"[128, 126, 1]",float32
el_0018_c_part_002,FAKE,train,C:\Users\Harish\Downloads\AI deepfake detection\AI_VOICE_DEEPFAKE_DETECTION\data\processed\features\el_0018_c_part_002.npy,"[128, 126, 1]",float32
el_0019_c_part_002,FAKE,train,C:\Users\Harish\Downloads\AI deepfake detection\AI_VOICE_DEEPFAKE_DETECTION\data\processed\features\el_0019_c_part_002.npy,"[128, 126, 1]",float32
el_0019_part_001,FAKE,train,C:\Users\Harish\Downloads\AI deepfake detection\AI_VOICE_DEEPFAKE_DETECTION\data\processed\features\el_0019_part_001.npy,"[128, 126, 1]",float32
el_0022_c_part_002,FAKE,train,C:\Users\Harish\Downloads\AI deepfake detection\AI_VOICE_DEEPFAKE_DETECTION\data\processed\features\el_0022_c_part_002.npy,"[128, 126, 1]",float32
el_0022_part_001,FAKE,train,C:\Users\Harish\Downloads\AI deepfake detection\AI_VOICE_DEEPFAKE_DETECTION\data\processed\features\el_0022_part_001.npy,"[128, 126, 1]",float32
el_0023_part_001,FAKE,train,C:\Users\Harish\Downloads\AI deepfake detection\AI_VOICE_DEEPFAKE_DETECTION\data\processed\features\el_0023_part_001.npy,"[128, 126, 1]",float32
el_0024_part_001,FAKE,train,C:\Users\Harish\Downloads\AI deepfake detection\AI_VOICE_DEEPFAKE_DETECTION\data\processed\features\el_0024_part_001.npy,"[128, 126, 1]",float32
el_0024_part_002,FAKE,train,C:\Users\Harish\Downloads\AI deepfake detection\AI_VOICE_DEEPFAKE_DETECTION\data\processed\features\el_0024_part_002.npy,"[128, 126, 1]",float32
el_0024_part_003,FAKE,train,C:\Users\Harish\Downloads\AI deepfake detection\AI_VOICE_DEEPFAKE_DETECTION\data\processed\features\el_0024_part_003.npy,"[128, 126, 1]",float32
el_0024_part_004,FAKE,train,C:\Users\Harish\Downloads\AI deepfake detection\AI_VOICE_DEEPFAKE_DETECTION\data\processed\features\el_0024_part_004.npy,"[128, 126, 1]",float32
el_0026_part_001,FAKE,train,C:\Users\Harish\Downloads\AI deepfake detection\AI_VOICE_DEEPFAKE_DETECTION\data\processed\features\el_0026_part_001.npy,"[128, 126, 1]",float32
el_0028_part_001,FAKE,train,C:\Users\Harish\Downloads\AI deepfake detection\AI_VOICE_DEEPFAKE_DETECTION\data\processed\features\el_0028_part_001.npy,"[128, 126, 1]",float32
hg_0001_c_part_005,FAKE,train,C:\Users\Harish\Downloads\AI deepfake detection\AI_VOICE_DEEPFAKE_DETECTION\data\processed\features\hg_0001_c_part_005.npy,"[128, 126, 1]",float32
hg_0001_part_001,FAKE,train,C:\Users\Harish\Downloads\AI deepfake detection\AI_VOICE_DEEPFAKE_DETECTION\data\processed\features\hg_0001_part_001.npy,"[128, 126, 1]",float32
hg_0001_part_002,FAKE,train,C:\Users\Harish\Downloads\AI deepfake detection\AI_VOICE_DEEPFAKE_DETECTION\data\processed\features\hg_0001_part_002.npy,"[128, 126, 1]",float32
hg_0001_part_003,FAKE,train,C:\Users\Harish\Downloads\AI deepfake detection\AI_VOICE_DEEPFAKE_DETECTION\data\processed\features\hg_0001_part_003.npy,"[128, 126, 1]",float32
hg_0001_part_004,FAKE,train,C:\Users\Harish\Downloads\AI deepfake detection\AI_VOICE_DEEPFAKE_DETECTION\data\processed\features\hg_0001_part_004.npy,"[128, 126, 1]",float32
hg_0002_c_part_006,FAKE,train,C:\Users\Harish\Downloads\AI deepfake detection\AI_VOICE_DEEPFAKE_DETECTION\data\processed\features\hg_0002_c_part_006.npy,"[128, 126, 1]",float32
hg_0002_part_004,FAKE,train,C:\Users\Harish\Downloads\AI deepfake detection\AI_VOICE_DEEPFAKE_DETECTION\data\processed\features\hg_0002_part_004.npy,"[128, 126, 1]",float32
hg_0002_part_005,FAKE,train,C:\Users\Harish\Downloads\AI deepfake detection\AI_VOICE_DEEPFAKE_DETECTION\data\processed\features\hg_0002_part_005.npy,"[128, 126, 1]",float32
hg_0003_c_part_004,FAKE,train,C:\Users\Harish\Downloads\AI deepfake detection\AI_VOICE_DEEPFAKE_DETECTION\data\processed\features\hg_0003_c_part_004.npy,"[128, 126, 1]",float32
hg_0003_part_001,FAKE,train,C:\Users\Harish\Downloads\AI deepfake detection\AI_VOICE_DEEPFAKE_DETECTION\data\processed\features\hg_0003_part_001.npy,"[128, 126, 1]",float32
hg_0003_part_002,FAKE,train,C:\Users\Harish\Downloads\AI deepfake detection\AI_VOICE_DEEPFAKE_DETECTION\data\processed\features\hg_0003_part_002.npy,"[128, 126, 1]",float32
hg_0003_part_003,FAKE,train,C:\Users\Harish\Downloads\AI deepfake detection\AI_VOICE_DEEPFAKE_DETECTION\data\processed\features\hg_0003_part_003.npy,"[128, 126, 1]",float32
hg_0004_c_part_004,FAKE,train,C:\Users\Harish\Downloads\AI deepfake detection\AI_VOICE_DEEPFAKE_DETECTION\data\processed\features\hg_0004_c_part_004.npy,"[128, 126, 1]",float32
hg_0004_c_part_005,FAKE,train,C:\Users\Harish\Downloads\AI deepfake detection\AI_VOICE_DEEPFAKE_DETECTION\data\processed\features\hg_0004_c_part_005.npy,"[128, 126, 1]",float32
hg_0004_part_001,FAKE,train,C:\Users\Harish\Downloads\AI deepfake detection\AI_VOICE_DEEPFAKE_DETECTION\data\processed\features\hg_0004_part_001.npy,"[128, 126, 1]",float32
hg_0005_c_part_006,FAKE,train,C:\Users\Harish\Downloads\AI deepfake detection\AI_VOICE_DEEPFAKE_DETECTION\data\processed\features\hg_0005_c_part_006.npy,"[128, 126, 1]",float32
hg_0005_part_003,FAKE,train,C:\Users\Harish\Downloads\AI deepfake detection\AI_VOICE_DEEPFAKE_DETECTION\data\processed\features\hg_0005_part_003.npy,"[128, 126, 1]",float32
hg_0006_c_part_005,FAKE,train,C:\Users\Harish\Downloads\AI deepfake detection\AI_VOICE_DEEPFAKE_DETECTION\data\processed\features\hg_0006_c_part_005.npy,"[128, 126, 1]",float32
hg_0006_part_001,FAKE,train,C:\Users\Harish\Downloads\AI deepfake detection\AI_VOICE_DEEPFAKE_DETECTION\data\processed\features\hg_0006_part_001.npy,"[128, 126, 1]",float32
hg_0006_part_002,FAKE,train,C:\Users\Harish\Downloads\AI deepfake detection\AI_VOICE_DEEPFAKE_DETECTION\data\processed\features\hg_0006_part_002.npy,"[128, 126, 1]",float32
hg_0006_part_003,FAKE,train,C:\Users\Harish\Downloads\AI deepfake detection\AI_VOICE_DEEPFAKE_DETECTION\data\processed\features\hg_0006_part_003.npy,"[128, 126, 1]",float32
hg_0006_part_004,FAKE,train,C:\Users\Harish\Downloads\AI deepfake detection\AI_VOICE_DEEPFAKE_DETECTION\data\processed\features\hg_0006_part_004.npy,"[128, 126, 1]",float32
hg_0007_part_001,FAKE,train,C:\Users\Harish\Downloads\AI deepfake detection\AI_VOICE_DEEPFAKE_DETECTION\data\processed\features\hg_0007_part_001.npy,"[128, 126, 1]",float32
hg_0007_part_002,FAKE,train,C:\Users\Harish\Downloads\AI deepfake detection\AI_VOICE_DEEPFAKE_DETECTION\data\processed\features\hg_0007_part_002.npy,"[128, 126, 1]",float32
hg_0007_part_003,FAKE,train,C:\Users\Harish\Downloads\AI deepfake detection\AI_VOICE_DEEPFAKE_DETECTION\data\processed\features\hg_0007_part_003.npy,"[128, 126, 1]",float32
hg_0008_c_part_005,FAKE,train,C:\Users\Harish\Downloads\AI deepfake detection\AI_VOICE_DEEPFAKE_DETECTION\data\processed\features\hg_0008_c_part_005.npy,"[128, 126, 1]",float32
hg_0008_part_001,FAKE,train,C:\Users\Harish\Downloads\AI deepfake detection\AI_VOICE_DEEPFAKE_DETECTION\data\processed\features\hg_0008_part_001.npy,"[128, 126, 1]",float32
hg_0008_part_002,FAKE,train,C:\Users\Harish\Downloads\AI deepfake detection\AI_VOICE_DEEPFAKE_DETECTION\data\processed\features\hg_0008_part_002.npy,"[128, 126, 1]",float32
hg_0008_part_003,FAKE,train,C:\Users\Harish\Downloads\AI deepfake detection\AI_VOICE_DEEPFAKE_DETECTION\data\processed\features\hg_0008_part_003.npy,"[128, 126, 1]",float32
hg_0008_part_004,FAKE,train,C:\Users\Harish\Downloads\AI deepfake detection\AI_VOICE_DEEPFAKE_DETECTION\data\processed\features\hg_0008_part_004.npy,"[128, 126, 1]",float32
hg_0009_c_part_004,FAKE,train,C:\Users\Harish\Downloads\AI deepfake detection\AI_VOICE_DEEPFAKE_DETECTION\data\processed\features\hg_0009_c_part_004.npy,"[128, 126, 1]",float32
hg_0009_c_part_006,FAKE,train,C:\Users\Harish\Downloads\AI deepfake detection\AI_VOICE_DEEPFAKE_DETECTION\data\processed\features\hg_0009_c_part_006.npy,"[128, 126, 1]",float32
hg_0009_part_001,FAKE,train,C:\Users\Harish\Downloads\AI deepfake detection\AI_VOICE_DEEPFAKE_DETECTION\data\processed\features\hg_0009_part_001.npy,"[128, 126, 1]",float32
hg_0009_part_002,FAKE,train,C:\Users\Harish\Downloads\AI deepfake detection\AI_VOICE_DEEPFAKE_DETECTION\data\processed\features\hg_0009_part_002.npy,"[128, 126, 1]",float32
hg_0010_c_part_005,FAKE,train,C:\Users\Harish\Downloads\AI deepfake detection\AI_VOICE_DEEPFAKE_DETECTION\data\processed\features\hg_0010_c_part_005.npy,"[128, 126, 1]",float32
hg_0010_part_002,FAKE,train,C:\Users\Harish\Downloads\AI deepfake detection\AI_VOICE_DEEPFAKE_DETECTION\data\processed\features\hg_0010_part_002.npy,"[128, 126, 1]",float32
hg_0010_part_003,FAKE,train,C:\Users\Harish\Downloads\AI deepfake detection\AI_VOICE_DEEPFAKE_DETECTION\data\processed\features\hg_0010_part_003.npy,"[128, 126, 1]",float32
hg_0011_c_part_005,FAKE,train,C:\Users\Harish\Downloads\AI deepfake detection\AI_VOICE_DEEPFAKE_DETECTION\data\processed\features\hg_0011_c_part_005.npy,"[128, 126, 1]",float32
hg_0011_part_001,FAKE,train,C:\Users\Harish\Downloads\AI deepfake detection\AI_VOICE_DEEPFAKE_DETECTION\data\processed\features\hg_0011_part_001.npy,"[128, 126, 1]",float32
hg_0011_part_002,FAKE,train,C:\Users\Harish\Downloads\AI deepfake detection\AI_VOICE_DEEPFAKE_DETECTION\data\processed\features\hg_0011_part_002.npy,"[128, 126, 1]",float32
hg_0011_part_004,FAKE,train,C:\Users\Harish\Downloads\AI deepfake detection\AI_VOICE_DEEPFAKE_DETECTION\data\processed\features\hg_0011_part_004.npy,"[128, 126, 1]",float32
hg_0012_part_002,FAKE,train,C:\Users\Harish\Downloads\AI deepfake detection\AI_VOICE_DEEPFAKE_DETECTION\data\processed\features\hg_0012_part_002.npy,"[128, 126, 1]",float32
hg_0012_part_003,FAKE,train,C:\Users\Harish\Downloads\AI deepfake detection\AI_VOICE_DEEPFAKE_DETECTION\data\processed\features\hg_0012_part_003.npy,"[128, 126, 1]",float32
hg_0012_part_005,FAKE,train,C:\Users\Harish\Downloads\AI deepfake detection\AI_VOICE_DEEPFAKE_DETECTION\data\processed\features\hg_0012_part_005.npy,"[128, 126, 1]",float32
hg_0013_c_part_005,FAKE,train,C:\Users\Harish\Downloads\AI deepfake detection\AI_VOICE_DEEPFAKE_DETECTION\data\processed\features\hg_0013_c_part_005.npy,"[128, 126, 1]",float32
hg_0013_c_part_006,FAKE,train,C:\Users\Harish\Downloads\AI deepfake detection\AI_VOICE_DEEPFAKE_DETECTION\data\processed\features\hg_0013_c_part_006.npy,"[128, 126, 1]",float32
hg_0013_part_003,FAKE,train,C:\Users\Harish\Downloads\AI deepfake detection\AI_VOICE_DEEPFAKE_DETECTION\data\processed\features\hg_0013_part_003.npy,"[128, 126, 1]",float32
hg_0013_part_004,FAKE,train,C:\Users\Harish\Downloads\AI deepfake detection\AI_VOICE_DEEPFAKE_DETECTION\data\processed\features\hg_0013_part_004.npy,"[128, 126, 1]",float32
hu_0001_c_part_012,FAKE,train,C:\Users\Harish\Downloads\AI deepfake detection\AI_VOICE_DEEPFAKE_DETECTION\data\processed\features\hu_0001_c_part_012.npy,"[128, 126, 1]",float32
hu_0001_c_part_014,FAKE,train,C:\Users\Harish\Downloads\AI deepfake detection\AI_VOICE_DEEPFAKE_DETECTION\data\processed\features\hu_0001_c_part_014.npy,"[128, 126, 1]",float32
hu_0001_part_001,FAKE,train,C:\Users\Harish\Downloads\AI deepfake detection\AI_VOICE_DEEPFAKE_DETECTION\data\processed\features\hu_0001_part_001.npy,"[128, 126, 1]",float32
hu_0001_part_002,FAKE,train,C:\Users\Harish\Downloads\AI deepfake detection\AI_VOICE_DEEPFAKE_DETECTION\data\processed\features\hu_0001_part_002.npy,"[128, 126, 1]",float32
hu_0001_part_003,FAKE,train,C:\Users\Harish\Downloads\AI deepfake detection\AI_VOICE_DEEPFAKE_DETECTION\data\processed\features\hu_0001_part_003.npy,"[128, 126, 1]",float32
hu_0001_part_004,FAKE,train,C:\Users\Harish\Downloads\AI deepfake detection\AI_VOICE_DEEPFAKE_DETECTION\data\processed\features\hu_0001_part_004.npy,"[128, 126, 1]",float32
hu_0001_part_006,FAKE,train,C:\Users\Harish\Downloads\AI deepfake detection\AI_VOICE_DEEPFAKE_DETECTION\data\processed\features\hu_0001_part_006.npy,"[128, 126, 1]",float32
hu_0001_part_007,FAKE,train,C:\Users\Harish\Downloads\AI deepfake detection\AI_VOICE_DEEPFAKE_DETECTION\data\processed\features\hu_0001_part_007.npy,"[128, 126, 1]",float32
hu_0001_part_009,FAKE,train,C:\Users\Harish\Downloads\AI deepfake detection\AI_VOICE_DEEPFAKE_DETECTION\data\processed\features\hu_0001_part_009.npy,"[128, 126, 1]",float32
hu_0001_part_010,FAKE,train,C:\Users\Harish\Downloads\AI deepfake detection\AI_VOICE_DEEPFAKE_DETECTION\data\processed\features\hu_0001_part_010.npy,"[128, 126, 1]",float32
hu_0001_part_011,FAKE,train,C:\Users\Harish\Downloads\AI deepfake detection\AI_VOICE_DEEPFAKE_DETECTION\data\processed\features\hu_0001_part_011.npy,"[128, 126, 1]",float32
hu_0002_c_part_011,FAKE,train,C:\Users\Harish\Downloads\AI deepfake detection\AI_VOICE_DEEPFAKE_DETECTION\data\processed\features\hu_0002_c_part_011.npy,"[128, 126, 1]",float32
hu_0002_c_part_012,FAKE,train,C:\Users\Harish\Downloads\AI deepfake detection\AI_VOICE_DEEPFAKE_DETECTION\data\processed\features\hu_0002_c_part_012.npy,"[128, 126, 1]",float32
hu_0002_c_part_013,FAKE,train,C:\Users\Harish\Downloads\AI deepfake detection\AI_VOICE_DEEPFAKE_DETECTION\data\processed\features\hu_0002_c_part_013.npy,"[128, 126, 1]",float32
hu_0002_part_001,FAKE,train,C:\Users\Harish\Downloads\AI deepfake detection\AI_VOICE_DEEPFAKE_DETECTION\data\processed\features\hu_0002_part_001.npy,"[128, 126, 1]",float32
hu_0002_part_002,FAKE,train,C:\Users\Harish\Downloads\AI deepfake detection\AI_VOICE_DEEPFAKE_DETECTION\data\processed\features\hu_0002_part_002.npy,"[128, 126, 1]",float32
hu_0002_part_006,FAKE,train,C:\Users\Harish\Downloads\AI deepfake detection\AI_VOICE_DEEPFAKE_DETECTION\data\processed\features\hu_0002_part_006.npy,"[128, 126, 1]",float32
hu_0002_part_007,FAKE,train,C:\Users\Harish\Downloads\AI deepfake detection\AI_VOICE_DEEPFAKE_DETECTION\data\processed\features\hu_0002_part_007.npy,"[128, 126, 1]",float32
hu_0002_part_008,FAKE,train,C:\Users\Harish\Downloads\AI deepfake detection\AI_VOICE_DEEPFAKE_DETECTION\data\processed\features\hu_0002_part_008.npy,"[128, 126, 1]",float32
hu_0003_c_part_003,FAKE,train,C:\Users\Harish\Downloads\AI deepfake detection\AI_VOICE_DEEPFAKE_DETECTION\data\processed\features\hu_0003_c_part_003.npy,"[128, 126, 1]",float32
hu_0003_c_part_004,FAKE,train,C:\Users\Harish\Downloads\AI deepfake detection\AI_VOICE_DEEPFAKE_DETECTION\data\processed\features\hu_0003_c_part_004.npy,"[128, 126, 1]",float32
hu_0003_c_part_005,FAKE,train,C:\Users\Harish\Downloads\AI deepfake detection\AI_VOICE_DEEPFAKE_DETECTION\data\processed\features\hu_0003_c_part_005.npy,"[128, 126, 1]",float32
hu_0003_c_part_007,FAKE,train,C:\Users\Harish\Downloads\AI deepfake detection\AI_VOICE_DEEPFAKE_DETECTION\data\processed\features\hu_0003_c_part_007.npy,"[128, 126, 1]",float32
hu_0003_part_001,FAKE,train,C:\Users\Harish\Downloads\AI deepfake detection\AI_VOICE_DEEPFAKE_DETECTION\data\processed\features\hu_0003_part_001.npy,"[128, 126, 1]",float32
hu_0004_c_part_012,FAKE,train,C:\Users\Harish\Downloads\AI deepfake detection\AI_VOICE_DEEPFAKE_DETECTION\data\processed\features\hu_0004_c_part_012.npy,"[128, 126, 1]",float32
hu_0004_c_part_013,FAKE,train,C:\Users\Harish\Downloads\AI deepfake detection\AI_VOICE_DEEPFAKE_DETECTION\data\processed\features\hu_0004_c_part_013.npy,"[128, 126, 1]",float32
hu_0004_c_part_015,FAKE,train,C:\Users\Harish\Downloads\AI deepfake detection\AI_VOICE_DEEPFAKE_DETECTION\data\processed\features\hu_0004_c_part_015.npy,"[128, 126, 1]",float32
hu_0004_c_part_016,FAKE,train,C:\Users\Harish\Downloads\AI deepfake detection\AI_VOICE_DEEPFAKE_DETECTION\data\processed\features\hu_0004_c_part_016.npy,"[128, 126, 1]",float32
hu_0004_c_part_017,FAKE,train,C:\Users\Harish\Downloads\AI deepfake detection\AI_VOICE_DEEPFAKE_DETECTION\data\processed\features\hu_0004_c_part_017.npy,"[128, 126, 1]",float32
hu_0004_part_003,FAKE,train,C:\Users\Harish\Downloads\AI deepfake detection\AI_VOICE_DEEPFAKE_DETECTION\data\processed\features\hu_0004_part_003.npy,"[128, 126, 1]",float32
hu_0004_part_006,FAKE,train,C:\Users\Harish\Downloads\AI deepfake detection\AI_VOICE_DEEPFAKE_DETECTION\data\processed\features\hu_0004_part_006.npy,"[128, 126, 1]",float32
hu_0004_part_008,FAKE,train,C:\Users\Harish\Downloads\AI deepfake detection\AI_VOICE_DEEPFAKE_DETECTION\data\processed\features\hu_0004_part_008.npy,"[128, 126, 1]",float32
hu_0004_part_009,FAKE,train,C:\Users\Harish\Downloads\AI deepfake detection\AI_VOICE_DEEPFAKE_DETECTION\data\processed\features\hu_0004_part_009.npy,"[128, 126, 1]",float32
hu_0004_part_010,FAKE,train,C:\Users\Harish\Downloads\AI deepfake detection\AI_VOICE_DEEPFAKE_DETECTION\data\processed\features\hu_0004_part_010.npy,"[128, 126, 1]",float32
hu_0004_part_011,FAKE,train,C:\Users\Harish\Downloads\AI deepfake detection\AI_VOICE_DEEPFAKE_DETECTION\data\processed\features\hu_0004_part_011.npy,"[128, 126, 1]",float32
hu_0005_c_part_014,FAKE,train,C:\Users\Harish\Downloads\AI deepfake detection\AI_VOICE_DEEPFAKE_DETECTION\data\processed\features\hu_0005_c_part_014.npy,"[128, 126, 1]",float32
hu_0005_c_part_015,FAKE,train,C:\Users\Harish\Downloads\AI deepfake detection\AI_VOICE_DEEPFAKE_DETECTION\data\processed\features\hu_0005_c_part_015.npy,"[128, 126, 1]",float32
hu_0005_c_part_016,FAKE,train,C:\Users\Harish\Downloads\AI deepfake detection\AI_VOICE_DEEPFAKE_DETECTION\data\processed\features\hu_0005_c_part_016.npy,"[128, 126, 1]",float32
hu_0005_c_part_017,FAKE,train,C:\Users\Harish\Downloads\AI deepfake detection\AI_VOICE_DEEPFAKE_DETECTION\data\processed\features\hu_0005_c_part_017.npy,"[128, 126, 1]",float32
hu_0005_c_part_018,FAKE,train,C:\Users\Harish\Downloads\AI deepfake detection\AI_VOICE_DEEPFAKE_DETECTION\data\processed\features\hu_0005_c_part_018.npy,"[128, 126, 1]",float32
hu_0005_part_001,FAKE,train,C:\Users\Harish\Downloads\AI deepfake detection\AI_VOICE_DEEPFAKE_DETECTION\data\processed\features\hu_0005_part_001.npy,"[128, 126, 1]",float32
hu_0005_part_002,FAKE,train,C:\Users\Harish\Downloads\AI deepfake detection\AI_VOICE_DEEPFAKE_DETECTION\data\processed\features\hu_0005_part_002.npy,"[128, 126, 1]",float32
hu_0005_part_003,FAKE,train,C:\Users\Harish\Downloads\AI deepfake detection\AI_VOICE_DEEPFAKE_DETECTION\data\processed\features\hu_0005_part_003.npy,"[128, 126, 1]",float32
hu_0005_part_005,FAKE,train,C:\Users\Harish\Downloads\AI deepfake detection\AI_VOICE_DEEPFAKE_DETECTION\data\processed\features\hu_0005_part_005.npy,"[128, 126, 1]",float32
hu_0005_part_006,FAKE,train,C:\Users\Harish\Downloads\AI deepfake detection\AI_VOICE_DEEPFAKE_DETECTION\data\processed\features\hu_0005_part_006.npy,"[128, 126, 1]",float32
hu_0005_part_007,FAKE,train,C:\Users\Harish\Downloads\AI deepfake detection\AI_VOICE_DEEPFAKE_DETECTION\data\processed\features\hu_0005_part_007.npy,"[128, 126, 1]",float32
hu_0005_part_008,FAKE,train,C:\Users\Harish\Downloads\AI deepfake detection\AI_VOICE_DEEPFAKE_DETECTION\data\processed\features\hu_0005_part_008.npy,"[128, 126, 1]",float32
hu_0005_part_009,FAKE,train,C:\Users\Harish\Downloads\AI deepfake detection\AI_VOICE_DEEPFAKE_DETECTION\data\processed\features\hu_0005_part_009.npy,"[128, 126, 1]",float32
hu_0005_part_010,FAKE,train,C:\Users\Harish\Downloads\AI deepfake detection\AI_VOICE_DEEPFAKE_DETECTION\data\processed\features\hu_0005_part_010.npy,"[128, 126, 1]",float32
hu_0005_part_011,FAKE,train,C:\Users\Harish\Downloads\AI deepfake detection\AI_VOICE_DEEPFAKE_DETECTION\data\processed\features\hu_0005_part_011.npy,"[128, 126, 1]",float32
hu_0006_c_part_006,FAKE,train,C:\Users\Harish\Downloads\AI deepfake detection\AI_VOICE_DEEPFAKE_DETECTION\data\processed\features\hu_0006_c_part_006.npy,"[128, 126, 1]",float32
hu_0006_part_002,FAKE,train,C:\Users\Harish\Downloads\AI deepfake detection\AI_VOICE_DEEPFAKE_DETECTION\data\processed\features\hu_0006_part_002.npy,"[128, 126, 1]",float32
hu_0006_part_003,FAKE,train,C:\Users\Harish\Downloads\AI deepfake detection\AI_VOICE_DEEPFAKE_DETECTION\data\processed\features\hu_0006_part_003.npy,"[128, 126, 1]",float32
hu_0006_part_004,FAKE,train,C:\Users\Harish\Downloads\AI deepfake detection\AI_VOICE_DEEPFAKE_DETECTION\data\processed\features\hu_0006_part_004.npy,"[128, 126, 1]",float32
hu_0006_part_005,FAKE,train,C:\Users\Harish\Downloads\AI deepfake detection\AI_VOICE_DEEPFAKE_DETECTION\data\processed\features\hu_0006_part_005.npy,"[128, 126, 1]",float32
hu_0007_c_part_006,FAKE,train,C:\Users\Harish\Downloads\AI deepfake detection\AI_VOICE_DEEPFAKE_DETECTION\data\processed\features\hu_0007_c_part_006.npy,"[128, 126, 1]",float32
hu_0007_c_part_007,FAKE,train,C:\Users\Harish\Downloads\AI deepfake detection\AI_VOICE_DEEPFAKE_DETECTION\data\processed\features\hu_0007_c_part_007.npy,"[128, 126, 1]",float32
hu_0007_c_part_008,FAKE,train,C:\Users\Harish\Downloads\AI deepfake detection\AI_VOICE_DEEPFAKE_DETECTION\data\processed\features\hu_0007_c_part_008.npy,"[128, 126, 1]",float32
hu_0007_part_003,FAKE,train,C:\Users\Harish\Downloads\AI deepfake detection\AI_VOICE_DEEPFAKE_DETECTION\data\processed\features\hu_0007_part_003.npy,"[128, 126, 1]",float32
hu_0007_part_004,FAKE,train,C:\Users\Harish\Downloads\AI deepfake detection\AI_VOICE_DEEPFAKE_DETECTION\data\processed\features\hu_0007_part_004.npy,"[128, 126, 1]",float32
hu_0008_c_part_005,FAKE,train,C:\Users\Harish\Downloads\AI deepfake detection\AI_VOICE_DEEPFAKE_DETECTION\data\processed\features\hu_0008_c_part_005.npy,"[128, 126, 1]",float32
hu_0008_c_part_006,FAKE,train,C:\Users\Harish\Downloads\AI deepfake detection\AI_VOICE_DEEPFAKE_DETECTION\data\processed\features\hu_0008_c_part_006.npy,"[128, 126, 1]",float32
hu_0008_c_part_010,FAKE,train,C:\Users\Harish\Downloads\AI deepfake detection\AI_VOICE_DEEPFAKE_DETECTION\data\processed\features\hu_0008_c_part_010.npy,"[128, 126, 1]",float32
hu_0008_c_part_012,FAKE,train,C:\Users\Harish\Downloads\AI deepfake detection\AI_VOICE_DEEPFAKE_DETECTION\data\processed\features\hu_0008_c_part_012.npy,"[128, 126, 1]",float32
hu_0008_c_part_013,FAKE,train,C:\Users\Harish\Downloads\AI deepfake detection\AI_VOICE_DEEPFAKE_DETECTION\data\processed\features\hu_0008_c_part_013.npy,"[128, 126, 1]",float32
hu_0008_c_part_014,FAKE,train,C:\Users\Harish\Downloads\AI deepfake detection\AI_VOICE_DEEPFAKE_DETECTION\data\processed\features\hu_0008_c_part_014.npy,"[128, 126, 1]",float32
hu_0008_c_part_015,FAKE,train,C:\Users\Harish\Downloads\AI deepfake detection\AI_VOICE_DEEPFAKE_DETECTION\data\processed\features\hu_0008_c_part_015.npy,"[128, 126, 1]",float32
hu_0008_c_part_016,FAKE,train,C:\Users\Harish\Downloads\AI deepfake detection\AI_VOICE_DEEPFAKE_DETECTION\data\processed\features\hu_0008_c_part_016.npy,"[128, 126, 1]",float32
hu_0008_c_part_018,FAKE,train,C:\Users\Harish\Downloads\AI deepfake detection\AI_VOICE_DEEPFAKE_DETECTION\data\processed\features\hu_0008_c_part_018.npy,"[128, 126, 1]",float32
hu_0008_part_001,FAKE,train,C:\Users\Harish\Downloads\AI deepfake detection\AI_VOICE_DEEPFAKE_DETECTION\data\processed\features\hu_0008_part_001.npy,"[128, 126, 1]",float32
hu_0008_part_002,FAKE,train,C:\Users\Harish\Downloads\AI deepfake detection\AI_VOICE_DEEPFAKE_DETECTION\data\processed\features\hu_0008_part_002.npy,"[128, 126, 1]",float32
hu_0008_part_003,FAKE,train,C:\Users\Harish\Downloads\AI deepfake detection\AI_VOICE_DEEPFAKE_DETECTION\data\processed\features\hu_0008_part_003.npy,"[128, 126, 1]",float32
hu_0009_c_part_010,FAKE,train,C:\Users\Harish\Downloads\AI deepfake detection\AI_VOICE_DEEPFAKE_DETECTION\data\processed\features\hu_0009_c_part_010.npy,"[128, 126, 1]",float32
hu_0009_c_part_011,FAKE,train,C:\Users\Harish\Downloads\AI deepfake detection\AI_VOICE_DEEPFAKE_DETECTION\data\processed\features\hu_0009_c_part_011.npy,"[128, 126, 1]",float32
hu_0009_c_part_012,FAKE,train,C:\Users\Harish\Downloads\AI deepfake detection\AI_VOICE_DEEPFAKE_DETECTION\data\processed\features\hu_0009_c_part_012.npy,"[128, 126, 1]",float32
hu_0009_part_002,FAKE,train,C:\Users\Harish\Downloads\AI deepfake detection\AI_VOICE_DEEPFAKE_DETECTION\data\processed\features\hu_0009_part_002.npy,"[128, 126, 1]",float32
hu_0009_part_004,FAKE,train,C:\Users\Harish\Downloads\AI deepfake detection\AI_VOICE_DEEPFAKE_DETECTION\data\processed\features\hu_0009_part_004.npy,"[128, 126, 1]",float32
hu_0009_part_006,FAKE,train,C:\Users\Harish\Downloads\AI deepfake detection\AI_VOICE_DEEPFAKE_DETECTION\data\processed\features\hu_0009_part_006.npy,"[128, 126, 1]",float32
hu_0009_part_007,FAKE,train,C:\Users\Harish\Downloads\AI deepfake detection\AI_VOICE_DEEPFAKE_DETECTION\data\processed\features\hu_0009_part_007.npy,"[128, 126, 1]",float32
hu_0009_part_008,FAKE,train,C:\Users\Harish\Downloads\AI deepfake detection\AI_VOICE_DEEPFAKE_DETECTION\data\processed\features\hu_0009_part_008.npy,"[128, 126, 1]",float32
hu_0009_part_009,FAKE,train,C:\Users\Harish\Downloads\AI deepfake detection\AI_VOICE_DEEPFAKE_DETECTION\data\processed\features\hu_0009_part_009.npy,"[128, 126, 1]",float32
lv_0001_c_part_020,FAKE,train,C:\Users\Harish\Downloads\AI deepfake detection\AI_VOICE_DEEPFAKE_DETECTION\data\processed\features\lv_0001_c_part_020.npy,"[128, 126, 1]",float32
lv_0001_c_part_021,FAKE,train,C:\Users\Harish\Downloads\AI deepfake detection\AI_VOICE_DEEPFAKE_DETECTION\data\processed\features\lv_0001_c_part_021.npy,"[128, 126, 1]",float32
lv_0001_c_part_022,FAKE,train,C:\Users\Harish\Downloads\AI deepfake detection\AI_VOICE_DEEPFAKE_DETECTION\data\processed\features\lv_0001_c_part_022.npy,"[128, 126, 1]",float32
lv_0001_c_part_023,FAKE,train,C:\Users\Harish\Downloads\AI deepfake detection\AI_VOICE_DEEPFAKE_DETECTION\data\processed\features\lv_0001_c_part_023.npy,"[128, 126, 1]",float32
lv_0001_c_part_024,FAKE,train,C:\Users\Harish\Downloads\AI deepfake detection\AI_VOICE_DEEPFAKE_DETECTION\data\processed\features\lv_0001_c_part_024.npy,"[128, 126, 1]",float32
lv_0001_part_002,FAKE,train,C:\Users\Harish\Downloads\AI deepfake detection\AI_VOICE_DEEPFAKE_DETECTION\data\processed\features\lv_0001_part_002.npy,"[128, 126, 1]",float32
lv_0001_part_003,FAKE,train,C:\Users\Harish\Downloads\AI deepfake detection\AI_VOICE_DEEPFAKE_DETECTION\data\processed\features\lv_0001_part_003.npy,"[128, 126, 1]",float32
lv_0001_part_004,FAKE,train,C:\Users\Harish\Downloads\AI deepfake detection\AI_VOICE_DEEPFAKE_DETECTION\data\processed\features\lv_0001_part_004.npy,"[128, 126, 1]",float32
lv_0001_part_007,FAKE,train,C:\Users\Harish\Downloads\AI deepfake detection\AI_VOICE_DEEPFAKE_DETECTION\data\processed\features\lv_0001_part_007.npy,"[128, 126, 1]",float32
lv_0001_part_008,FAKE,train,C:\Users\Harish\Downloads\AI deepfake detection\AI_VOICE_DEEPFAKE_DETECTION\data\processed\features\lv_0001_part_008.npy,"[128, 126, 1]",float32
lv_0001_part_009,FAKE,train,C:\Users\Harish\Downloads\AI deepfake detection\AI_VOICE_DEEPFAKE_DETECTION\data\processed\features\lv_0001_part_009.npy,"[128, 126, 1]",float32
lv_0001_part_010,FAKE,train,C:\Users\Harish\Downloads\AI deepfake detection\AI_VOICE_DEEPFAKE_DETECTION\data\processed\features\lv_0001_part_010.npy,"[128, 126, 1]",float32
lv_0001_part_011,FAKE,train,C:\Users\Harish\Downloads\AI deepfake detection\AI_VOICE_DEEPFAKE_DETECTION\data\processed\features\lv_0001_part_011.npy,"[128, 126, 1]",float32
lv_0001_part_013,FAKE,train,C:\Users\Harish\Downloads\AI deepfake detection\AI_VOICE_DEEPFAKE_DETECTION\data\processed\features\lv_0001_part_013.npy,"[128, 126, 1]",float32
lv_0001_part_015,FAKE,train,C:\Users\Harish\Downloads\AI deepfake detection\AI_VOICE_DEEPFAKE_DETECTION\data\processed\features\lv_0001_part_015.npy,"[128, 126, 1]",float32
lv_0002_c_part_010,FAKE,train,C:\Users\Harish\Downloads\AI deepfake detection\AI_VOICE_DEEPFAKE_DETECTION\data\processed\features\lv_0002_c_part_010.npy,"[128, 126, 1]",float32
lv_0002_c_part_012,FAKE,train,C:\Users\Harish\Downloads\AI deepfake detection\AI_VOICE_DEEPFAKE_DETECTION\data\processed\features\lv_0002_c_part_012.npy,"[128, 126, 1]",float32
lv_0002_c_part_013,FAKE,train,C:\Users\Harish\Downloads\AI deepfake detection\AI_VOICE_DEEPFAKE_DETECTION\data\processed\features\lv_0002_c_part_013.npy,"[128, 126, 1]",float32
lv_0002_c_part_014,FAKE,train,C:\Users\Harish\Downloads\AI deepfake detection\AI_VOICE_DEEPFAKE_DETECTION\data\processed\features\lv_0002_c_part_014.npy,"[128, 126, 1]",float32
lv_0002_c_part_015,FAKE,train,C:\Users\Harish\Downloads\AI deepfake detection\AI_VOICE_DEEPFAKE_DETECTION\data\processed\features\lv_0002_c_part_015.npy,"[128, 126, 1]",float32
lv_0002_c_part_016,FAKE,train,C:\Users\Harish\Downloads\AI deepfake detection\AI_VOICE_DEEPFAKE_DETECTION\data\processed\features\lv_0002_c_part_016.npy,"[128, 126, 1]",float32
lv_0002_c_part_017,FAKE,train,C:\Users\Harish\Downloads\AI deepfake detection\AI_VOICE_DEEPFAKE_DETECTION\data\processed\features\lv_0002_c_part_017.npy,"[128, 126, 1]",float32
lv_0002_c_part_018,FAKE,train,C:\Users\Harish\Downloads\AI deepfake detection\AI_VOICE_DEEPFAKE_DETECTION\data\processed\features\lv_0002_c_part_018.npy,"[128, 126, 1]",float32
lv_0002_c_part_019,FAKE,train,C:\Users\Harish\Downloads\AI deepfake detection\AI_VOICE_DEEPFAKE_DETECTION\data\processed\features\lv_0002_c_part_019.npy,"[128, 126, 1]",float32
lv_0002_c_part_021,FAKE,train,C:\Users\Harish\Downloads\AI deepfake detection\AI_VOICE_DEEPFAKE_DETECTION\data\processed\features\lv_0002_c_part_021.npy,"[128, 126, 1]",float32
lv_0002_c_part_024,FAKE,train,C:\Users\Harish\Downloads\AI deepfake detection\AI_VOICE_DEEPFAKE_DETECTION\data\processed\features\lv_0002_c_part_024.npy,"[128, 126, 1]",float32
lv_0002_part_002,FAKE,train,C:\Users\Harish\Downloads\AI deepfake detection\AI_VOICE_DEEPFAKE_DETECTION\data\processed\features\lv_0002_part_002.npy,"[128, 126, 1]",float32
lv_0002_part_003,FAKE,train,C:\Users\Harish\Downloads\AI deepfake detection\AI_VOICE_DEEPFAKE_DETECTION\data\processed\features\lv_0002_part_003.npy,"[128, 126, 1]",float32
lv_0002_part_004,FAKE,train,C:\Users\Harish\Downloads\AI deepfake detection\AI_VOICE_DEEPFAKE_DETECTION\data\processed\features\lv_0002_part_004.npy,"[128, 126, 1]",float32
lv_0002_part_005,FAKE,train,C:\Users\Harish\Downloads\AI deepfake detection\AI_VOICE_DEEPFAKE_DETECTION\data\processed\features\lv_0002_part_005.npy,"[128, 126, 1]",float32
lv_0002_part_006,FAKE,train,C:\Users\Harish\Downloads\AI deepfake detection\AI_VOICE_DEEPFAKE_DETECTION\data\processed\features\lv_0002_part_006.npy,"[128, 126, 1]",float32
lv_0002_part_007,FAKE,train,C:\Users\Harish\Downloads\AI deepfake detection\AI_VOICE_DEEPFAKE_DETECTION\data\processed\features\lv_0002_part_007.npy,"[128, 126, 1]",float32
lv_0002_part_009,FAKE,train,C:\Users\Harish\Downloads\AI deepfake detection\AI_VOICE_DEEPFAKE_DETECTION\data\processed\features\lv_0002_part_009.npy,"[128, 126, 1]",float32
lv_0003_c_part_013,FAKE,train,C:\Users\Harish\Downloads\AI deepfake detection\AI_VOICE_DEEPFAKE_DETECTION\data\processed\features\lv_0003_c_part_013.npy,"[128, 126, 1]",float32
lv_0003_c_part_014,FAKE,train,C:\Users\Harish\Downloads\AI deepfake detection\AI_VOICE_DEEPFAKE_DETECTION\data\processed\features\lv_0003_c_part_014.npy,"[128, 126, 1]",float32
lv_0003_c_part_016,FAKE,train,C:\Users\Harish\Downloads\AI deepfake detection\AI_VOICE_DEEPFAKE_DETECTION\data\processed\features\lv_0003_c_part_016.npy,"[128, 126, 1]",float32
lv_0003_c_part_017,FAKE,train,C:\Users\Harish\Downloads\AI deepfake detection\AI_VOICE_DEEPFAKE_DETECTION\data\processed\features\lv_0003_c_part_017.npy,"[128, 126, 1]",float32
lv_0003_c_part_020,FAKE,train,C:\Users\Harish\Downloads\AI deepfake detection\AI_VOICE_DEEPFAKE_DETECTION\data\processed\features\lv_0003_c_part_020.npy,"[128, 126, 1]",float32
lv_0003_c_part_021,FAKE,train,C:\Users\Harish\Downloads\AI deepfake detection\AI_VOICE_DEEPFAKE_DETECTION\data\processed\features\lv_0003_c_part_021.npy,"[128, 126, 1]",float32
lv_0003_c_part_022,FAKE,train,C:\Users\Harish\Downloads\AI deepfake detection\AI_VOICE_DEEPFAKE_DETECTION\data\processed\features\lv_0003_c_part_022.npy,"[128, 126, 1]",float32
lv_0003_c_part_023,FAKE,train,C:\Users\Harish\Downloads\AI deepfake detection\AI_VOICE_DEEPFAKE_DETECTION\data\processed\features\lv_0003_c_part_023.npy,"[128, 126, 1]",float32
lv_0003_part_002,FAKE,train,C:\Users\Harish\Downloads\AI deepfake detection\AI_VOICE_DEEPFAKE_DETECTION\data\processed\features\lv_0003_part_002.npy,"[128, 126, 1]",float32
lv_0003_part_005,FAKE,train,C:\Users\Harish\Downloads\AI deepfake detection\AI_VOICE_DEEPFAKE_DETECTION\data\processed\features\lv_0003_part_005.npy,"[128, 126, 1]",float32
lv_0003_part_006,FAKE,train,C:\Users\Harish\Downloads\AI deepfake detection\AI_VOICE_DEEPFAKE_DETECTION\data\processed\features\lv_0003_part_006.npy,"[128, 126, 1]",float32
lv_0003_part_009,FAKE,train,C:\Users\Harish\Downloads\AI deepfake detection\AI_VOICE_DEEPFAKE_DETECTION\data\processed\features\lv_0003_part_009.npy,"[128, 126, 1]",float32
lv_0003_part_010,FAKE,train,C:\Users\Harish\Downloads\AI deepfake detection\AI_VOICE_DEEPFAKE_DETECTION\data\processed\features\lv_0003_part_010.npy,"[128, 126, 1]",float32
lv_0003_part_011,FAKE,train,C:\Users\Harish\Downloads\AI deepfake detection\AI_VOICE_DEEPFAKE_DETECTION\data\processed\features\lv_0003_part_011.npy,"[128, 126, 1]",float32
lv_0003_part_012,FAKE,train,C:\Users\Harish\Downloads\AI deepfake detection\AI_VOICE_DEEPFAKE_DETECTION\data\processed\features\lv_0003_part_012.npy,"[128, 126, 1]",float32
lv_0004_c_part_021,FAKE,train,C:\Users\Harish\Downloads\AI deepfake detection\AI_VOICE_DEEPFAKE_DETECTION\data\processed\features\lv_0004_c_part_021.npy,"[128, 126, 1]",float32
lv_0004_c_part_022,FAKE,train,C:\Users\Harish\Downloads\AI deepfake detection\AI_VOICE_DEEPFAKE_DETECTION\data\processed\features\lv_0004_c_part_022.npy,"[128, 126, 1]",float32
lv_0004_c_part_025,FAKE,train,C:\Users\Harish\Downloads\AI deepfake detection\AI_VOICE_DEEPFAKE_DETECTION\data\processed\features\lv_0004_c_part_025.npy,"[128, 126, 1]",float32
lv_0004_c_part_026,FAKE,train,C:\Users\Harish\Downloads\AI deepfake detection\AI_VOICE_DEEPFAKE_DETECTION\data\processed\features\lv_0004_c_part_026.npy,"[128, 126, 1]",float32
lv_0004_c_part_027,FAKE,train,C:\Users\Harish\Downloads\AI deepfake detection\AI_VOICE_DEEPFAKE_DETECTION\data\processed\features\lv_0004_c_part_027.npy,"[128, 126, 1]",float32
lv_0004_c_part_028,FAKE,train,C:\Users\Harish\Downloads\AI deepfake detection\AI_VOICE_DEEPFAKE_DETECTION\data\processed\features\lv_0004_c_part_028.npy,"[128, 126, 1]",float32
lv_0004_c_part_029,FAKE,train,C:\Users\Harish\Downloads\AI deepfake detection\AI_VOICE_DEEPFAKE_DETECTION\data\processed\features\lv_0004_c_part_029.npy,"[128, 126, 1]",float32
lv_0004_part_001,FAKE,train,C:\Users\Harish\Downloads\AI deepfake detection\AI_VOICE_DEEPFAKE_DETECTION\data\processed\features\lv_0004_part_001.npy,"[128, 126, 1]",float32
lv_0004_part_002,FAKE,train,C:\Users\Harish\Downloads\AI deepfake detection\AI_VOICE_DEEPFAKE_DETECTION\data\processed\features\lv_0004_part_002.npy,"[128, 126, 1]",float32
lv_0004_part_003,FAKE,train,C:\Users\Harish\Downloads\AI deepfake detection\AI_VOICE_DEEPFAKE_DETECTION\data\processed\features\lv_0004_part_003.npy,"[128, 126, 1]",float32
lv_0004_part_005,FAKE,train,C:\Users\Harish\Downloads\AI deepfake detection\AI_VOICE_DEEPFAKE_DETECTION\data\processed\features\lv_0004_part_005.npy,"[128, 126, 1]",float32
lv_0004_part_006,FAKE,train,C:\Users\Harish\Downloads\AI deepfake detection\AI_VOICE_DEEPFAKE_DETECTION\data\processed\features\lv_0004_part_006.npy,"[128, 126, 1]",float32
lv_0004_part_007,FAKE,train,C:\Users\Harish\Downloads\AI deepfake detection\AI_VOICE_DEEPFAKE_DETECTION\data\processed\features\lv_0004_part_007.npy,"[128, 126, 1]",float32
lv_0004_part_008,FAKE,train,C:\Users\Harish\Downloads\AI deepfake detection\AI_VOICE_DEEPFAKE_DETECTION\data\processed\features\lv_0004_part_008.npy,"[128, 126, 1]",float32
lv_0004_part_009,FAKE,train,C:\Users\Harish\Downloads\AI deepfake detection\AI_VOICE_DEEPFAKE_DETECTION\data\processed\features\lv_0004_part_009.npy,"[128, 126, 1]",float32
lv_0004_part_011,FAKE,train,C:\Users\Harish\Downloads\AI deepfake detection\AI_VOICE_DEEPFAKE_DETECTION\data\processed\features\lv_0004_part_011.npy,"[128, 126, 1]",float32
lv_0004_part_012,FAKE,train,C:\Users\Harish\Downloads\AI deepfake detection\AI_VOICE_DEEPFAKE_DETECTION\data\processed\features\lv_0004_part_012.npy,"[128, 126, 1]",float32
lv_0004_part_013,FAKE,train,C:\Users\Harish\Downloads\AI deepfake detection\AI_VOICE_DEEPFAKE_DETECTION\data\processed\features\lv_0004_part_013.npy,"[128, 126, 1]",float32
lv_0004_part_016,FAKE,train,C:\Users\Harish\Downloads\AI deepfake detection\AI_VOICE_DEEPFAKE_DETECTION\data\processed\features\lv_0004_part_016.npy,"[128, 126, 1]",float32
lv_0004_part_017,FAKE,train,C:\Users\Harish\Downloads\AI deepfake detection\AI_VOICE_DEEPFAKE_DETECTION\data\processed\features\lv_0004_part_017.npy,"[128, 126, 1]",float32
lv_0004_part_020,FAKE,train,C:\Users\Harish\Downloads\AI deepfake detection\AI_VOICE_DEEPFAKE_DETECTION\data\processed\features\lv_0004_part_020.npy,"[128, 126, 1]",float32
lv_0005_c_part_018,FAKE,train,C:\Users\Harish\Downloads\AI deepfake detection\AI_VOICE_DEEPFAKE_DETECTION\data\processed\features\lv_0005_c_part_018.npy,"[128, 126, 1]",float32
lv_0005_c_part_020,FAKE,train,C:\Users\Harish\Downloads\AI deepfake detection\AI_VOICE_DEEPFAKE_DETECTION\data\processed\features\lv_0005_c_part_020.npy,"[128, 126, 1]",float32
lv_0005_c_part_021,FAKE,train,C:\Users\Harish\Downloads\AI deepfake detection\AI_VOICE_DEEPFAKE_DETECTION\data\processed\features\lv_0005_c_part_021.npy,"[128, 126, 1]",float32
lv_0005_c_part_022,FAKE,train,C:\Users\Harish\Downloads\AI deepfake detection\AI_VOICE_DEEPFAKE_DETECTION\data\processed\features\lv_0005_c_part_022.npy,"[128, 126, 1]",float32
lv_0005_c_part_023,FAKE,train,C:\Users\Harish\Downloads\AI deepfake detection\AI_VOICE_DEEPFAKE_DETECTION\data\processed\features\lv_0005_c_part_023.npy,"[128, 126, 1]",float32
lv_0005_c_part_024,FAKE,train,C:\Users\Harish\Downloads\AI deepfake detection\AI_VOICE_DEEPFAKE_DETECTION\data\processed\features\lv_0005_c_part_024.npy,"[128, 126, 1]",float32
lv_0005_c_part_026,FAKE,train,C:\Users\Harish\Downloads\AI deepfake detection\AI_VOICE_DEEPFAKE_DETECTION\data\processed\features\lv_0005_c_part_026.npy,"[128, 126, 1]",float32
lv_0005_c_part_027,FAKE,train,C:\Users\Harish\Downloads\AI deepfake detection\AI_VOICE_DEEPFAKE_DETECTION\data\processed\features\lv_0005_c_part_027.npy,"[128, 126, 1]",float32
lv_0005_c_part_028,FAKE,train,C:\Users\Harish\Downloads\AI deepfake detection\AI_VOICE_DEEPFAKE_DETECTION\data\processed\features\lv_0005_c_part_028.npy,"[128, 126, 1]",float32
lv_0005_c_part_029,FAKE,train,C:\Users\Harish\Downloads\AI deepfake detection\AI_VOICE_DEEPFAKE_DETECTION\data\processed\features\lv_0005_c_part_029.npy,"[128, 126, 1]",float32
lv_0005_part_001,FAKE,train,C:\Users\Harish\Downloads\AI deepfake detection\AI_VOICE_DEEPFAKE_DETECTION\data\processed\features\lv_0005_part_001.npy,"[128, 126, 1]",float32
lv_0005_part_002,FAKE,train,C:\Users\Harish\Downloads\AI deepfake detection\AI_VOICE_DEEPFAKE_DETECTION\data\processed\features\lv_0005_part_002.npy,"[128, 126, 1]",float32
lv_0005_part_003,FAKE,train,C:\Users\Harish\Downloads\AI deepfake detection\AI_VOICE_DEEPFAKE_DETECTION\data\processed\features\lv_0005_part_003.npy,"[128, 126, 1]",float32
lv_0005_part_004,FAKE,train,C:\Users\Harish\Downloads\AI deepfake detection\AI_VOICE_DEEPFAKE_DETECTION\data\processed\features\lv_0005_part_004.npy,"[128, 126, 1]",float32
lv_0005_part_005,FAKE,train,C:\Users\Harish\Downloads\AI deepfake detection\AI_VOICE_DEEPFAKE_DETECTION\data\processed\features\lv_0005_part_005.npy,"[128, 126, 1]",float32
lv_0005_part_006,FAKE,train,C:\Users\Harish\Downloads\AI deepfake detection\AI_VOICE_DEEPFAKE_DETECTION\data\processed\features\lv_0005_part_006.npy,"[128, 126, 1]",float32
lv_0005_part_007,FAKE,train,C:\Users\Harish\Downloads\AI deepfake detection\AI_VOICE_DEEPFAKE_DETECTION\data\processed\features\lv_0005_part_007.npy,"[128, 126, 1]",float32
lv_0005_part_010,FAKE,train,C:\Users\Harish\Downloads\AI deepfake detection\AI_VOICE_DEEPFAKE_DETECTION\data\processed\features\lv_0005_part_010.npy,"[128, 126, 1]",float32
lv_0005_part_014,FAKE,train,C:\Users\Harish\Downloads\AI deepfake detection\AI_VOICE_DEEPFAKE_DETECTION\data\processed\features\lv_0005_part_014.npy,"[128, 126, 1]",float32
lv_0006_c_part_021,FAKE,train,C:\Users\Harish\Downloads\AI deepfake detection\AI_VOICE_DEEPFAKE_DETECTION\data\processed\features\lv_0006_c_part_021.npy,"[128, 126, 1]",float32
lv_0006_c_part_022,FAKE,train,C:\Users\Harish\Downloads\AI deepfake detection\AI_VOICE_DEEPFAKE_DETECTION\data\processed\features\lv_0006_c_part_022.npy,"[128, 126, 1]",float32
lv_0006_c_part_024,FAKE,train,C:\Users\Harish\Downloads\AI deepfake detection\AI_VOICE_DEEPFAKE_DETECTION\data\processed\features\lv_0006_c_part_024.npy,"[128, 126, 1]",float32
lv_0006_c_part_025,FAKE,train,C:\Users\Harish\Downloads\AI deepfake detection\AI_VOICE_DEEPFAKE_DETECTION\data\processed\features\lv_0006_c_part_025.npy,"[128, 126, 1]",float32
lv_0006_part_001,FAKE,train,C:\Users\Harish\Downloads\AI deepfake detection\AI_VOICE_DEEPFAKE_DETECTION\data\processed\features\lv_0006_part_001.npy,"[128, 126, 1]",float32
lv_0006_part_003,FAKE,train,C:\Users\Harish\Downloads\AI deepfake detection\AI_VOICE_DEEPFAKE_DETECTION\data\processed\features\lv_0006_part_003.npy,"[128, 126, 1]",float32
lv_0006_part_005,FAKE,train,C:\Users\Harish\Downloads\AI deepfake detection\AI_VOICE_DEEPFAKE_DETECTION\data\processed\features\lv_0006_part_005.npy,"[128, 126, 1]",float32
lv_0006_part_006,FAKE,train,C:\Users\Harish\Downloads\AI deepfake detection\AI_VOICE_DEEPFAKE_DETECTION\data\processed\features\lv_0006_part_006.npy,"[128, 126, 1]",float32
lv_0006_part_007,FAKE,train,C:\Users\Harish\Downloads\AI deepfake detection\AI_VOICE_DEEPFAKE_DETECTION\data\processed\features\lv_0006_part_007.npy,"[128, 126, 1]",float32
lv_0006_part_008,FAKE,train,C:\Users\Harish\Downloads\AI deepfake detection\AI_VOICE_DEEPFAKE_DETECTION\data\processed\features\lv_0006_part_008.npy,"[128, 126, 1]",float32
lv_0006_part_009,FAKE,train,C:\Users\Harish\Downloads\AI deepfake detection\AI_VOICE_DEEPFAKE_DETECTION\data\processed\features\lv_0006_part_009.npy,"[128, 126, 1]",float32
lv_0006_part_010,FAKE,train,C:\Users\Harish\Downloads\AI deepfake detection\AI_VOICE_DEEPFAKE_DETECTION\data\processed\features\lv_0006_part_010.npy,"[128, 126, 1]",float32
lv_0006_part_012,FAKE,train,C:\Users\Harish\Downloads\AI deepfake detection\AI_VOICE_DEEPFAKE_DETECTION\data\processed\features\lv_0006_part_012.npy,"[128, 126, 1]",float32
lv_0006_part_013,FAKE,train,C:\Users\Harish\Downloads\AI deepfake detection\AI_VOICE_DEEPFAKE_DETECTION\data\processed\features\lv_0006_part_013.npy,"[128, 126, 1]",float32
lv_0006_part_014,FAKE,train,C:\Users\Harish\Downloads\AI deepfake detection\AI_VOICE_DEEPFAKE_DETECTION\data\processed\features\lv_0006_part_014.npy,"[128, 126, 1]",float32
lv_0006_part_015,FAKE,train,C:\Users\Harish\Downloads\AI deepfake detection\AI_VOICE_DEEPFAKE_DETECTION\data\processed\features\lv_0006_part_015.npy,"[128, 126, 1]",float32
lv_0006_part_016,FAKE,train,C:\Users\Harish\Downloads\AI deepfake detection\AI_VOICE_DEEPFAKE_DETECTION\data\processed\features\lv_0006_part_016.npy,"[128, 126, 1]",float32
lv_0006_part_017,FAKE,train,C:\Users\Harish\Downloads\AI deepfake detection\AI_VOICE_DEEPFAKE_DETECTION\data\processed\features\lv_0006_part_017.npy,"[128, 126, 1]",float32
lv_0006_part_018,FAKE,train,C:\Users\Harish\Downloads\AI deepfake detection\AI_VOICE_DEEPFAKE_DETECTION\data\processed\features\lv_0006_part_018.npy,"[128, 126, 1]",float32
lv_0006_part_019,FAKE,train,C:\Users\Harish\Downloads\AI deepfake detection\AI_VOICE_DEEPFAKE_DETECTION\data\processed\features\lv_0006_part_019.npy,"[128, 126, 1]",float32
lv_0006_part_020,FAKE,train,C:\Users\Harish\Downloads\AI deepfake detection\AI_VOICE_DEEPFAKE_DETECTION\data\processed\features\lv_0006_part_020.npy,"[128, 126, 1]",float32
po_0001_c_part_006,FAKE,train,C:\Users\Harish\Downloads\AI deepfake detection\AI_VOICE_DEEPFAKE_DETECTION\data\processed\features\po_0001_c_part_006.npy,"[128, 126, 1]",float32
po_0001_part_001,FAKE,train,C:\Users\Harish\Downloads\AI deepfake detection\AI_VOICE_DEEPFAKE_DETECTION\data\processed\features\po_0001_part_001.npy,"[128, 126, 1]",float32
po_0001_part_002,FAKE,train,C:\Users\Harish\Downloads\AI deepfake detection\AI_VOICE_DEEPFAKE_DETECTION\data\processed\features\po_0001_part_002.npy,"[128, 126, 1]",float32
po_0001_part_003,FAKE,train,C:\Users\Harish\Downloads\AI deepfake detection\AI_VOICE_DEEPFAKE_DETECTION\data\processed\features\po_0001_part_003.npy,"[128, 126, 1]",float32
po_0001_part_004,FAKE,train,C:\Users\Harish\Downloads\AI deepfake detection\AI_VOICE_DEEPFAKE_DETECTION\data\processed\features\po_0001_part_004.npy,"[128, 126, 1]",float32
po_0002_c_part_002,FAKE,train,C:\Users\Harish\Downloads\AI deepfake detection\AI_VOICE_DEEPFAKE_DETECTION\data\processed\features\po_0002_c_part_002.npy,"[128, 126, 1]",float32
po_0002_part_001,FAKE,train,C:\Users\Harish\Downloads\AI deepfake detection\AI_VOICE_DEEPFAKE_DETECTION\data\processed\features\po_0002_part_001.npy,"[128, 126, 1]",float32
po_0002_part_002,FAKE,train,C:\Users\Harish\Downloads\AI deepfake detection\AI_VOICE_DEEPFAKE_DETECTION\data\processed\features\po_0002_part_002.npy,"[128, 126, 1]",float32
po_0002_part_003,FAKE,train,C:\Users\Harish\Downloads\AI deepfake detection\AI_VOICE_DEEPFAKE_DETECTION\data\processed\features\po_0002_part_003.npy,"[128, 126, 1]",float32
po_0002_part_004,FAKE,train,C:\Users\Harish\Downloads\AI deepfake detection\AI_VOICE_DEEPFAKE_DETECTION\data\processed\features\po_0002_part_004.npy,"[128, 126, 1]",float32
po_0002_part_005,FAKE,train,C:\Users\Harish\Downloads\AI deepfake detection\AI_VOICE_DEEPFAKE_DETECTION\data\processed\features\po_0002_part_005.npy,"[128, 126, 1]",float32
po_0002_part_006,FAKE,train,C:\Users\Harish\Downloads\AI deepfake detection\AI_VOICE_DEEPFAKE_DETECTION\data\processed\features\po_0002_part_006.npy,"[128, 126, 1]",float32
po_0002_part_007,FAKE,train,C:\Users\Harish\Downloads\AI deepfake detection\AI_VOICE_DEEPFAKE_DETECTION\data\processed\features\po_0002_part_007.npy,"[128, 126, 1]",float32
po_0003_c_part_001,FAKE,train,C:\Users\Harish\Downloads\AI deepfake detection\AI_VOICE_DEEPFAKE_DETECTION\data\processed\features\po_0003_c_part_001.npy,"[128, 126, 1]",float32
po_0003_c_part_005,FAKE,train,C:\Users\Harish\Downloads\AI deepfake detection\AI_VOICE_DEEPFAKE_DETECTION\data\processed\features\po_0003_c_part_005.npy,"[128, 126, 1]",float32
po_0003_c_part_006,FAKE,train,C:\Users\Harish\Downloads\AI deepfake detection\AI_VOICE_DEEPFAKE_DETECTION\data\processed\features\po_0003_c_part_006.npy,"[128, 126, 1]",float32
po_0003_part_001,FAKE,train,C:\Users\Harish\Downloads\AI deepfake detection\AI_VOICE_DEEPFAKE_DETECTION\data\processed\features\po_0003_part_001.npy,"[128, 126, 1]",float32
po_0003_part_002,FAKE,train,C:\Users\Harish\Downloads\AI deepfake detection\AI_VOICE_DEEPFAKE_DETECTION\data\processed\features\po_0003_part_002.npy,"[128, 126, 1]",float32
po_0003_part_004,FAKE,train,C:\Users\Harish\Downloads\AI deepfake detection\AI_VOICE_DEEPFAKE_DETECTION\data\processed\features\po_0003_part_004.npy,"[128, 126, 1]",float32
po_0004_c_part_001,FAKE,train,C:\Users\Harish\Downloads\AI deepfake detection\AI_VOICE_DEEPFAKE_DETECTION\data\processed\features\po_0004_c_part_001.npy,"[128, 126, 1]",float32
po_0004_c_part_008,FAKE,train,C:\Users\Harish\Downloads\AI deepfake detection\AI_VOICE_DEEPFAKE_DETECTION\data\processed\features\po_0004_c_part_008.npy,"[128, 126, 1]",float32
po_0004_part_001,FAKE,train,C:\Users\Harish\Downloads\AI deepfake detection\AI_VOICE_DEEPFAKE_DETECTION\data\processed\features\po_0004_part_001.npy,"[128, 126, 1]",float32
po_0004_part_003,FAKE,train,C:\Users\Harish\Downloads\AI deepfake detection\AI_VOICE_DEEPFAKE_DETECTION\data\processed\features\po_0004_part_003.npy,"[128, 126, 1]",float32
po_0004_part_004,FAKE,train,C:\Users\Harish\Downloads\AI deepfake detection\AI_VOICE_DEEPFAKE_DETECTION\data\processed\features\po_0004_part_004.npy,"[128, 126, 1]",float32
po_0004_part_005,FAKE,train,C:\Users\Harish\Downloads\AI deepfake detection\AI_VOICE_DEEPFAKE_DETECTION\data\processed\features\po_0004_part_005.npy,"[128, 126, 1]",float32
po_0004_part_006,FAKE,train,C:\Users\Harish\Downloads\AI deepfake detection\AI_VOICE_DEEPFAKE_DETECTION\data\processed\features\po_0004_part_006.npy,"[128, 126, 1]",float32
po_0004_part_007,FAKE,train,C:\Users\Harish\Downloads\AI deepfake detection\AI_VOICE_DEEPFAKE_DETECTION\data\processed\features\po_0004_part_007.npy,"[128, 126, 1]",float32
po_0005_c_part_004,FAKE,train,C:\Users\Harish\Downloads\AI deepfake detection\AI_VOICE_DEEPFAKE_DETECTION\data\processed\features\po_0005_c_part_004.npy,"[128, 126, 1]",float32
po_0005_c_part_005,FAKE,train,C:\Users\Harish\Downloads\AI deepfake detection\AI_VOICE_DEEPFAKE_DETECTION\data\processed\features\po_0005_c_part_005.npy,"[128, 126, 1]",float32
po_0005_c_part_006,FAKE,train,C:\Users\Harish\Downloads\AI deepfake detection\AI_VOICE_DEEPFAKE_DETECTION\data\processed\features\po_0005_c_part_006.npy,"[128, 126, 1]",float32
po_0005_c_part_009,FAKE,train,C:\Users\Harish\Downloads\AI deepfake detection\AI_VOICE_DEEPFAKE_DETECTION\data\processed\features\po_0005_c_part_009.npy,"[128, 126, 1]",float32
po_0005_c_part_011,FAKE,train,C:\Users\Harish\Downloads\AI deepfake detection\AI_VOICE_DEEPFAKE_DETECTION\data\processed\features\po_0005_c_part_011.npy,"[128, 126, 1]",float32
po_0005_part_001,FAKE,train,C:\Users\Harish\Downloads\AI deepfake detection\AI_VOICE_DEEPFAKE_DETECTION\data\processed\features\po_0005_part_001.npy,"[128, 126, 1]",float32
po_0005_part_003,FAKE,train,C:\Users\Harish\Downloads\AI deepfake detection\AI_VOICE_DEEPFAKE_DETECTION\data\processed\features\po_0005_part_003.npy,"[128, 126, 1]",float32
po_0006_c_part_006,FAKE,train,C:\Users\Harish\Downloads\AI deepfake detection\AI_VOICE_DEEPFAKE_DETECTION\data\processed\features\po_0006_c_part_006.npy,"[128, 126, 1]",float32
po_0006_part_002,FAKE,train,C:\Users\Harish\Downloads\AI deepfake detection\AI_VOICE_DEEPFAKE_DETECTION\data\processed\features\po_0006_part_002.npy,"[128, 126, 1]",float32
po_0006_part_003,FAKE,train,C:\Users\Harish\Downloads\AI deepfake detection\AI_VOICE_DEEPFAKE_DETECTION\data\processed\features\po_0006_part_003.npy,"[128, 126, 1]",float32
po_0006_part_005,FAKE,train,C:\Users\Harish\Downloads\AI deepfake detection\AI_VOICE_DEEPFAKE_DETECTION\data\processed\features\po_0006_part_005.npy,"[128, 126, 1]",float32
po_0007_c_part_012,FAKE,train,C:\Users\Harish\Downloads\AI deepfake detection\AI_VOICE_DEEPFAKE_DETECTION\data\processed\features\po_0007_c_part_012.npy,"[128, 126, 1]",float32
po_0007_c_part_013,FAKE,train,C:\Users\Harish\Downloads\AI deepfake detection\AI_VOICE_DEEPFAKE_DETECTION\data\processed\features\po_0007_c_part_013.npy,"[128, 126, 1]",float32
po_0007_c_part_014,FAKE,train,C:\Users\Harish\Downloads\AI deepfake detection\AI_VOICE_DEEPFAKE_DETECTION\data\processed\features\po_0007_c_part_014.npy,"[128, 126, 1]",float32
po_0007_c_part_016,FAKE,train,C:\Users\Harish\Downloads\AI deepfake detection\AI_VOICE_DEEPFAKE_DETECTION\data\processed\features\po_0007_c_part_016.npy,"[128, 126, 1]",float32
po_0007_part_002,FAKE,train,C:\Users\Harish\Downloads\AI deepfake detection\AI_VOICE_DEEPFAKE_DETECTION\data\processed\features\po_0007_part_002.npy,"[128, 126, 1]",float32
po_0007_part_004,FAKE,train,C:\Users\Harish\Downloads\AI deepfake detection\AI_VOICE_DEEPFAKE_DETECTION\data\processed\features\po_0007_part_004.npy,"[128, 126, 1]",float32
po_0007_part_005,FAKE,train,C:\Users\Harish\Downloads\AI deepfake detection\AI_VOICE_DEEPFAKE_DETECTION\data\processed\features\po_0007_part_005.npy,"[128, 126, 1]",float32
po_0007_part_006,FAKE,train,C:\Users\Harish\Downloads\AI deepfake detection\AI_VOICE_DEEPFAKE_DETECTION\data\processed\features\po_0007_part_006.npy,"[128, 126, 1]",float32
po_0007_part_007,FAKE,train,C:\Users\Harish\Downloads\AI deepfake detection\AI_VOICE_DEEPFAKE_DETECTION\data\processed\features\po_0007_part_007.npy,"[128, 126, 1]",float32
po_0007_part_008,FAKE,train,C:\Users\Harish\Downloads\AI deepfake detection\AI_VOICE_DEEPFAKE_DETECTION\data\processed\features\po_0007_part_008.npy,"[128, 126, 1]",float32
po_0007_part_009,FAKE,train,C:\Users\Harish\Downloads\AI deepfake detection\AI_VOICE_DEEPFAKE_DETECTION\data\processed\features\po_0007_part_009.npy,"[128, 126, 1]",float32
po_0007_part_010,FAKE,train,C:\Users\Harish\Downloads\AI deepfake detection\AI_VOICE_DEEPFAKE_DETECTION\data\processed\features\po_0007_part_010.npy,"[128, 126, 1]",float32
po_0008_c_part_007,FAKE,train,C:\Users\Harish\Downloads\AI deepfake detection\AI_VOICE_DEEPFAKE_DETECTION\data\processed\features\po_0008_c_part_007.npy,"[128, 126, 1]",float32
po_0008_c_part_008,FAKE,train,C:\Users\Harish\Downloads\AI deepfake detection\AI_VOICE_DEEPFAKE_DETECTION\data\processed\features\po_0008_c_part_008.npy,"[128, 126, 1]",float32
po_0008_c_part_010,FAKE,train,C:\Users\Harish\Downloads\AI deepfake detection\AI_VOICE_DEEPFAKE_DETECTION\data\processed\features\po_0008_c_part_010.npy,"[128, 126, 1]",float32
po_0008_c_part_011,FAKE,train,C:\Users\Harish\Downloads\AI deepfake detection\AI_VOICE_DEEPFAKE_DETECTION\data\processed\features\po_0008_c_part_011.npy,"[128, 126, 1]",float32
po_0008_c_part_013,FAKE,train,C:\Users\Harish\Downloads\AI deepfake detection\AI_VOICE_DEEPFAKE_DETECTION\data\processed\features\po_0008_c_part_013.npy,"[128, 126, 1]",float32
po_0008_part_001,FAKE,train,C:\Users\Harish\Downloads\AI deepfake detection\AI_VOICE_DEEPFAKE_DETECTION\data\processed\features\po_0008_part_001.npy,"[128, 126, 1]",float32
po_0008_part_002,FAKE,train,C:\Users\Harish\Downloads\AI deepfake detection\AI_VOICE_DEEPFAKE_DETECTION\data\processed\features\po_0008_part_002.npy,"[128, 126, 1]",float32
po_0008_part_003,FAKE,train,C:\Users\Harish\Downloads\AI deepfake detection\AI_VOICE_DEEPFAKE_DETECTION\data\processed\features\po_0008_part_003.npy,"[128, 126, 1]",float32
po_0008_part_004,FAKE,train,C:\Users\Harish\Downloads\AI deepfake detection\AI_VOICE_DEEPFAKE_DETECTION\data\processed\features\po_0008_part_004.npy,"[128, 126, 1]",float32
po_0008_part_005,FAKE,train,C:\Users\Harish\Downloads\AI deepfake detection\AI_VOICE_DEEPFAKE_DETECTION\data\processed\features\po_0008_part_005.npy,"[128, 126, 1]",float32
po_0009_c_part_004,FAKE,train,C:\Users\Harish\Downloads\AI deepfake detection\AI_VOICE_DEEPFAKE_DETECTION\data\processed\features\po_0009_c_part_004.npy,"[128, 126, 1]",float32
po_0009_part_002,FAKE,train,C:\Users\Harish\Downloads\AI deepfake detection\AI_VOICE_DEEPFAKE_DETECTION\data\processed\features\po_0009_part_002.npy,"[128, 126, 1]",float32
po_0009_part_003,FAKE,train,C:\Users\Harish\Downloads\AI deepfake detection\AI_VOICE_DEEPFAKE_DETECTION\data\processed\features\po_0009_part_003.npy,"[128, 126, 1]",float32
po_0010_c_part_004,FAKE,train,C:\Users\Harish\Downloads\AI deepfake detection\AI_VOICE_DEEPFAKE_DETECTION\data\processed\features\po_0010_c_part_004.npy,"[128, 126, 1]",float32
po_0010_c_part_006,FAKE,train,C:\Users\Harish\Downloads\AI deepfake detection\AI_VOICE_DEEPFAKE_DETECTION\data\processed\features\po_0010_c_part_006.npy,"[128, 126, 1]",float32
po_0010_part_003,FAKE,train,C:\Users\Harish\Downloads\AI deepfake detection\AI_VOICE_DEEPFAKE_DETECTION\data\processed\features\po_0010_part_003.npy,"[128, 126, 1]",float32
po_0018_part_001,FAKE,train,C:\Users\Harish\Downloads\AI deepfake detection\AI_VOICE_DEEPFAKE_DETECTION\data\processed\features\po_0018_part_001.npy,"[128, 126, 1]",float32
po_0022_part_001,FAKE,train,C:\Users\Harish\Downloads\AI deepfake detection\AI_VOICE_DEEPFAKE_DETECTION\data\processed\features\po_0022_part_001.npy,"[128, 126, 1]",float32
po_0025_c_part_006,FAKE,train,C:\Users\Harish\Downloads\AI deepfake detection\AI_VOICE_DEEPFAKE_DETECTION\data\processed\features\po_0025_c_part_006.npy,"[128, 126, 1]",float32
po_0025_c_part_007,FAKE,train,C:\Users\Harish\Downloads\AI deepfake detection\AI_VOICE_DEEPFAKE_DETECTION\data\processed\features\po_0025_c_part_007.npy,"[128, 126, 1]",float32
po_0025_part_001,FAKE,train,C:\Users\Harish\Downloads\AI deepfake detection\AI_VOICE_DEEPFAKE_DETECTION\data\processed\features\po_0025_part_001.npy,"[128, 126, 1]",float32
po_0025_part_002,FAKE,train,C:\Users\Harish\Downloads\AI deepfake detection\AI_VOICE_DEEPFAKE_DETECTION\data\processed\features\po_0025_part_002.npy,"[128, 126, 1]",float32
po_0025_part_003,FAKE,train,C:\Users\Harish\Downloads\AI deepfake detection\AI_VOICE_DEEPFAKE_DETECTION\data\processed\features\po_0025_part_003.npy,"[128, 126, 1]",float32
po_0025_part_004,FAKE,train,C:\Users\Harish\Downloads\AI deepfake detection\AI_VOICE_DEEPFAKE_DETECTION\data\processed\features\po_0025_part_004.npy,"[128, 126, 1]",float32
po_0025_part_005,FAKE,train,C:\Users\Harish\Downloads\AI deepfake detection\AI_VOICE_DEEPFAKE_DETECTION\data\processed\features\po_0025_part_005.npy,"[128, 126, 1]",float32
po_0026_c_part_007,FAKE,train,C:\Users\Harish\Downloads\AI deepfake detection\AI_VOICE_DEEPFAKE_DETECTION\data\processed\features\po_0026_c_part_007.npy,"[128, 126, 1]",float32
po_0026_c_part_008,FAKE,train,C:\Users\Harish\Downloads\AI deepfake detection\AI_VOICE_DEEPFAKE_DETECTION\data\processed\features\po_0026_c_part_008.npy,"[128, 126, 1]",float32
po_0026_part_001,FAKE,train,C:\Users\Harish\Downloads\AI deepfake detection\AI_VOICE_DEEPFAKE_DETECTION\data\processed\features\po_0026_part_001.npy,"[128, 126, 1]",float32
po_0026_part_002,FAKE,train,C:\Users\Harish\Downloads\AI deepfake detection\AI_VOICE_DEEPFAKE_DETECTION\data\processed\features\po_0026_part_002.npy,"[128, 126, 1]",float32
po_0026_part_003,FAKE,train,C:\Users\Harish\Downloads\AI deepfake detection\AI_VOICE_DEEPFAKE_DETECTION\data\processed\features\po_0026_part_003.npy,"[128, 126, 1]",float32
po_0026_part_006,FAKE,train,C:\Users\Harish\Downloads\AI deepfake detection\AI_VOICE_DEEPFAKE_DETECTION\data\processed\features\po_0026_part_006.npy,"[128, 126, 1]",float32
po_0027_part_001,FAKE,train,C:\Users\Harish\Downloads\AI deepfake detection\AI_VOICE_DEEPFAKE_DETECTION\data\processed\features\po_0027_part_001.npy,"[128, 126, 1]",float32
po_0027_part_002,FAKE,train,C:\Users\Harish\Downloads\AI deepfake detection\AI_VOICE_DEEPFAKE_DETECTION\data\processed\features\po_0027_part_002.npy,"[128, 126, 1]",float32
po_0027_part_003,FAKE,train,C:\Users\Harish\Downloads\AI deepfake detection\AI_VOICE_DEEPFAKE_DETECTION\data\processed\features\po_0027_part_003.npy,"[128, 126, 1]",float32
po_0027_part_004,FAKE,train,C:\Users\Harish\Downloads\AI deepfake detection\AI_VOICE_DEEPFAKE_DETECTION\data\processed\features\po_0027_part_004.npy,"[128, 126, 1]",float32
po_0027_part_005,FAKE,train,C:\Users\Harish\Downloads\AI deepfake detection\AI_VOICE_DEEPFAKE_DETECTION\data\processed\features\po_0027_part_005.npy,"[128, 126, 1]",float32
po_0027_part_006,FAKE,train,C:\Users\Harish\Downloads\AI deepfake detection\AI_VOICE_DEEPFAKE_DETECTION\data\processed\features\po_0027_part_006.npy,"[128, 126, 1]",float32
po_0028_c_part_006,FAKE,train,C:\Users\Harish\Downloads\AI deepfake detection\AI_VOICE_DEEPFAKE_DETECTION\data\processed\features\po_0028_c_part_006.npy,"[128, 126, 1]",float32
po_0028_part_001,FAKE,train,C:\Users\Harish\Downloads\AI deepfake detection\AI_VOICE_DEEPFAKE_DETECTION\data\processed\features\po_0028_part_001.npy,"[128, 126, 1]",float32
po_0028_part_003,FAKE,train,C:\Users\Harish\Downloads\AI deepfake detection\AI_VOICE_DEEPFAKE_DETECTION\data\processed\features\po_0028_part_003.npy,"[128, 126, 1]",float32
po_0028_part_005,FAKE,train,C:\Users\Harish\Downloads\AI deepfake detection\AI_VOICE_DEEPFAKE_DETECTION\data\processed\features\po_0028_part_005.npy,"[128, 126, 1]",float32
po_0029_c_part_009,FAKE,train,C:\Users\Harish\Downloads\AI deepfake detection\AI_VOICE_DEEPFAKE_DETECTION\data\processed\features\po_0029_c_part_009.npy,"[128, 126, 1]",float32
po_0029_c_part_010,FAKE,train,C:\Users\Harish\Downloads\AI deepfake detection\AI_VOICE_DEEPFAKE_DETECTION\data\processed\features\po_0029_c_part_010.npy,"[128, 126, 1]",float32
po_0029_c_part_011,FAKE,train,C:\Users\Harish\Downloads\AI deepfake detection\AI_VOICE_DEEPFAKE_DETECTION\data\processed\features\po_0029_c_part_011.npy,"[128, 126, 1]",float32
po_0029_c_part_012,FAKE,train,C:\Users\Harish\Downloads\AI deepfake detection\AI_VOICE_DEEPFAKE_DETECTION\data\processed\features\po_0029_c_part_012.npy,"[128, 126, 1]",float32
po_0029_part_002,FAKE,train,C:\Users\Harish\Downloads\AI deepfake detection\AI_VOICE_DEEPFAKE_DETECTION\data\processed\features\po_0029_part_002.npy,"[128, 126, 1]",float32
po_0029_part_004,FAKE,train,C:\Users\Harish\Downloads\AI deepfake detection\AI_VOICE_DEEPFAKE_DETECTION\data\processed\features\po_0029_part_004.npy,"[128, 126, 1]",float32
po_0029_part_005,FAKE,train,C:\Users\Harish\Downloads\AI deepfake detection\AI_VOICE_DEEPFAKE_DETECTION\data\processed\features\po_0029_part_005.npy,"[128, 126, 1]",float32
po_0029_part_007,FAKE,train,C:\Users\Harish\Downloads\AI deepfake detection\AI_VOICE_DEEPFAKE_DETECTION\data\processed\features\po_0029_part_007.npy,"[128, 126, 1]",float32
po_0029_part_008,FAKE,train,C:\Users\Harish\Downloads\AI deepfake detection\AI_VOICE_DEEPFAKE_DETECTION\data\processed\features\po_0029_part_008.npy,"[128, 126, 1]",float32
po_0030_c_part_011,FAKE,train,C:\Users\Harish\Downloads\AI deepfake detection\AI_VOICE_DEEPFAKE_DETECTION\data\processed\features\po_0030_c_part_011.npy,"[128, 126, 1]",float32
po_0030_c_part_013,FAKE,train,C:\Users\Harish\Downloads\AI deepfake detection\AI_VOICE_DEEPFAKE_DETECTION\data\processed\features\po_0030_c_part_013.npy,"[128, 126, 1]",float32
po_0030_part_002,FAKE,train,C:\Users\Harish\Downloads\AI deepfake detection\AI_VOICE_DEEPFAKE_DETECTION\data\processed\features\po_0030_part_002.npy,"[128, 126, 1]",float32
po_0030_part_003,FAKE,train,C:\Users\Harish\Downloads\AI deepfake detection\AI_VOICE_DEEPFAKE_DETECTION\data\processed\features\po_0030_part_003.npy,"[128, 126, 1]",float32
po_0030_part_004,FAKE,train,C:\Users\Harish\Downloads\AI deepfake detection\AI_VOICE_DEEPFAKE_DETECTION\data\processed\features\po_0030_part_004.npy,"[128, 126, 1]",float32
po_0030_part_005,FAKE,train,C:\Users\Harish\Downloads\AI deepfake detection\AI_VOICE_DEEPFAKE_DETECTION\data\processed\features\po_0030_part_005.npy,"[128, 126, 1]",float32
po_0030_part_006,FAKE,train,C:\Users\Harish\Downloads\AI deepfake detection\AI_VOICE_DEEPFAKE_DETECTION\data\processed\features\po_0030_part_006.npy,"[128, 126, 1]",float32
po_0030_part_007,FAKE,train,C:\Users\Harish\Downloads\AI deepfake detection\AI_VOICE_DEEPFAKE_DETECTION\data\processed\features\po_0030_part_007.npy,"[128, 126, 1]",float32
po_0030_part_009,FAKE,train,C:\Users\Harish\Downloads\AI deepfake detection\AI_VOICE_DEEPFAKE_DETECTION\data\processed\features\po_0030_part_009.npy,"[128, 126, 1]",float32
po_0031_c_part_009,FAKE,train,C:\Users\Harish\Downloads\AI deepfake detection\AI_VOICE_DEEPFAKE_DETECTION\data\processed\features\po_0031_c_part_009.npy,"[128, 126, 1]",float32
po_0031_c_part_010,FAKE,train,C:\Users\Harish\Downloads\AI deepfake detection\AI_VOICE_DEEPFAKE_DETECTION\data\processed\features\po_0031_c_part_010.npy,"[128, 126, 1]",float32
po_0031_c_part_011,FAKE,train,C:\Users\Harish\Downloads\AI deepfake detection\AI_VOICE_DEEPFAKE_DETECTION\data\processed\features\po_0031_c_part_011.npy,"[128, 126, 1]",float32
po_0031_part_003,FAKE,train,C:\Users\Harish\Downloads\AI deepfake detection\AI_VOICE_DEEPFAKE_DETECTION\data\processed\features\po_0031_part_003.npy,"[128, 126, 1]",float32
po_0031_part_005,FAKE,train,C:\Users\Harish\Downloads\AI deepfake detection\AI_VOICE_DEEPFAKE_DETECTION\data\processed\features\po_0031_part_005.npy,"[128, 126, 1]",float32
po_0031_part_006,FAKE,train,C:\Users\Harish\Downloads\AI deepfake detection\AI_VOICE_DEEPFAKE_DETECTION\data\processed\features\po_0031_part_006.npy,"[128, 126, 1]",float32
po_0031_part_008,FAKE,train,C:\Users\Harish\Downloads\AI deepfake detection\AI_VOICE_DEEPFAKE_DETECTION\data\processed\features\po_0031_part_008.npy,"[128, 126, 1]",float32
po_0032_c_part_010,FAKE,train,C:\Users\Harish\Downloads\AI deepfake detection\AI_VOICE_DEEPFAKE_DETECTION\data\processed\features\po_0032_c_part_010.npy,"[128, 126, 1]",float32
po_0032_c_part_011,FAKE,train,C:\Users\Harish\Downloads\AI deepfake detection\AI_VOICE_DEEPFAKE_DETECTION\data\processed\features\po_0032_c_part_011.npy,"[128, 126, 1]",float32
po_0032_c_part_012,FAKE,train,C:\Users\Harish\Downloads\AI deepfake detection\AI_VOICE_DEEPFAKE_DETECTION\data\processed\features\po_0032_c_part_012.npy,"[128, 126, 1]",float32
po_0032_c_part_013,FAKE,train,C:\Users\Harish\Downloads\AI deepfake detection\AI_VOICE_DEEPFAKE_DETECTION\data\processed\features\po_0032_c_part_013.npy,"[128, 126, 1]",float32
po_0032_part_002,FAKE,train,C:\Users\Harish\Downloads\AI deepfake detection\AI_VOICE_DEEPFAKE_DETECTION\data\processed\features\po_0032_part_002.npy,"[128, 126, 1]",float32
po_0032_part_003,FAKE,train,C:\Users\Harish\Downloads\AI deepfake detection\AI_VOICE_DEEPFAKE_DETECTION\data\processed\features\po_0032_part_003.npy,"[128, 126, 1]",float32
po_0032_part_004,FAKE,train,C:\Users\Harish\Downloads\AI deepfake detection\AI_VOICE_DEEPFAKE_DETECTION\data\processed\features\po_0032_part_004.npy,"[128, 126, 1]",float32
po_0032_part_005,FAKE,train,C:\Users\Harish\Downloads\AI deepfake detection\AI_VOICE_DEEPFAKE_DETECTION\data\processed\features\po_0032_part_005.npy,"[128, 126, 1]",float32
po_0032_part_008,FAKE,train,C:\Users\Harish\Downloads\AI deepfake detection\AI_VOICE_DEEPFAKE_DETECTION\data\processed\features\po_0032_part_008.npy,"[128, 126, 1]",float32
po_0032_part_009,FAKE,train,C:\Users\Harish\Downloads\AI deepfake detection\AI_VOICE_DEEPFAKE_DETECTION\data\processed\features\po_0032_part_009.npy,"[128, 126, 1]",float32
po_0033_c_part_008,FAKE,train,C:\Users\Harish\Downloads\AI deepfake detection\AI_VOICE_DEEPFAKE_DETECTION\data\processed\features\po_0033_c_part_008.npy,"[128, 126, 1]",float32
po_0033_c_part_009,FAKE,train,C:\Users\Harish\Downloads\AI deepfake detection\AI_VOICE_DEEPFAKE_DETECTION\data\processed\features\po_0033_c_part_009.npy,"[128, 126, 1]",float32
po_0033_c_part_010,FAKE,train,C:\Users\Harish\Downloads\AI deepfake detection\AI_VOICE_DEEPFAKE_DETECTION\data\processed\features\po_0033_c_part_010.npy,"[128, 126, 1]",float32
po_0033_c_part_011,FAKE,train,C:\Users\Harish\Downloads\AI deepfake detection\AI_VOICE_DEEPFAKE_DETECTION\data\processed\features\po_0033_c_part_011.npy,"[128, 126, 1]",float32
po_0033_part_001,FAKE,train,C:\Users\Harish\Downloads\AI deepfake detection\AI_VOICE_DEEPFAKE_DETECTION\data\processed\features\po_0033_part_001.npy,"[128, 126, 1]",float32
po_0033_part_003,FAKE,train,C:\Users\Harish\Downloads\AI deepfake detection\AI_VOICE_DEEPFAKE_DETECTION\data\processed\features\po_0033_part_003.npy,"[128, 126, 1]",float32
po_0033_part_005,FAKE,train,C:\Users\Harish\Downloads\AI deepfake detection\AI_VOICE_DEEPFAKE_DETECTION\data\processed\features\po_0033_part_005.npy,"[128, 126, 1]",float32
po_0033_part_006,FAKE,train,C:\Users\Harish\Downloads\AI deepfake detection\AI_VOICE_DEEPFAKE_DETECTION\data\processed\features\po_0033_part_006.npy,"[128, 126, 1]",float32
po_0034_c_part_012,FAKE,train,C:\Users\Harish\Downloads\AI deepfake detection\AI_VOICE_DEEPFAKE_DETECTION\data\processed\features\po_0034_c_part_012.npy,"[128, 126, 1]",float32
po_0034_c_part_014,FAKE,train,C:\Users\Harish\Downloads\AI deepfake detection\AI_VOICE_DEEPFAKE_DETECTION\data\processed\features\po_0034_c_part_014.npy,"[128, 126, 1]",float32
po_0034_c_part_015,FAKE,train,C:\Users\Harish\Downloads\AI deepfake detection\AI_VOICE_DEEPFAKE_DETECTION\data\processed\features\po_0034_c_part_015.npy,"[128, 126, 1]",float32
po_0034_c_part_016,FAKE,train,C:\Users\Harish\Downloads\AI deepfake detection\AI_VOICE_DEEPFAKE_DETECTION\data\processed\features\po_0034_c_part_016.npy,"[128, 126, 1]",float32
po_0034_c_part_017,FAKE,train,C:\Users\Harish\Downloads\AI deepfake detection\AI_VOICE_DEEPFAKE_DETECTION\data\processed\features\po_0034_c_part_017.npy,"[128, 126, 1]",float32
po_0034_c_part_018,FAKE,train,C:\Users\Harish\Downloads\AI deepfake detection\AI_VOICE_DEEPFAKE_DETECTION\data\processed\features\po_0034_c_part_018.npy,"[128, 126, 1]",float32
po_0034_part_002,FAKE,train,C:\Users\Harish\Downloads\AI deepfake detection\AI_VOICE_DEEPFAKE_DETECTION\data\processed\features\po_0034_part_002.npy,"[128, 126, 1]",float32
po_0034_part_003,FAKE,train,C:\Users\Harish\Downloads\AI deepfake detection\AI_VOICE_DEEPFAKE_DETECTION\data\processed\features\po_0034_part_003.npy,"[128, 126, 1]",float32
po_0034_part_004,FAKE,train,C:\Users\Harish\Downloads\AI deepfake detection\AI_VOICE_DEEPFAKE_DETECTION\data\processed\features\po_0034_part_004.npy,"[128, 126, 1]",float32
po_0034_part_009,FAKE,train,C:\Users\Harish\Downloads\AI deepfake detection\AI_VOICE_DEEPFAKE_DETECTION\data\processed\features\po_0034_part_009.npy,"[128, 126, 1]",float32
po_0034_part_010,FAKE,train,C:\Users\Harish\Downloads\AI deepfake detection\AI_VOICE_DEEPFAKE_DETECTION\data\processed\features\po_0034_part_010.npy,"[128, 126, 1]",float32
po_0034_part_011,FAKE,train,C:\Users\Harish\Downloads\AI deepfake detection\AI_VOICE_DEEPFAKE_DETECTION\data\processed\features\po_0034_part_011.npy,"[128, 126, 1]",float32
sp_0001_c_part_006,FAKE,train,C:\Users\Harish\Downloads\AI deepfake detection\AI_VOICE_DEEPFAKE_DETECTION\data\processed\features\sp_0001_c_part_006.npy,"[128, 126, 1]",float32
sp_0001_c_part_020,FAKE,train,C:\Users\Harish\Downloads\AI deepfake detection\AI_VOICE_DEEPFAKE_DETECTION\data\processed\features\sp_0001_c_part_020.npy,"[128, 126, 1]",float32
sp_0001_c_part_021,FAKE,train,C:\Users\Harish\Downloads\AI deepfake detection\AI_VOICE_DEEPFAKE_DETECTION\data\processed\features\sp_0001_c_part_021.npy,"[128, 126, 1]",float32
sp_0001_c_part_022,FAKE,train,C:\Users\Harish\Downloads\AI deepfake detection\AI_VOICE_DEEPFAKE_DETECTION\data\processed\features\sp_0001_c_part_022.npy,"[128, 126, 1]",float32
sp_0001_c_part_023,FAKE,train,C:\Users\Harish\Downloads\AI deepfake detection\AI_VOICE_DEEPFAKE_DETECTION\data\processed\features\sp_0001_c_part_023.npy,"[128, 126, 1]",float32
sp_0001_c_part_024,FAKE,train,C:\Users\Harish\Downloads\AI deepfake detection\AI_VOICE_DEEPFAKE_DETECTION\data\processed\features\sp_0001_c_part_024.npy,"[128, 126, 1]",float32
sp_0001_part_001,FAKE,train,C:\Users\Harish\Downloads\AI deepfake detection\AI_VOICE_DEEPFAKE_DETECTION\data\processed\features\sp_0001_part_001.npy,"[128, 126, 1]",float32
sp_0001_part_002,FAKE,train,C:\Users\Harish\Downloads\AI deepfake detection\AI_VOICE_DEEPFAKE_DETECTION\data\processed\features\sp_0001_part_002.npy,"[128, 126, 1]",float32
sp_0001_part_003,FAKE,train,C:\Users\Harish\Downloads\AI deepfake detection\AI_VOICE_DEEPFAKE_DETECTION\data\processed\features\sp_0001_part_003.npy,"[128, 126, 1]",float32
sp_0001_part_004,FAKE,train,C:\Users\Harish\Downloads\AI deepfake detection\AI_VOICE_DEEPFAKE_DETECTION\data\processed\features\sp_0001_part_004.npy,"[128, 126, 1]",float32
sp_0001_part_007,FAKE,train,C:\Users\Harish\Downloads\AI deepfake detection\AI_VOICE_DEEPFAKE_DETECTION\data\processed\features\sp_0001_part_007.npy,"[128, 126, 1]",float32
sp_0001_part_008,FAKE,train,C:\Users\Harish\Downloads\AI deepfake detection\AI_VOICE_DEEPFAKE_DETECTION\data\processed\features\sp_0001_part_008.npy,"[128, 126, 1]",float32
sp_0001_part_009,FAKE,train,C:\Users\Harish\Downloads\AI deepfake detection\AI_VOICE_DEEPFAKE_DETECTION\data\processed\features\sp_0001_part_009.npy,"[128, 126, 1]",float32
sp_0001_part_010,FAKE,train,C:\Users\Harish\Downloads\AI deepfake detection\AI_VOICE_DEEPFAKE_DETECTION\data\processed\features\sp_0001_part_010.npy,"[128, 126, 1]",float32
sp_0001_part_011,FAKE,train,C:\Users\Harish\Downloads\AI deepfake detection\AI_VOICE_DEEPFAKE_DETECTION\data\processed\features\sp_0001_part_011.npy,"[128, 126, 1]",float32
sp_0001_part_013,FAKE,train,C:\Users\Harish\Downloads\AI deepfake detection\AI_VOICE_DEEPFAKE_DETECTION\data\processed\features\sp_0001_part_013.npy,"[128, 126, 1]",float32
sp_0001_part_015,FAKE,train,C:\Users\Harish\Downloads\AI deepfake detection\AI_VOICE_DEEPFAKE_DETECTION\data\processed\features\sp_0001_part_015.npy,"[128, 126, 1]",float32
sp_0002_c_part_010,FAKE,train,C:\Users\Harish\Downloads\AI deepfake detection\AI_VOICE_DEEPFAKE_DETECTION\data\processed\features\sp_0002_c_part_010.npy,"[128, 126, 1]",float32
sp_0002_c_part_012,FAKE,train,C:\Users\Harish\Downloads\AI deepfake detection\AI_VOICE_DEEPFAKE_DETECTION\data\processed\features\sp_0002_c_part_012.npy,"[128, 126, 1]",float32
sp_0002_c_part_013,FAKE,train,C:\Users\Harish\Downloads\AI deepfake detection\AI_VOICE_DEEPFAKE_DETECTION\data\processed\features\sp_0002_c_part_013.npy,"[128, 126, 1]",float32
sp_0002_c_part_014,FAKE,train,C:\Users\Harish\Downloads\AI deepfake detection\AI_VOICE_DEEPFAKE_DETECTION\data\processed\features\sp_0002_c_part_014.npy,"[128, 126, 1]",float32
sp_0002_c_part_015,FAKE,train,C:\Users\Harish\Downloads\AI deepfake detection\AI_VOICE_DEEPFAKE_DETECTION\data\processed\features\sp_0002_c_part_015.npy,"[128, 126, 1]",float32
sp_0002_c_part_016,FAKE,train,C:\Users\Harish\Downloads\AI deepfake detection\AI_VOICE_DEEPFAKE_DETECTION\data\processed\features\sp_0002_c_part_016.npy,"[128, 126, 1]",float32
sp_0002_c_part_017,FAKE,train,C:\Users\Harish\Downloads\AI deepfake detection\AI_VOICE_DEEPFAKE_DETECTION\data\processed\features\sp_0002_c_part_017.npy,"[128, 126, 1]",float32
sp_0002_c_part_018,FAKE,train,C:\Users\Harish\Downloads\AI deepfake detection\AI_VOICE_DEEPFAKE_DETECTION\data\processed\features\sp_0002_c_part_018.npy,"[128, 126, 1]",float32
sp_0002_c_part_019,FAKE,train,C:\Users\Harish\Downloads\AI deepfake detection\AI_VOICE_DEEPFAKE_DETECTION\data\processed\features\sp_0002_c_part_019.npy,"[128, 126, 1]",float32
sp_0002_c_part_021,FAKE,train,C:\Users\Harish\Downloads\AI deepfake detection\AI_VOICE_DEEPFAKE_DETECTION\data\processed\features\sp_0002_c_part_021.npy,"[128, 126, 1]",float32
sp_0002_c_part_024,FAKE,train,C:\Users\Harish\Downloads\AI deepfake detection\AI_VOICE_DEEPFAKE_DETECTION\data\processed\features\sp_0002_c_part_024.npy,"[128, 126, 1]",float32
sp_0002_part_001,FAKE,train,C:\Users\Harish\Downloads\AI deepfake detection\AI_VOICE_DEEPFAKE_DETECTION\data\processed\features\sp_0002_part_001.npy,"[128, 126, 1]",float32
sp_0002_part_002,FAKE,train,C:\Users\Harish\Downloads\AI deepfake detection\AI_VOICE_DEEPFAKE_DETECTION\data\processed\features\sp_0002_part_002.npy,"[128, 126, 1]",float32
sp_0002_part_003,FAKE,train,C:\Users\Harish\Downloads\AI deepfake detection\AI_VOICE_DEEPFAKE_DETECTION\data\processed\features\sp_0002_part_003.npy,"[128, 126, 1]",float32
sp_0002_part_004,FAKE,train,C:\Users\Harish\Downloads\AI deepfake detection\AI_VOICE_DEEPFAKE_DETECTION\data\processed\features\sp_0002_part_004.npy,"[128, 126, 1]",float32
sp_0002_part_005,FAKE,train,C:\Users\Harish\Downloads\AI deepfake detection\AI_VOICE_DEEPFAKE_DETECTION\data\processed\features\sp_0002_part_005.npy,"[128, 126, 1]",float32
sp_0002_part_006,FAKE,train,C:\Users\Harish\Downloads\AI deepfake detection\AI_VOICE_DEEPFAKE_DETECTION\data\processed\features\sp_0002_part_006.npy,"[128, 126, 1]",float32
sp_0002_part_007,FAKE,train,C:\Users\Harish\Downloads\AI deepfake detection\AI_VOICE_DEEPFAKE_DETECTION\data\processed\features\sp_0002_part_007.npy,"[128, 126, 1]",float32
sp_0002_part_009,FAKE,train,C:\Users\Harish\Downloads\AI deepfake detection\AI_VOICE_DEEPFAKE_DETECTION\data\processed\features\sp_0002_part_009.npy,"[128, 126, 1]",float32
sp_0003_c_part_005,FAKE,train,C:\Users\Harish\Downloads\AI deepfake detection\AI_VOICE_DEEPFAKE_DETECTION\data\processed\features\sp_0003_c_part_005.npy,"[128, 126, 1]",float32
sp_0003_c_part_006,FAKE,train,C:\Users\Harish\Downloads\AI deepfake detection\AI_VOICE_DEEPFAKE_DETECTION\data\processed\features\sp_0003_c_part_006.npy,"[128, 126, 1]",float32
sp_0003_c_part_013,FAKE,train,C:\Users\Harish\Downloads\AI deepfake detection\AI_VOICE_DEEPFAKE_DETECTION\data\processed\features\sp_0003_c_part_013.npy,"[128, 126, 1]",float32
sp_0003_c_part_014,FAKE,train,C:\Users\Harish\Downloads\AI deepfake detection\AI_VOICE_DEEPFAKE_DETECTION\data\processed\features\sp_0003_c_part_014.npy,"[128, 126, 1]",float32
sp_0003_c_part_016,FAKE,train,C:\Users\Harish\Downloads\AI deepfake detection\AI_VOICE_DEEPFAKE_DETECTION\data\processed\features\sp_0003_c_part_016.npy,"[128, 126, 1]",float32
sp_0003_c_part_017,FAKE,train,C:\Users\Harish\Downloads\AI deepfake detection\AI_VOICE_DEEPFAKE_DETECTION\data\processed\features\sp_0003_c_part_017.npy,"[128, 126, 1]",float32
sp_0003_c_part_020,FAKE,train,C:\Users\Harish\Downloads\AI deepfake detection\AI_VOICE_DEEPFAKE_DETECTION\data\processed\features\sp_0003_c_part_020.npy,"[128, 126, 1]",float32
sp_0003_c_part_021,FAKE,train,C:\Users\Harish\Downloads\AI deepfake detection\AI_VOICE_DEEPFAKE_DETECTION\data\processed\features\sp_0003_c_part_021.npy,"[128, 126, 1]",float32
sp_0003_c_part_022,FAKE,train,C:\Users\Harish\Downloads\AI deepfake detection\AI_VOICE_DEEPFAKE_DETECTION\data\processed\features\sp_0003_c_part_022.npy,"[128, 126, 1]",float32
sp_0003_c_part_023,FAKE,train,C:\Users\Harish\Downloads\AI deepfake detection\AI_VOICE_DEEPFAKE_DETECTION\data\processed\features\sp_0003_c_part_023.npy,"[128, 126, 1]",float32
sp_0003_part_001,FAKE,train,C:\Users\Harish\Downloads\AI deepfake detection\AI_VOICE_DEEPFAKE_DETECTION\data\processed\features\sp_0003_part_001.npy,"[128, 126, 1]",float32
sp_0003_part_002,FAKE,train,C:\Users\Harish\Downloads\AI deepfake detection\AI_VOICE_DEEPFAKE_DETECTION\data\processed\features\sp_0003_part_002.npy,"[128, 126, 1]",float32
sp_0003_part_004,FAKE,train,C:\Users\Harish\Downloads\AI deepfake detection\AI_VOICE_DEEPFAKE_DETECTION\data\processed\features\sp_0003_part_004.npy,"[128, 126, 1]",float32
sp_0003_part_005,FAKE,train,C:\Users\Harish\Downloads\AI deepfake detection\AI_VOICE_DEEPFAKE_DETECTION\data\processed\features\sp_0003_part_005.npy,"[128, 126, 1]",float32
sp_0003_part_006,FAKE,train,C:\Users\Harish\Downloads\AI deepfake detection\AI_VOICE_DEEPFAKE_DETECTION\data\processed\features\sp_0003_part_006.npy,"[128, 126, 1]",float32
sp_0003_part_009,FAKE,train,C:\Users\Harish\Downloads\AI deepfake detection\AI_VOICE_DEEPFAKE_DETECTION\data\processed\features\sp_0003_part_009.npy,"[128, 126, 1]",float32
sp_0003_part_010,FAKE,train,C:\Users\Harish\Downloads\AI deepfake detection\AI_VOICE_DEEPFAKE_DETECTION\data\processed\features\sp_0003_part_010.npy,"[128, 126, 1]",float32
sp_0003_part_011,FAKE,train,C:\Users\Harish\Downloads\AI deepfake detection\AI_VOICE_DEEPFAKE_DETECTION\data\processed\features\sp_0003_part_011.npy,"[128, 126, 1]",float32
sp_0003_part_012,FAKE,train,C:\Users\Harish\Downloads\AI deepfake detection\AI_VOICE_DEEPFAKE_DETECTION\data\processed\features\sp_0003_part_012.npy,"[128, 126, 1]",float32
sp_0004_c_part_008,FAKE,train,C:\Users\Harish\Downloads\AI deepfake detection\AI_VOICE_DEEPFAKE_DETECTION\data\processed\features\sp_0004_c_part_008.npy,"[128, 126, 1]",float32
sp_0004_c_part_021,FAKE,train,C:\Users\Harish\Downloads\AI deepfake detection\AI_VOICE_DEEPFAKE_DETECTION\data\processed\features\sp_0004_c_part_021.npy,"[128, 126, 1]",float32
sp_0004_c_part_022,FAKE,train,C:\Users\Harish\Downloads\AI deepfake detection\AI_VOICE_DEEPFAKE_DETECTION\data\processed\features\sp_0004_c_part_022.npy,"[128, 126, 1]",float32
sp_0004_c_part_025,FAKE,train,C:\Users\Harish\Downloads\AI deepfake detection\AI_VOICE_DEEPFAKE_DETECTION\data\processed\features\sp_0004_c_part_025.npy,"[128, 126, 1]",float32
sp_0004_c_part_026,FAKE,train,C:\Users\Harish\Downloads\AI deepfake detection\AI_VOICE_DEEPFAKE_DETECTION\data\processed\features\sp_0004_c_part_026.npy,"[128, 126, 1]",float32
sp_0004_c_part_027,FAKE,train,C:\Users\Harish\Downloads\AI deepfake detection\AI_VOICE_DEEPFAKE_DETECTION\data\processed\features\sp_0004_c_part_027.npy,"[128, 126, 1]",float32
sp_0004_c_part_028,FAKE,train,C:\Users\Harish\Downloads\AI deepfake detection\AI_VOICE_DEEPFAKE_DETECTION\data\processed\features\sp_0004_c_part_028.npy,"[128, 126, 1]",float32
sp_0004_c_part_029,FAKE,train,C:\Users\Harish\Downloads\AI deepfake detection\AI_VOICE_DEEPFAKE_DETECTION\data\processed\features\sp_0004_c_part_029.npy,"[128, 126, 1]",float32
sp_0004_part_001,FAKE,train,C:\Users\Harish\Downloads\AI deepfake detection\AI_VOICE_DEEPFAKE_DETECTION\data\processed\features\sp_0004_part_001.npy,"[128, 126, 1]",float32
sp_0004_part_003,FAKE,train,C:\Users\Harish\Downloads\AI deepfake detection\AI_VOICE_DEEPFAKE_DETECTION\data\processed\features\sp_0004_part_003.npy,"[128, 126, 1]",float32
sp_0004_part_004,FAKE,train,C:\Users\Harish\Downloads\AI deepfake detection\AI_VOICE_DEEPFAKE_DETECTION\data\processed\features\sp_0004_part_004.npy,"[128, 126, 1]",float32
sp_0004_part_005,FAKE,train,C:\Users\Harish\Downloads\AI deepfake detection\AI_VOICE_DEEPFAKE_DETECTION\data\processed\features\sp_0004_part_005.npy,"[128, 126, 1]",float32
sp_0004_part_006,FAKE,train,C:\Users\Harish\Downloads\AI deepfake detection\AI_VOICE_DEEPFAKE_DETECTION\data\processed\features\sp_0004_part_006.npy,"[128, 126, 1]",float32
sp_0004_part_007,FAKE,train,C:\Users\Harish\Downloads\AI deepfake detection\AI_VOICE_DEEPFAKE_DETECTION\data\processed\features\sp_0004_part_007.npy,"[128, 126, 1]",float32
sp_0004_part_008,FAKE,train,C:\Users\Harish\Downloads\AI deepfake detection\AI_VOICE_DEEPFAKE_DETECTION\data\processed\features\sp_0004_part_008.npy,"[128, 126, 1]",float32
sp_0004_part_009,FAKE,train,C:\Users\Harish\Downloads\AI deepfake detection\AI_VOICE_DEEPFAKE_DETECTION\data\processed\features\sp_0004_part_009.npy,"[128, 126, 1]",float32
sp_0004_part_011,FAKE,train,C:\Users\Harish\Downloads\AI deepfake detection\AI_VOICE_DEEPFAKE_DETECTION\data\processed\features\sp_0004_part_011.npy,"[128, 126, 1]",float32
sp_0004_part_012,FAKE,train,C:\Users\Harish\Downloads\AI deepfake detection\AI_VOICE_DEEPFAKE_DETECTION\data\processed\features\sp_0004_part_012.npy,"[128, 126, 1]",float32
sp_0004_part_013,FAKE,train,C:\Users\Harish\Downloads\AI deepfake detection\AI_VOICE_DEEPFAKE_DETECTION\data\processed\features\sp_0004_part_013.npy,"[128, 126, 1]",float32
sp_0004_part_016,FAKE,train,C:\Users\Harish\Downloads\AI deepfake detection\AI_VOICE_DEEPFAKE_DETECTION\data\processed\features\sp_0004_part_016.npy,"[128, 126, 1]",float32
sp_0004_part_017,FAKE,train,C:\Users\Harish\Downloads\AI deepfake detection\AI_VOICE_DEEPFAKE_DETECTION\data\processed\features\sp_0004_part_017.npy,"[128, 126, 1]",float32
sp_0004_part_020,FAKE,train,C:\Users\Harish\Downloads\AI deepfake detection\AI_VOICE_DEEPFAKE_DETECTION\data\processed\features\sp_0004_part_020.npy,"[128, 126, 1]",float32
sp_0005_c_part_004,FAKE,train,C:\Users\Harish\Downloads\AI deepfake detection\AI_VOICE_DEEPFAKE_DETECTION\data\processed\features\sp_0005_c_part_004.npy,"[128, 126, 1]",float32
sp_0005_c_part_005,FAKE,train,C:\Users\Harish\Downloads\AI deepfake detection\AI_VOICE_DEEPFAKE_DETECTION\data\processed\features\sp_0005_c_part_005.npy,"[128, 126, 1]",float32
sp_0005_c_part_006,FAKE,train,C:\Users\Harish\Downloads\AI deepfake detection\AI_VOICE_DEEPFAKE_DETECTION\data\processed\features\sp_0005_c_part_006.npy,"[128, 126, 1]",float32
sp_0005_c_part_009,FAKE,train,C:\Users\Harish\Downloads\AI deepfake detection\AI_VOICE_DEEPFAKE_DETECTION\data\processed\features\sp_0005_c_part_009.npy,"[128, 126, 1]",float32
sp_0005_c_part_011,FAKE,train,C:\Users\Harish\Downloads\AI deepfake detection\AI_VOICE_DEEPFAKE_DETECTION\data\processed\features\sp_0005_c_part_011.npy,"[128, 126, 1]",float32
sp_0005_c_part_018,FAKE,train,C:\Users\Harish\Downloads\AI deepfake detection\AI_VOICE_DEEPFAKE_DETECTION\data\processed\features\sp_0005_c_part_018.npy,"[128, 126, 1]",float32
sp_0005_c_part_020,FAKE,train,C:\Users\Harish\Downloads\AI deepfake detection\AI_VOICE_DEEPFAKE_DETECTION\data\processed\features\sp_0005_c_part_020.npy,"[128, 126, 1]",float32
sp_0005_c_part_021,FAKE,train,C:\Users\Harish\Downloads\AI deepfake detection\AI_VOICE_DEEPFAKE_DETECTION\data\processed\features\sp_0005_c_part_021.npy,"[128, 126, 1]",float32
sp_0005_c_part_022,FAKE,train,C:\Users\Harish\Downloads\AI deepfake detection\AI_VOICE_DEEPFAKE_DETECTION\data\processed\features\sp_0005_c_part_022.npy,"[128, 126, 1]",float32
sp_0005_c_part_023,FAKE,train,C:\Users\Harish\Downloads\AI deepfake detection\AI_VOICE_DEEPFAKE_DETECTION\data\processed\features\sp_0005_c_part_023.npy,"[128, 126, 1]",float32
sp_0005_c_part_024,FAKE,train,C:\Users\Harish\Downloads\AI deepfake detection\AI_VOICE_DEEPFAKE_DETECTION\data\processed\features\sp_0005_c_part_024.npy,"[128, 126, 1]",float32
sp_0005_c_part_026,FAKE,train,C:\Users\Harish\Downloads\AI deepfake detection\AI_VOICE_DEEPFAKE_DETECTION\data\processed\features\sp_0005_c_part_026.npy,"[128, 126, 1]",float32
sp_0005_c_part_027,FAKE,train,C:\Users\Harish\Downloads\AI deepfake detection\AI_VOICE_DEEPFAKE_DETECTION\data\processed\features\sp_0005_c_part_027.npy,"[128, 126, 1]",float32
sp_0005_c_part_028,FAKE,train,C:\Users\Harish\Downloads\AI deepfake detection\AI_VOICE_DEEPFAKE_DETECTION\data\processed\features\sp_0005_c_part_028.npy,"[128, 126, 1]",float32
sp_0005_c_part_029,FAKE,train,C:\Users\Harish\Downloads\AI deepfake detection\AI_VOICE_DEEPFAKE_DETECTION\data\processed\features\sp_0005_c_part_029.npy,"[128, 126, 1]",float32
sp_0005_part_001,FAKE,train,C:\Users\Harish\Downloads\AI deepfake detection\AI_VOICE_DEEPFAKE_DETECTION\data\processed\features\sp_0005_part_001.npy,"[128, 126, 1]",float32
sp_0005_part_003,FAKE,train,C:\Users\Harish\Downloads\AI deepfake detection\AI_VOICE_DEEPFAKE_DETECTION\data\processed\features\sp_0005_part_003.npy,"[128, 126, 1]",float32
sp_0005_part_004,FAKE,train,C:\Users\Harish\Downloads\AI deepfake detection\AI_VOICE_DEEPFAKE_DETECTION\data\processed\features\sp_0005_part_004.npy,"[128, 126, 1]",float32
sp_0005_part_005,FAKE,train,C:\Users\Harish\Downloads\AI deepfake detection\AI_VOICE_DEEPFAKE_DETECTION\data\processed\features\sp_0005_part_005.npy,"[128, 126, 1]",float32
sp_0005_part_006,FAKE,train,C:\Users\Harish\Downloads\AI deepfake detection\AI_VOICE_DEEPFAKE_DETECTION\data\processed\features\sp_0005_part_006.npy,"[128, 126, 1]",float32
sp_0005_part_007,FAKE,train,C:\Users\Harish\Downloads\AI deepfake detection\AI_VOICE_DEEPFAKE_DETECTION\data\processed\features\sp_0005_part_007.npy,"[128, 126, 1]",float32
sp_0005_part_010,FAKE,train,C:\Users\Harish\Downloads\AI deepfake detection\AI_VOICE_DEEPFAKE_DETECTION\data\processed\features\sp_0005_part_010.npy,"[128, 126, 1]",float32
sp_0005_part_014,FAKE,train,C:\Users\Harish\Downloads\AI deepfake detection\AI_VOICE_DEEPFAKE_DETECTION\data\processed\features\sp_0005_part_014.npy,"[128, 126, 1]",float32
sp_0006_c_part_006,FAKE,train,C:\Users\Harish\Downloads\AI deepfake detection\AI_VOICE_DEEPFAKE_DETECTION\data\processed\features\sp_0006_c_part_006.npy,"[128, 126, 1]",float32
sp_0006_c_part_021,FAKE,train,C:\Users\Harish\Downloads\AI deepfake detection\AI_VOICE_DEEPFAKE_DETECTION\data\processed\features\sp_0006_c_part_021.npy,"[128, 126, 1]",float32
sp_0006_c_part_022,FAKE,train,C:\Users\Harish\Downloads\AI deepfake detection\AI_VOICE_DEEPFAKE_DETECTION\data\processed\features\sp_0006_c_part_022.npy,"[128, 126, 1]",float32
sp_0006_c_part_024,FAKE,train,C:\Users\Harish\Downloads\AI deepfake detection\AI_VOICE_DEEPFAKE_DETECTION\data\processed\features\sp_0006_c_part_024.npy,"[128, 126, 1]",float32
sp_0006_c_part_025,FAKE,train,C:\Users\Harish\Downloads\AI deepfake detection\AI_VOICE_DEEPFAKE_DETECTION\data\processed\features\sp_0006_c_part_025.npy,"[128, 126, 1]",float32
sp_0006_part_002,FAKE,train,C:\Users\Harish\Downloads\AI deepfake detection\AI_VOICE_DEEPFAKE_DETECTION\data\processed\features\sp_0006_part_002.npy,"[128, 126, 1]",float32
sp_0006_part_003,FAKE,train,C:\Users\Harish\Downloads\AI deepfake detection\AI_VOICE_DEEPFAKE_DETECTION\data\processed\features\sp_0006_part_003.npy,"[128, 126, 1]",float32
sp_0006_part_005,FAKE,train,C:\Users\Harish\Downloads\AI deepfake detection\AI_VOICE_DEEPFAKE_DETECTION\data\processed\features\sp_0006_part_005.npy,"[128, 126, 1]",float32
sp_0006_part_006,FAKE,train,C:\Users\Harish\Downloads\AI deepfake detection\AI_VOICE_DEEPFAKE_DETECTION\data\processed\features\sp_0006_part_006.npy,"[128, 126, 1]",float32
sp_0006_part_007,FAKE,train,C:\Users\Harish\Downloads\AI deepfake detection\AI_VOICE_DEEPFAKE_DETECTION\data\processed\features\sp_0006_part_007.npy,"[128, 126, 1]",float32
sp_0006_part_008,FAKE,train,C:\Users\Harish\Downloads\AI deepfake detection\AI_VOICE_DEEPFAKE_DETECTION\data\processed\features\sp_0006_part_008.npy,"[128, 126, 1]",float32
sp_0006_part_009,FAKE,train,C:\Users\Harish\Downloads\AI deepfake detection\AI_VOICE_DEEPFAKE_DETECTION\data\processed\features\sp_0006_part_009.npy,"[128, 126, 1]",float32
sp_0006_part_010,FAKE,train,C:\Users\Harish\Downloads\AI deepfake detection\AI_VOICE_DEEPFAKE_DETECTION\data\processed\features\sp_0006_part_010.npy,"[128, 126, 1]",float32
sp_0006_part_012,FAKE,train,C:\Users\Harish\Downloads\AI deepfake detection\AI_VOICE_DEEPFAKE_DETECTION\data\processed\features\sp_0006_part_012.npy,"[128, 126, 1]",float32
sp_0006_part_013,FAKE,train,C:\Users\Harish\Downloads\AI deepfake detection\AI_VOICE_DEEPFAKE_DETECTION\data\processed\features\sp_0006_part_013.npy,"[128, 126, 1]",float32
sp_0006_part_014,FAKE,train,C:\Users\Harish\Downloads\AI deepfake detection\AI_VOICE_DEEPFAKE_DETECTION\data\processed\features\sp_0006_part_014.npy,"[128, 126, 1]",float32
sp_0006_part_015,FAKE,train,C:\Users\Harish\Downloads\AI deepfake detection\AI_VOICE_DEEPFAKE_DETECTION\data\processed\features\sp_0006_part_015.npy,"[128, 126, 1]",float32
sp_0006_part_016,FAKE,train,C:\Users\Harish\Downloads\AI deepfake detection\AI_VOICE_DEEPFAKE_DETECTION\data\processed\features\sp_0006_part_016.npy,"[128, 126, 1]",float32
sp_0006_part_017,FAKE,train,C:\Users\Harish\Downloads\AI deepfake detection\AI_VOICE_DEEPFAKE_DETECTION\data\processed\features\sp_0006_part_017.npy,"[128, 126, 1]",float32
sp_0006_part_018,FAKE,train,C:\Users\Harish\Downloads\AI deepfake detection\AI_VOICE_DEEPFAKE_DETECTION\data\processed\features\sp_0006_part_018.npy,"[128, 126, 1]",float32
sp_0006_part_019,FAKE,train,C:\Users\Harish\Downloads\AI deepfake detection\AI_VOICE_DEEPFAKE_DETECTION\data\processed\features\sp_0006_part_019.npy,"[128, 126, 1]",float32
sp_0006_part_020,FAKE,train,C:\Users\Harish\Downloads\AI deepfake detection\AI_VOICE_DEEPFAKE_DETECTION\data\processed\features\sp_0006_part_020.npy,"[128, 126, 1]",float32
sp_0007_c_part_012,FAKE,train,C:\Users\Harish\Downloads\AI deepfake detection\AI_VOICE_DEEPFAKE_DETECTION\data\processed\features\sp_0007_c_part_012.npy,"[128, 126, 1]",float32
sp_0007_c_part_013,FAKE,train,C:\Users\Harish\Downloads\AI deepfake detection\AI_VOICE_DEEPFAKE_DETECTION\data\processed\features\sp_0007_c_part_013.npy,"[128, 126, 1]",float32
sp_0007_c_part_014,FAKE,train,C:\Users\Harish\Downloads\AI deepfake detection\AI_VOICE_DEEPFAKE_DETECTION\data\processed\features\sp_0007_c_part_014.npy,"[128, 126, 1]",float32
sp_0007_c_part_016,FAKE,train,C:\Users\Harish\Downloads\AI deepfake detection\AI_VOICE_DEEPFAKE_DETECTION\data\processed\features\sp_0007_c_part_016.npy,"[128, 126, 1]",float32
sp_0007_part_002,FAKE,train,C:\Users\Harish\Downloads\AI deepfake detection\AI_VOICE_DEEPFAKE_DETECTION\data\processed\features\sp_0007_part_002.npy,"[128, 126, 1]",float32
sp_0007_part_004,FAKE,train,C:\Users\Harish\Downloads\AI deepfake detection\AI_VOICE_DEEPFAKE_DETECTION\data\processed\features\sp_0007_part_004.npy,"[128, 126, 1]",float32
sp_0007_part_005,FAKE,train,C:\Users\Harish\Downloads\AI deepfake detection\AI_VOICE_DEEPFAKE_DETECTION\data\processed\features\sp_0007_part_005.npy,"[128, 126, 1]",float32
sp_0007_part_006,FAKE,train,C:\Users\Harish\Downloads\AI deepfake detection\AI_VOICE_DEEPFAKE_DETECTION\data\processed\features\sp_0007_part_006.npy,"[128, 126, 1]",float32
sp_0007_part_007,FAKE,train,C:\Users\Harish\Downloads\AI deepfake detection\AI_VOICE_DEEPFAKE_DETECTION\data\processed\features\sp_0007_part_007.npy,"[128, 126, 1]",float32
sp_0007_part_008,FAKE,train,C:\Users\Harish\Downloads\AI deepfake detection\AI_VOICE_DEEPFAKE_DETECTION\data\processed\features\sp_0007_part_008.npy,"[128, 126, 1]",float32
sp_0007_part_009,FAKE,train,C:\Users\Harish\Downloads\AI deepfake detection\AI_VOICE_DEEPFAKE_DETECTION\data\processed\features\sp_0007_part_009.npy,"[128, 126, 1]",float32
sp_0007_part_010,FAKE,train,C:\Users\Harish\Downloads\AI deepfake detection\AI_VOICE_DEEPFAKE_DETECTION\data\processed\features\sp_0007_part_010.npy,"[128, 126, 1]",float32
sp_0008_c_part_007,FAKE,train,C:\Users\Harish\Downloads\AI deepfake detection\AI_VOICE_DEEPFAKE_DETECTION\data\processed\features\sp_0008_c_part_007.npy,"[128, 126, 1]",float32
sp_0008_c_part_008,FAKE,train,C:\Users\Harish\Downloads\AI deepfake detection\AI_VOICE_DEEPFAKE_DETECTION\data\processed\features\sp_0008_c_part_008.npy,"[128, 126, 1]",float32
sp_0008_c_part_010,FAKE,train,C:\Users\Harish\Downloads\AI deepfake detection\AI_VOICE_DEEPFAKE_DETECTION\data\processed\features\sp_0008_c_part_010.npy,"[128, 126, 1]",float32
sp_0008_c_part_011,FAKE,train,C:\Users\Harish\Downloads\AI deepfake detection\AI_VOICE_DEEPFAKE_DETECTION\data\processed\features\sp_0008_c_part_011.npy,"[128, 126, 1]",float32
sp_0008_c_part_013,FAKE,train,C:\Users\Harish\Downloads\AI deepfake detection\AI_VOICE_DEEPFAKE_DETECTION\data\processed\features\sp_0008_c_part_013.npy,"[128, 126, 1]",float32
sp_0008_part_001,FAKE,train,C:\Users\Harish\Downloads\AI deepfake detection\AI_VOICE_DEEPFAKE_DETECTION\data\processed\features\sp_0008_part_001.npy,"[128, 126, 1]",float32
sp_0008_part_002,FAKE,train,C:\Users\Harish\Downloads\AI deepfake detection\AI_VOICE_DEEPFAKE_DETECTION\data\processed\features\sp_0008_part_002.npy,"[128, 126, 1]",float32
sp_0008_part_003,FAKE,train,C:\Users\Harish\Downloads\AI deepfake detection\AI_VOICE_DEEPFAKE_DETECTION\data\processed\features\sp_0008_part_003.npy,"[128, 126, 1]",float32
sp_0008_part_004,FAKE,train,C:\Users\Harish\Downloads\AI deepfake detection\AI_VOICE_DEEPFAKE_DETECTION\data\processed\features\sp_0008_part_004.npy,"[128, 126, 1]",float32
sp_0008_part_005,FAKE,train,C:\Users\Harish\Downloads\AI deepfake detection\AI_VOICE_DEEPFAKE_DETECTION\data\processed\features\sp_0008_part_005.npy,"[128, 126, 1]",float32
sp_0009_c_part_004,FAKE,train,C:\Users\Harish\Downloads\AI deepfake detection\AI_VOICE_DEEPFAKE_DETECTION\data\processed\features\sp_0009_c_part_004.npy,"[128, 126, 1]",float32
sp_0009_part_002,FAKE,train,C:\Users\Harish\Downloads\AI deepfake detection\AI_VOICE_DEEPFAKE_DETECTION\data\processed\features\sp_0009_part_002.npy,"[128, 126, 1]",float32
sp_0009_part_003,FAKE,train,C:\Users\Harish\Downloads\AI deepfake detection\AI_VOICE_DEEPFAKE_DETECTION\data\processed\features\sp_0009_part_003.npy,"[128, 126, 1]",float32
sp_0010_c_part_004,FAKE,train,C:\Users\Harish\Downloads\AI deepfake detection\AI_VOICE_DEEPFAKE_DETECTION\data\processed\features\sp_0010_c_part_004.npy,"[128, 126, 1]",float32
sp_0010_c_part_006,FAKE,train,C:\Users\Harish\Downloads\AI deepfake detection\AI_VOICE_DEEPFAKE_DETECTION\data\processed\features\sp_0010_c_part_006.npy,"[128, 126, 1]",float32
sp_0010_part_003,FAKE,train,C:\Users\Harish\Downloads\AI deepfake detection\AI_VOICE_DEEPFAKE_DETECTION\data\processed\features\sp_0010_part_003.npy,"[128, 126, 1]",float32
yt_0000_part_014,REAL,validation,C:\Users\Harish\Downloads\AI deepfake detection\AI_VOICE_DEEPFAKE_DETECTION\data\processed\features\yt_0000_part_014.npy,"[128, 126, 1]",float32
yt_0000_part_026,REAL,validation,C:\Users\Harish\Downloads\AI deepfake detection\AI_VOICE_DEEPFAKE_DETECTION\data\processed\features\yt_0000_part_026.npy,"[128, 126, 1]",float32
yt_0000_part_034,REAL,validation,C:\Users\Harish\Downloads\AI deepfake detection\AI_VOICE_DEEPFAKE_DETECTION\data\processed\features\yt_0000_part_034.npy,"[128, 126, 1]",float32
yt_0000_part_053,REAL,validation,C:\Users\Harish\Downloads\AI deepfake detection\AI_VOICE_DEEPFAKE_DETECTION\data\processed\features\yt_0000_part_053.npy,"[128, 126, 1]",float32
yt_0000_part_070,REAL,validation,C:\Users\Harish\Downloads\AI deepfake detection\AI_VOICE_DEEPFAKE_DETECTION\data\processed\features\yt_0000_part_070.npy,"[128, 126, 1]",float32
yt_0000_part_073,REAL,validation,C:\Users\Harish\Downloads\AI deepfake detection\AI_VOICE_DEEPFAKE_DETECTION\data\processed\features\yt_0000_part_073.npy,"[128, 126, 1]",float32
yt_0000_part_080,REAL,validation,C:\Users\Harish\Downloads\AI deepfake detection\AI_VOICE_DEEPFAKE_DETECTION\data\processed\features\yt_0000_part_080.npy,"[128, 126, 1]",float32
yt_0000_part_082,REAL,validation,C:\Users\Harish\Downloads\AI deepfake detection\AI_VOICE_DEEPFAKE_DETECTION\data\processed\features\yt_0000_part_082.npy,"[128, 126, 1]",float32
yt_0000_part_093,REAL,validation,C:\Users\Harish\Downloads\AI deepfake detection\AI_VOICE_DEEPFAKE_DETECTION\data\processed\features\yt_0000_part_093.npy,"[128, 126, 1]",float32
yt_0000_part_099,REAL,validation,C:\Users\Harish\Downloads\AI deepfake detection\AI_VOICE_DEEPFAKE_DETECTION\data\processed\features\yt_0000_part_099.npy,"[128, 126, 1]",float32
yt_0000_part_108,REAL,validation,C:\Users\Harish\Downloads\AI deepfake detection\AI_VOICE_DEEPFAKE_DETECTION\data\processed\features\yt_0000_part_108.npy,"[128, 126, 1]",float32
yt_0000_part_118,REAL,validation,C:\Users\Harish\Downloads\AI deepfake detection\AI_VOICE_DEEPFAKE_DETECTION\data\processed\features\yt_0000_part_118.npy,"[128, 126, 1]",float32
yt_0000_part_146,REAL,validation,C:\Users\Harish\Downloads\AI deepfake detection\AI_VOICE_DEEPFAKE_DETECTION\data\processed\features\yt_0000_part_146.npy,"[128, 126, 1]",float32
yt_0000_part_149,REAL,validation,C:\Users\Harish\Downloads\AI deepfake detection\AI_VOICE_DEEPFAKE_DETECTION\data\processed\features\yt_0000_part_149.npy,"[128, 126, 1]",float32
yt_0000_part_153,REAL,validation,C:\Users\Harish\Downloads\AI deepfake detection\AI_VOICE_DEEPFAKE_DETECTION\data\processed\features\yt_0000_part_153.npy,"[128, 126, 1]",float32
yt_0001_part_005,REAL,validation,C:\Users\Harish\Downloads\AI deepfake detection\AI_VOICE_DEEPFAKE_DETECTION\data\processed\features\yt_0001_part_005.npy,"[128, 126, 1]",float32
yt_0001_part_013,REAL,validation,C:\Users\Harish\Downloads\AI deepfake detection\AI_VOICE_DEEPFAKE_DETECTION\data\processed\features\yt_0001_part_013.npy,"[128, 126, 1]",float32
yt_0001_part_016,REAL,validation,C:\Users\Harish\Downloads\AI deepfake detection\AI_VOICE_DEEPFAKE_DETECTION\data\processed\features\yt_0001_part_016.npy,"[128, 126, 1]",float32
yt_0002_part_012,REAL,validation,C:\Users\Harish\Downloads\AI deepfake detection\AI_VOICE_DEEPFAKE_DETECTION\data\processed\features\yt_0002_part_012.npy,"[128, 126, 1]",float32
yt_0002_part_016,REAL,validation,C:\Users\Harish\Downloads\AI deepfake detection\AI_VOICE_DEEPFAKE_DETECTION\data\processed\features\yt_0002_part_016.npy,"[128, 126, 1]",float32
yt_0002_part_027,REAL,validation,C:\Users\Harish\Downloads\AI deepfake detection\AI_VOICE_DEEPFAKE_DETECTION\data\processed\features\yt_0002_part_027.npy,"[128, 126, 1]",float32
yt_0003_part_002,REAL,validation,C:\Users\Harish\Downloads\AI deepfake detection\AI_VOICE_DEEPFAKE_DETECTION\data\processed\features\yt_0003_part_002.npy,"[128, 126, 1]",float32
yt_0003_part_008,REAL,validation,C:\Users\Harish\Downloads\AI deepfake detection\AI_VOICE_DEEPFAKE_DETECTION\data\processed\features\yt_0003_part_008.npy,"[128, 126, 1]",float32
yt_0004_part_007,REAL,validation,C:\Users\Harish\Downloads\AI deepfake detection\AI_VOICE_DEEPFAKE_DETECTION\data\processed\features\yt_0004_part_007.npy,"[128, 126, 1]",float32
yt_0004_part_021,REAL,validation,C:\Users\Harish\Downloads\AI deepfake detection\AI_VOICE_DEEPFAKE_DETECTION\data\processed\features\yt_0004_part_021.npy,"[128, 126, 1]",float32
yt_0004_part_031,REAL,validation,C:\Users\Harish\Downloads\AI deepfake detection\AI_VOICE_DEEPFAKE_DETECTION\data\processed\features\yt_0004_part_031.npy,"[128, 126, 1]",float32
yt_0004_part_040,REAL,validation,C:\Users\Harish\Downloads\AI deepfake detection\AI_VOICE_DEEPFAKE_DETECTION\data\processed\features\yt_0004_part_040.npy,"[128, 126, 1]",float32
yt_0005_part_003,REAL,validation,C:\Users\Harish\Downloads\AI deepfake detection\AI_VOICE_DEEPFAKE_DETECTION\data\processed\features\yt_0005_part_003.npy,"[128, 126, 1]",float32
yt_0005_part_017,REAL,validation,C:\Users\Harish\Downloads\AI deepfake detection\AI_VOICE_DEEPFAKE_DETECTION\data\processed\features\yt_0005_part_017.npy,"[128, 126, 1]",float32
yt_0005_part_026,REAL,validation,C:\Users\Harish\Downloads\AI deepfake detection\AI_VOICE_DEEPFAKE_DETECTION\data\processed\features\yt_0005_part_026.npy,"[128, 126, 1]",float32
yt_0006_p2_part_021,REAL,validation,C:\Users\Harish\Downloads\AI deepfake detection\AI_VOICE_DEEPFAKE_DETECTION\data\processed\features\yt_0006_p2_part_021.npy,"[128, 126, 1]",float32
yt_0006_p2_part_023,REAL,validation,C:\Users\Harish\Downloads\AI deepfake detection\AI_VOICE_DEEPFAKE_DETECTION\data\processed\features\yt_0006_p2_part_023.npy,"[128, 126, 1]",float32
yt_0006_p2_part_024,REAL,validation,C:\Users\Harish\Downloads\AI deepfake detection\AI_VOICE_DEEPFAKE_DETECTION\data\processed\features\yt_0006_p2_part_024.npy,"[128, 126, 1]",float32
yt_0006_p2_part_026,REAL,validation,C:\Users\Harish\Downloads\AI deepfake detection\AI_VOICE_DEEPFAKE_DETECTION\data\processed\features\yt_0006_p2_part_026.npy,"[128, 126, 1]",float32
yt_0006_p2_part_031,REAL,validation,C:\Users\Harish\Downloads\AI deepfake detection\AI_VOICE_DEEPFAKE_DETECTION\data\processed\features\yt_0006_p2_part_031.npy,"[128, 126, 1]",float32
yt_0006_p2_part_041,REAL,validation,C:\Users\Harish\Downloads\AI deepfake detection\AI_VOICE_DEEPFAKE_DETECTION\data\processed\features\yt_0006_p2_part_041.npy,"[128, 126, 1]",float32
yt_0006_p2_part_048,REAL,validation,C:\Users\Harish\Downloads\AI deepfake detection\AI_VOICE_DEEPFAKE_DETECTION\data\processed\features\yt_0006_p2_part_048.npy,"[128, 126, 1]",float32
yt_0006_part_027,REAL,validation,C:\Users\Harish\Downloads\AI deepfake detection\AI_VOICE_DEEPFAKE_DETECTION\data\processed\features\yt_0006_part_027.npy,"[128, 126, 1]",float32
yt_0006_part_028,REAL,validation,C:\Users\Harish\Downloads\AI deepfake detection\AI_VOICE_DEEPFAKE_DETECTION\data\processed\features\yt_0006_part_028.npy,"[128, 126, 1]",float32
yt_0006_part_034,REAL,validation,C:\Users\Harish\Downloads\AI deepfake detection\AI_VOICE_DEEPFAKE_DETECTION\data\processed\features\yt_0006_part_034.npy,"[128, 126, 1]",float32
yt_0007_p2_part_034,REAL,validation,C:\Users\Harish\Downloads\AI deepfake detection\AI_VOICE_DEEPFAKE_DETECTION\data\processed\features\yt_0007_p2_part_034.npy,"[128, 126, 1]",float32
yt_0007_part_010,REAL,validation,C:\Users\Harish\Downloads\AI deepfake detection\AI_VOICE_DEEPFAKE_DETECTION\data\processed\features\yt_0007_part_010.npy,"[128, 126, 1]",float32
yt_0007_part_023,REAL,validation,C:\Users\Harish\Downloads\AI deepfake detection\AI_VOICE_DEEPFAKE_DETECTION\data\processed\features\yt_0007_part_023.npy,"[128, 126, 1]",float32
yt_0008_part_009,REAL,validation,C:\Users\Harish\Downloads\AI deepfake detection\AI_VOICE_DEEPFAKE_DETECTION\data\processed\features\yt_0008_part_009.npy,"[128, 126, 1]",float32
yt_0008_part_013,REAL,validation,C:\Users\Harish\Downloads\AI deepfake detection\AI_VOICE_DEEPFAKE_DETECTION\data\processed\features\yt_0008_part_013.npy,"[128, 126, 1]",float32
yt_0008_part_024,REAL,validation,C:\Users\Harish\Downloads\AI deepfake detection\AI_VOICE_DEEPFAKE_DETECTION\data\processed\features\yt_0008_part_024.npy,"[128, 126, 1]",float32
yt_0008_part_074,REAL,validation,C:\Users\Harish\Downloads\AI deepfake detection\AI_VOICE_DEEPFAKE_DETECTION\data\processed\features\yt_0008_part_074.npy,"[128, 126, 1]",float32
yt_0008_part_075,REAL,validation,C:\Users\Harish\Downloads\AI deepfake detection\AI_VOICE_DEEPFAKE_DETECTION\data\processed\features\yt_0008_part_075.npy,"[128, 126, 1]",float32
yt_0008_part_083,REAL,validation,C:\Users\Harish\Downloads\AI deepfake detection\AI_VOICE_DEEPFAKE_DETECTION\data\processed\features\yt_0008_part_083.npy,"[128, 126, 1]",float32
yt_0008_part_094,REAL,validation,C:\Users\Harish\Downloads\AI deepfake detection\AI_VOICE_DEEPFAKE_DETECTION\data\processed\features\yt_0008_part_094.npy,"[128, 126, 1]",float32
yt_0008_part_095,REAL,validation,C:\Users\Harish\Downloads\AI deepfake detection\AI_VOICE_DEEPFAKE_DETECTION\data\processed\features\yt_0008_part_095.npy,"[128, 126, 1]",float32
yt_0008_part_121,REAL,validation,C:\Users\Harish\Downloads\AI deepfake detection\AI_VOICE_DEEPFAKE_DETECTION\data\processed\features\yt_0008_part_121.npy,"[128, 126, 1]",float32
yt_0008_part_129,REAL,validation,C:\Users\Harish\Downloads\AI deepfake detection\AI_VOICE_DEEPFAKE_DETECTION\data\processed\features\yt_0008_part_129.npy,"[128, 126, 1]",float32
yt_0008_part_147,REAL,validation,C:\Users\Harish\Downloads\AI deepfake detection\AI_VOICE_DEEPFAKE_DETECTION\data\processed\features\yt_0008_part_147.npy,"[128, 126, 1]",float32
yt_0008_part_148,REAL,validation,C:\Users\Harish\Downloads\AI deepfake detection\AI_VOICE_DEEPFAKE_DETECTION\data\processed\features\yt_0008_part_148.npy,"[128, 126, 1]",float32
yt_0008_part_154,REAL,validation,C:\Users\Harish\Downloads\AI deepfake detection\AI_VOICE_DEEPFAKE_DETECTION\data\processed\features\yt_0008_part_154.npy,"[128, 126, 1]",float32
yt_0008_part_158,REAL,validation,C:\Users\Harish\Downloads\AI deepfake detection\AI_VOICE_DEEPFAKE_DETECTION\data\processed\features\yt_0008_part_158.npy,"[128, 126, 1]",float32
yt_0008_part_175,REAL,validation,C:\Users\Harish\Downloads\AI deepfake detection\AI_VOICE_DEEPFAKE_DETECTION\data\processed\features\yt_0008_part_175.npy,"[128, 126, 1]",float32
yt_0008_part_179,REAL,validation,C:\Users\Harish\Downloads\AI deepfake detection\AI_VOICE_DEEPFAKE_DETECTION\data\processed\features\yt_0008_part_179.npy,"[128, 126, 1]",float32
yt_0008_part_188,REAL,validation,C:\Users\Harish\Downloads\AI deepfake detection\AI_VOICE_DEEPFAKE_DETECTION\data\processed\features\yt_0008_part_188.npy,"[128, 126, 1]",float32
yt_0008_part_199,REAL,validation,C:\Users\Harish\Downloads\AI deepfake detection\AI_VOICE_DEEPFAKE_DETECTION\data\processed\features\yt_0008_part_199.npy,"[128, 126, 1]",float32
yt_0008_part_221,REAL,validation,C:\Users\Harish\Downloads\AI deepfake detection\AI_VOICE_DEEPFAKE_DETECTION\data\processed\features\yt_0008_part_221.npy,"[128, 126, 1]",float32
yt_0008_part_227,REAL,validation,C:\Users\Harish\Downloads\AI deepfake detection\AI_VOICE_DEEPFAKE_DETECTION\data\processed\features\yt_0008_part_227.npy,"[128, 126, 1]",float32
yt_0008_part_238,REAL,validation,C:\Users\Harish\Downloads\AI deepfake detection\AI_VOICE_DEEPFAKE_DETECTION\data\processed\features\yt_0008_part_238.npy,"[128, 126, 1]",float32
yt_0008_part_239,REAL,validation,C:\Users\Harish\Downloads\AI deepfake detection\AI_VOICE_DEEPFAKE_DETECTION\data\processed\features\yt_0008_part_239.npy,"[128, 126, 1]",float32
yt_0008_part_248,REAL,validation,C:\Users\Harish\Downloads\AI deepfake detection\AI_VOICE_DEEPFAKE_DETECTION\data\processed\features\yt_0008_part_248.npy,"[128, 126, 1]",float32
yt_0009_part_002,REAL,validation,C:\Users\Harish\Downloads\AI deepfake detection\AI_VOICE_DEEPFAKE_DETECTION\data\processed\features\yt_0009_part_002.npy,"[128, 126, 1]",float32
yt_0009_part_009,REAL,validation,C:\Users\Harish\Downloads\AI deepfake detection\AI_VOICE_DEEPFAKE_DETECTION\data\processed\features\yt_0009_part_009.npy,"[128, 126, 1]",float32
yt_0009_part_044,REAL,validation,C:\Users\Harish\Downloads\AI deepfake detection\AI_VOICE_DEEPFAKE_DETECTION\data\processed\features\yt_0009_part_044.npy,"[128, 126, 1]",float32
yt_0009_part_050,REAL,validation,C:\Users\Harish\Downloads\AI deepfake detection\AI_VOICE_DEEPFAKE_DETECTION\data\processed\features\yt_0009_part_050.npy,"[128, 126, 1]",float32
yt_0009_part_058,REAL,validation,C:\Users\Harish\Downloads\AI deepfake detection\AI_VOICE_DEEPFAKE_DETECTION\data\processed\features\yt_0009_part_058.npy,"[128, 126, 1]",float32
yt_0009_part_059,REAL,validation,C:\Users\Harish\Downloads\AI deepfake detection\AI_VOICE_DEEPFAKE_DETECTION\data\processed\features\yt_0009_part_059.npy,"[128, 126, 1]",float32
yt_0009_part_079,REAL,validation,C:\Users\Harish\Downloads\AI deepfake detection\AI_VOICE_DEEPFAKE_DETECTION\data\processed\features\yt_0009_part_079.npy,"[128, 126, 1]",float32
yt_0009_part_137,REAL,validation,C:\Users\Harish\Downloads\AI deepfake detection\AI_VOICE_DEEPFAKE_DETECTION\data\processed\features\yt_0009_part_137.npy,"[128, 126, 1]",float32
yt_0009_part_141,REAL,validation,C:\Users\Harish\Downloads\AI deepfake detection\AI_VOICE_DEEPFAKE_DETECTION\data\processed\features\yt_0009_part_141.npy,"[128, 126, 1]",float32
yt_0009_part_156,REAL,validation,C:\Users\Harish\Downloads\AI deepfake detection\AI_VOICE_DEEPFAKE_DETECTION\data\processed\features\yt_0009_part_156.npy,"[128, 126, 1]",float32
yt_0009_part_160,REAL,validation,C:\Users\Harish\Downloads\AI deepfake detection\AI_VOICE_DEEPFAKE_DETECTION\data\processed\features\yt_0009_part_160.npy,"[128, 126, 1]",float32
yt_0009_part_176,REAL,validation,C:\Users\Harish\Downloads\AI deepfake detection\AI_VOICE_DEEPFAKE_DETECTION\data\processed\features\yt_0009_part_176.npy,"[128, 126, 1]",float32
yt_0009_part_180,REAL,validation,C:\Users\Harish\Downloads\AI deepfake detection\AI_VOICE_DEEPFAKE_DETECTION\data\processed\features\yt_0009_part_180.npy,"[128, 126, 1]",float32
yt_0009_part_181,REAL,validation,C:\Users\Harish\Downloads\AI deepfake detection\AI_VOICE_DEEPFAKE_DETECTION\data\processed\features\yt_0009_part_181.npy,"[128, 126, 1]",float32
yt_0009_part_185,REAL,validation,C:\Users\Harish\Downloads\AI deepfake detection\AI_VOICE_DEEPFAKE_DETECTION\data\processed\features\yt_0009_part_185.npy,"[128, 126, 1]",float32
yt_0009_part_187,REAL,validation,C:\Users\Harish\Downloads\AI deepfake detection\AI_VOICE_DEEPFAKE_DETECTION\data\processed\features\yt_0009_part_187.npy,"[128, 126, 1]",float32
yt_0009_part_191,REAL,validation,C:\Users\Harish\Downloads\AI deepfake detection\AI_VOICE_DEEPFAKE_DETECTION\data\processed\features\yt_0009_part_191.npy,"[128, 126, 1]",float32
yt_0009_part_200,REAL,validation,C:\Users\Harish\Downloads\AI deepfake detection\AI_VOICE_DEEPFAKE_DETECTION\data\processed\features\yt_0009_part_200.npy,"[128, 126, 1]",float32
yt_0009_part_210,REAL,validation,C:\Users\Harish\Downloads\AI deepfake detection\AI_VOICE_DEEPFAKE_DETECTION\data\processed\features\yt_0009_part_210.npy,"[128, 126, 1]",float32
yt_0009_part_215,REAL,validation,C:\Users\Harish\Downloads\AI deepfake detection\AI_VOICE_DEEPFAKE_DETECTION\data\processed\features\yt_0009_part_215.npy,"[128, 126, 1]",float32
yt_0009_part_220,REAL,validation,C:\Users\Harish\Downloads\AI deepfake detection\AI_VOICE_DEEPFAKE_DETECTION\data\processed\features\yt_0009_part_220.npy,"[128, 126, 1]",float32
yt_0009_part_236,REAL,validation,C:\Users\Harish\Downloads\AI deepfake detection\AI_VOICE_DEEPFAKE_DETECTION\data\processed\features\yt_0009_part_236.npy,"[128, 126, 1]",float32
yt_0009_part_237,REAL,validation,C:\Users\Harish\Downloads\AI deepfake detection\AI_VOICE_DEEPFAKE_DETECTION\data\processed\features\yt_0009_part_237.npy,"[128, 126, 1]",float32
yt_0009_part_257,REAL,validation,C:\Users\Harish\Downloads\AI deepfake detection\AI_VOICE_DEEPFAKE_DETECTION\data\processed\features\yt_0009_part_257.npy,"[128, 126, 1]",float32
yt_0009_part_263,REAL,validation,C:\Users\Harish\Downloads\AI deepfake detection\AI_VOICE_DEEPFAKE_DETECTION\data\processed\features\yt_0009_part_263.npy,"[128, 126, 1]",float32
yt_0009_part_264,REAL,validation,C:\Users\Harish\Downloads\AI deepfake detection\AI_VOICE_DEEPFAKE_DETECTION\data\processed\features\yt_0009_part_264.npy,"[128, 126, 1]",float32
yt_0010_part_001,REAL,validation,C:\Users\Harish\Downloads\AI deepfake detection\AI_VOICE_DEEPFAKE_DETECTION\data\processed\features\yt_0010_part_001.npy,"[128, 126, 1]",float32
yt_0010_part_002,REAL,validation,C:\Users\Harish\Downloads\AI deepfake detection\AI_VOICE_DEEPFAKE_DETECTION\data\processed\features\yt_0010_part_002.npy,"[128, 126, 1]",float32
yt_0010_part_020,REAL,validation,C:\Users\Harish\Downloads\AI deepfake detection\AI_VOICE_DEEPFAKE_DETECTION\data\processed\features\yt_0010_part_020.npy,"[128, 126, 1]",float32
yt_0010_part_032,REAL,validation,C:\Users\Harish\Downloads\AI deepfake detection\AI_VOICE_DEEPFAKE_DETECTION\data\processed\features\yt_0010_part_032.npy,"[128, 126, 1]",float32
yt_0010_part_051,REAL,validation,C:\Users\Harish\Downloads\AI deepfake detection\AI_VOICE_DEEPFAKE_DETECTION\data\processed\features\yt_0010_part_051.npy,"[128, 126, 1]",float32
yt_0010_part_052,REAL,validation,C:\Users\Harish\Downloads\AI deepfake detection\AI_VOICE_DEEPFAKE_DETECTION\data\processed\features\yt_0010_part_052.npy,"[128, 126, 1]",float32
yt_0011_p2_part_181,REAL,validation,C:\Users\Harish\Downloads\AI deepfake detection\AI_VOICE_DEEPFAKE_DETECTION\data\processed\features\yt_0011_p2_part_181.npy,"[128, 126, 1]",float32
yt_0011_part_004,REAL,validation,C:\Users\Harish\Downloads\AI deepfake detection\AI_VOICE_DEEPFAKE_DETECTION\data\processed\features\yt_0011_part_004.npy,"[128, 126, 1]",float32
yt_0011_part_030,REAL,validation,C:\Users\Harish\Downloads\AI deepfake detection\AI_VOICE_DEEPFAKE_DETECTION\data\processed\features\yt_0011_part_030.npy,"[128, 126, 1]",float32
yt_0011_part_037,REAL,validation,C:\Users\Harish\Downloads\AI deepfake detection\AI_VOICE_DEEPFAKE_DETECTION\data\processed\features\yt_0011_part_037.npy,"[128, 126, 1]",float32
yt_0011_part_069,REAL,validation,C:\Users\Harish\Downloads\AI deepfake detection\AI_VOICE_DEEPFAKE_DETECTION\data\processed\features\yt_0011_part_069.npy,"[128, 126, 1]",float32
yt_0011_part_078,REAL,validation,C:\Users\Harish\Downloads\AI deepfake detection\AI_VOICE_DEEPFAKE_DETECTION\data\processed\features\yt_0011_part_078.npy,"[128, 126, 1]",float32
yt_0011_part_082,REAL,validation,C:\Users\Harish\Downloads\AI deepfake detection\AI_VOICE_DEEPFAKE_DETECTION\data\processed\features\yt_0011_part_082.npy,"[128, 126, 1]",float32
yt_0011_part_084,REAL,validation,C:\Users\Harish\Downloads\AI deepfake detection\AI_VOICE_DEEPFAKE_DETECTION\data\processed\features\yt_0011_part_084.npy,"[128, 126, 1]",float32
yt_0011_part_091,REAL,validation,C:\Users\Harish\Downloads\AI deepfake detection\AI_VOICE_DEEPFAKE_DETECTION\data\processed\features\yt_0011_part_091.npy,"[128, 126, 1]",float32
yt_0011_part_095,REAL,validation,C:\Users\Harish\Downloads\AI deepfake detection\AI_VOICE_DEEPFAKE_DETECTION\data\processed\features\yt_0011_part_095.npy,"[128, 126, 1]",float32
yt_0011_part_101,REAL,validation,C:\Users\Harish\Downloads\AI deepfake detection\AI_VOICE_DEEPFAKE_DETECTION\data\processed\features\yt_0011_part_101.npy,"[128, 126, 1]",float32
yt_0011_part_129,REAL,validation,C:\Users\Harish\Downloads\AI deepfake detection\AI_VOICE_DEEPFAKE_DETECTION\data\processed\features\yt_0011_part_129.npy,"[128, 126, 1]",float32
yt_0011_part_147,REAL,validation,C:\Users\Harish\Downloads\AI deepfake detection\AI_VOICE_DEEPFAKE_DETECTION\data\processed\features\yt_0011_part_147.npy,"[128, 126, 1]",float32
yt_0011_part_152,REAL,validation,C:\Users\Harish\Downloads\AI deepfake detection\AI_VOICE_DEEPFAKE_DETECTION\data\processed\features\yt_0011_part_152.npy,"[128, 126, 1]",float32
yt_0011_part_162,REAL,validation,C:\Users\Harish\Downloads\AI deepfake detection\AI_VOICE_DEEPFAKE_DETECTION\data\processed\features\yt_0011_part_162.npy,"[128, 126, 1]",float32
yt_0011_part_169,REAL,validation,C:\Users\Harish\Downloads\AI deepfake detection\AI_VOICE_DEEPFAKE_DETECTION\data\processed\features\yt_0011_part_169.npy,"[128, 126, 1]",float32
yt_0012_part_008,REAL,validation,C:\Users\Harish\Downloads\AI deepfake detection\AI_VOICE_DEEPFAKE_DETECTION\data\processed\features\yt_0012_part_008.npy,"[128, 126, 1]",float32
yt_0012_part_009,REAL,validation,C:\Users\Harish\Downloads\AI deepfake detection\AI_VOICE_DEEPFAKE_DETECTION\data\processed\features\yt_0012_part_009.npy,"[128, 126, 1]",float32
yt_0012_part_017,REAL,validation,C:\Users\Harish\Downloads\AI deepfake detection\AI_VOICE_DEEPFAKE_DETECTION\data\processed\features\yt_0012_part_017.npy,"[128, 126, 1]",float32
yt_0012_part_037,REAL,validation,C:\Users\Harish\Downloads\AI deepfake detection\AI_VOICE_DEEPFAKE_DETECTION\data\processed\features\yt_0012_part_037.npy,"[128, 126, 1]",float32
yt_0012_part_045,REAL,validation,C:\Users\Harish\Downloads\AI deepfake detection\AI_VOICE_DEEPFAKE_DETECTION\data\processed\features\yt_0012_part_045.npy,"[128, 126, 1]",float32
yt_0012_part_053,REAL,validation,C:\Users\Harish\Downloads\AI deepfake detection\AI_VOICE_DEEPFAKE_DETECTION\data\processed\features\yt_0012_part_053.npy,"[128, 126, 1]",float32
yt_0012_part_054,REAL,validation,C:\Users\Harish\Downloads\AI deepfake detection\AI_VOICE_DEEPFAKE_DETECTION\data\processed\features\yt_0012_part_054.npy,"[128, 126, 1]",float32
yt_0012_part_076,REAL,validation,C:\Users\Harish\Downloads\AI deepfake detection\AI_VOICE_DEEPFAKE_DETECTION\data\processed\features\yt_0012_part_076.npy,"[128, 126, 1]",float32
yt_0012_part_092,REAL,validation,C:\Users\Harish\Downloads\AI deepfake detection\AI_VOICE_DEEPFAKE_DETECTION\data\processed\features\yt_0012_part_092.npy,"[128, 126, 1]",float32
yt_0012_part_114,REAL,validation,C:\Users\Harish\Downloads\AI deepfake detection\AI_VOICE_DEEPFAKE_DETECTION\data\processed\features\yt_0012_part_114.npy,"[128, 126, 1]",float32
yt_0012_part_116,REAL,validation,C:\Users\Harish\Downloads\AI deepfake detection\AI_VOICE_DEEPFAKE_DETECTION\data\processed\features\yt_0012_part_116.npy,"[128, 126, 1]",float32
yt_0012_part_132,REAL,validation,C:\Users\Harish\Downloads\AI deepfake detection\AI_VOICE_DEEPFAKE_DETECTION\data\processed\features\yt_0012_part_132.npy,"[128, 126, 1]",float32
yt_0012_part_144,REAL,validation,C:\Users\Harish\Downloads\AI deepfake detection\AI_VOICE_DEEPFAKE_DETECTION\data\processed\features\yt_0012_part_144.npy,"[128, 126, 1]",float32
yt_0012_part_158,REAL,validation,C:\Users\Harish\Downloads\AI deepfake detection\AI_VOICE_DEEPFAKE_DETECTION\data\processed\features\yt_0012_part_158.npy,"[128, 126, 1]",float32
yt_0012_part_163,REAL,validation,C:\Users\Harish\Downloads\AI deepfake detection\AI_VOICE_DEEPFAKE_DETECTION\data\processed\features\yt_0012_part_163.npy,"[128, 126, 1]",float32
yt_0013_p2_part_112,REAL,validation,C:\Users\Harish\Downloads\AI deepfake detection\AI_VOICE_DEEPFAKE_DETECTION\data\processed\features\yt_0013_p2_part_112.npy,"[128, 126, 1]",float32
yt_0013_part_016,REAL,validation,C:\Users\Harish\Downloads\AI deepfake detection\AI_VOICE_DEEPFAKE_DETECTION\data\processed\features\yt_0013_part_016.npy,"[128, 126, 1]",float32
yt_0013_part_019,REAL,validation,C:\Users\Harish\Downloads\AI deepfake detection\AI_VOICE_DEEPFAKE_DETECTION\data\processed\features\yt_0013_part_019.npy,"[128, 126, 1]",float32
yt_0013_part_020,REAL,validation,C:\Users\Harish\Downloads\AI deepfake detection\AI_VOICE_DEEPFAKE_DETECTION\data\processed\features\yt_0013_part_020.npy,"[128, 126, 1]",float32
yt_0013_part_031,REAL,validation,C:\Users\Harish\Downloads\AI deepfake detection\AI_VOICE_DEEPFAKE_DETECTION\data\processed\features\yt_0013_part_031.npy,"[128, 126, 1]",float32
yt_0013_part_033,REAL,validation,C:\Users\Harish\Downloads\AI deepfake detection\AI_VOICE_DEEPFAKE_DETECTION\data\processed\features\yt_0013_part_033.npy,"[128, 126, 1]",float32
yt_0013_part_048,REAL,validation,C:\Users\Harish\Downloads\AI deepfake detection\AI_VOICE_DEEPFAKE_DETECTION\data\processed\features\yt_0013_part_048.npy,"[128, 126, 1]",float32
yt_0013_part_057,REAL,validation,C:\Users\Harish\Downloads\AI deepfake detection\AI_VOICE_DEEPFAKE_DETECTION\data\processed\features\yt_0013_part_057.npy,"[128, 126, 1]",float32
yt_0013_part_102,REAL,validation,C:\Users\Harish\Downloads\AI deepfake detection\AI_VOICE_DEEPFAKE_DETECTION\data\processed\features\yt_0013_part_102.npy,"[128, 126, 1]",float32
yt_0013_part_106,REAL,validation,C:\Users\Harish\Downloads\AI deepfake detection\AI_VOICE_DEEPFAKE_DETECTION\data\processed\features\yt_0013_part_106.npy,"[128, 126, 1]",float32
el_0003_part_002,FAKE,validation,C:\Users\Harish\Downloads\AI deepfake detection\AI_VOICE_DEEPFAKE_DETECTION\data\processed\features\el_0003_part_002.npy,"[128, 126, 1]",float32
el_0003_part_003,FAKE,validation,C:\Users\Harish\Downloads\AI deepfake detection\AI_VOICE_DEEPFAKE_DETECTION\data\processed\features\el_0003_part_003.npy,"[128, 126, 1]",float32
el_0004_c_part_002,FAKE,validation,C:\Users\Harish\Downloads\AI deepfake detection\AI_VOICE_DEEPFAKE_DETECTION\data\processed\features\el_0004_c_part_002.npy,"[128, 126, 1]",float32
el_0007_c_part_001,FAKE,validation,C:\Users\Harish\Downloads\AI deepfake detection\AI_VOICE_DEEPFAKE_DETECTION\data\processed\features\el_0007_c_part_001.npy,"[128, 126, 1]",float32
el_0009_c_part_012,FAKE,validation,C:\Users\Harish\Downloads\AI deepfake detection\AI_VOICE_DEEPFAKE_DETECTION\data\processed\features\el_0009_c_part_012.npy,"[128, 126, 1]",float32
el_0009_c_part_013,FAKE,validation,C:\Users\Harish\Downloads\AI deepfake detection\AI_VOICE_DEEPFAKE_DETECTION\data\processed\features\el_0009_c_part_013.npy,"[128, 126, 1]",float32
el_0010_c_part_016,FAKE,validation,C:\Users\Harish\Downloads\AI deepfake detection\AI_VOICE_DEEPFAKE_DETECTION\data\processed\features\el_0010_c_part_016.npy,"[128, 126, 1]",float32
el_0010_c_part_018,FAKE,validation,C:\Users\Harish\Downloads\AI deepfake detection\AI_VOICE_DEEPFAKE_DETECTION\data\processed\features\el_0010_c_part_018.npy,"[128, 126, 1]",float32
el_0010_c_part_020,FAKE,validation,C:\Users\Harish\Downloads\AI deepfake detection\AI_VOICE_DEEPFAKE_DETECTION\data\processed\features\el_0010_c_part_020.npy,"[128, 126, 1]",float32
el_0011_c_part_016,FAKE,validation,C:\Users\Harish\Downloads\AI deepfake detection\AI_VOICE_DEEPFAKE_DETECTION\data\processed\features\el_0011_c_part_016.npy,"[128, 126, 1]",float32
el_0011_part_004,FAKE,validation,C:\Users\Harish\Downloads\AI deepfake detection\AI_VOICE_DEEPFAKE_DETECTION\data\processed\features\el_0011_part_004.npy,"[128, 126, 1]",float32
el_0011_part_007,FAKE,validation,C:\Users\Harish\Downloads\AI deepfake detection\AI_VOICE_DEEPFAKE_DETECTION\data\processed\features\el_0011_part_007.npy,"[128, 126, 1]",float32
el_0011_part_009,FAKE,validation,C:\Users\Harish\Downloads\AI deepfake detection\AI_VOICE_DEEPFAKE_DETECTION\data\processed\features\el_0011_part_009.npy,"[128, 126, 1]",float32
el_0012_c_part_008,FAKE,validation,C:\Users\Harish\Downloads\AI deepfake detection\AI_VOICE_DEEPFAKE_DETECTION\data\processed\features\el_0012_c_part_008.npy,"[128, 126, 1]",float32
el_0012_c_part_009,FAKE,validation,C:\Users\Harish\Downloads\AI deepfake detection\AI_VOICE_DEEPFAKE_DETECTION\data\processed\features\el_0012_c_part_009.npy,"[128, 126, 1]",float32
el_0012_part_003,FAKE,validation,C:\Users\Harish\Downloads\AI deepfake detection\AI_VOICE_DEEPFAKE_DETECTION\data\processed\features\el_0012_part_003.npy,"[128, 126, 1]",float32
el_0013_c_part_008,FAKE,validation,C:\Users\Harish\Downloads\AI deepfake detection\AI_VOICE_DEEPFAKE_DETECTION\data\processed\features\el_0013_c_part_008.npy,"[128, 126, 1]",float32
el_0013_c_part_010,FAKE,validation,C:\Users\Harish\Downloads\AI deepfake detection\AI_VOICE_DEEPFAKE_DETECTION\data\processed\features\el_0013_c_part_010.npy,"[128, 126, 1]",float32
el_0014_part_001,FAKE,validation,C:\Users\Harish\Downloads\AI deepfake detection\AI_VOICE_DEEPFAKE_DETECTION\data\processed\features\el_0014_part_001.npy,"[128, 126, 1]",float32
el_0015_c_part_015,FAKE,validation,C:\Users\Harish\Downloads\AI deepfake detection\AI_VOICE_DEEPFAKE_DETECTION\data\processed\features\el_0015_c_part_015.npy,"[128, 126, 1]",float32
el_0015_c_part_021,FAKE,validation,C:\Users\Harish\Downloads\AI deepfake detection\AI_VOICE_DEEPFAKE_DETECTION\data\processed\features\el_0015_c_part_021.npy,"[128, 126, 1]",float32
el_0015_c_part_024,FAKE,validation,C:\Users\Harish\Downloads\AI deepfake detection\AI_VOICE_DEEPFAKE_DETECTION\data\processed\features\el_0015_c_part_024.npy,"[128, 126, 1]",float32
el_0015_part_001,FAKE,validation,C:\Users\Harish\Downloads\AI deepfake detection\AI_VOICE_DEEPFAKE_DETECTION\data\processed\features\el_0015_part_001.npy,"[128, 126, 1]",float32
el_0016_part_001,FAKE,validation,C:\Users\Harish\Downloads\AI deepfake detection\AI_VOICE_DEEPFAKE_DETECTION\data\processed\features\el_0016_part_001.npy,"[128, 126, 1]",float32
el_0020_c_part_002,FAKE,validation,C:\Users\Harish\Downloads\AI deepfake detection\AI_VOICE_DEEPFAKE_DETECTION\data\processed\features\el_0020_c_part_002.npy,"[128, 126, 1]",float32
el_0021_c_part_002,FAKE,validation,C:\Users\Harish\Downloads\AI deepfake detection\AI_VOICE_DEEPFAKE_DETECTION\data\processed\features\el_0021_c_part_002.npy,"[128, 126, 1]",float32
el_0023_part_002,FAKE,validation,C:\Users\Harish\Downloads\AI deepfake detection\AI_VOICE_DEEPFAKE_DETECTION\data\processed\features\el_0023_part_002.npy,"[128, 126, 1]",float32
hg_0002_part_002,FAKE,validation,C:\Users\Harish\Downloads\AI deepfake detection\AI_VOICE_DEEPFAKE_DETECTION\data\processed\features\hg_0002_part_002.npy,"[128, 126, 1]",float32
hg_0005_part_001,FAKE,validation,C:\Users\Harish\Downloads\AI deepfake detection\AI_VOICE_DEEPFAKE_DETECTION\data\processed\features\hg_0005_part_001.npy,"[128, 126, 1]",float32
hg_0005_part_004,FAKE,validation,C:\Users\Harish\Downloads\AI deepfake detection\AI_VOICE_DEEPFAKE_DETECTION\data\processed\features\hg_0005_part_004.npy,"[128, 126, 1]",float32
hg_0009_c_part_005,FAKE,validation,C:\Users\Harish\Downloads\AI deepfake detection\AI_VOICE_DEEPFAKE_DETECTION\data\processed\features\hg_0009_c_part_005.npy,"[128, 126, 1]",float32
hg_0010_part_001,FAKE,validation,C:\Users\Harish\Downloads\AI deepfake detection\AI_VOICE_DEEPFAKE_DETECTION\data\processed\features\hg_0010_part_001.npy,"[128, 126, 1]",float32
hg_0010_part_004,FAKE,validation,C:\Users\Harish\Downloads\AI deepfake detection\AI_VOICE_DEEPFAKE_DETECTION\data\processed\features\hg_0010_part_004.npy,"[128, 126, 1]",float32
hg_0012_part_001,FAKE,validation,C:\Users\Harish\Downloads\AI deepfake detection\AI_VOICE_DEEPFAKE_DETECTION\data\processed\features\hg_0012_part_001.npy,"[128, 126, 1]",float32
hg_0012_part_004,FAKE,validation,C:\Users\Harish\Downloads\AI deepfake detection\AI_VOICE_DEEPFAKE_DETECTION\data\processed\features\hg_0012_part_004.npy,"[128, 126, 1]",float32
hg_0013_part_001,FAKE,validation,C:\Users\Harish\Downloads\AI deepfake detection\AI_VOICE_DEEPFAKE_DETECTION\data\processed\features\hg_0013_part_001.npy,"[128, 126, 1]",float32
hg_0013_part_002,FAKE,validation,C:\Users\Harish\Downloads\AI deepfake detection\AI_VOICE_DEEPFAKE_DETECTION\data\processed\features\hg_0013_part_002.npy,"[128, 126, 1]",float32
hu_0001_c_part_013,FAKE,validation,C:\Users\Harish\Downloads\AI deepfake detection\AI_VOICE_DEEPFAKE_DETECTION\data\processed\features\hu_0001_c_part_013.npy,"[128, 126, 1]",float32
hu_0001_c_part_015,FAKE,validation,C:\Users\Harish\Downloads\AI deepfake detection\AI_VOICE_DEEPFAKE_DETECTION\data\processed\features\hu_0001_c_part_015.npy,"[128, 126, 1]",float32
hu_0001_part_005,FAKE,validation,C:\Users\Harish\Downloads\AI deepfake detection\AI_VOICE_DEEPFAKE_DETECTION\data\processed\features\hu_0001_part_005.npy,"[128, 126, 1]",float32
hu_0001_part_008,FAKE,validation,C:\Users\Harish\Downloads\AI deepfake detection\AI_VOICE_DEEPFAKE_DETECTION\data\processed\features\hu_0001_part_008.npy,"[128, 126, 1]",float32
hu_0002_part_003,FAKE,validation,C:\Users\Harish\Downloads\AI deepfake detection\AI_VOICE_DEEPFAKE_DETECTION\data\processed\features\hu_0002_part_003.npy,"[128, 126, 1]",float32
hu_0002_part_005,FAKE,validation,C:\Users\Harish\Downloads\AI deepfake detection\AI_VOICE_DEEPFAKE_DETECTION\data\processed\features\hu_0002_part_005.npy,"[128, 126, 1]",float32
hu_0002_part_009,FAKE,validation,C:\Users\Harish\Downloads\AI deepfake detection\AI_VOICE_DEEPFAKE_DETECTION\data\processed\features\hu_0002_part_009.npy,"[128, 126, 1]",float32
hu_0004_c_part_018,FAKE,validation,C:\Users\Harish\Downloads\AI deepfake detection\AI_VOICE_DEEPFAKE_DETECTION\data\processed\features\hu_0004_c_part_018.npy,"[128, 126, 1]",float32
hu_0004_part_005,FAKE,validation,C:\Users\Harish\Downloads\AI deepfake detection\AI_VOICE_DEEPFAKE_DETECTION\data\processed\features\hu_0004_part_005.npy,"[128, 126, 1]",float32
hu_0005_c_part_012,FAKE,validation,C:\Users\Harish\Downloads\AI deepfake detection\AI_VOICE_DEEPFAKE_DETECTION\data\processed\features\hu_0005_c_part_012.npy,"[128, 126, 1]",float32
hu_0005_c_part_013,FAKE,validation,C:\Users\Harish\Downloads\AI deepfake detection\AI_VOICE_DEEPFAKE_DETECTION\data\processed\features\hu_0005_c_part_013.npy,"[128, 126, 1]",float32
hu_0005_part_004,FAKE,validation,C:\Users\Harish\Downloads\AI deepfake detection\AI_VOICE_DEEPFAKE_DETECTION\data\processed\features\hu_0005_part_004.npy,"[128, 126, 1]",float32
hu_0007_c_part_005,FAKE,validation,C:\Users\Harish\Downloads\AI deepfake detection\AI_VOICE_DEEPFAKE_DETECTION\data\processed\features\hu_0007_c_part_005.npy,"[128, 126, 1]",float32
hu_0007_part_002,FAKE,validation,C:\Users\Harish\Downloads\AI deepfake detection\AI_VOICE_DEEPFAKE_DETECTION\data\processed\features\hu_0007_part_002.npy,"[128, 126, 1]",float32
hu_0008_c_part_008,FAKE,validation,C:\Users\Harish\Downloads\AI deepfake detection\AI_VOICE_DEEPFAKE_DETECTION\data\processed\features\hu_0008_c_part_008.npy,"[128, 126, 1]",float32
hu_0009_c_part_013,FAKE,validation,C:\Users\Harish\Downloads\AI deepfake detection\AI_VOICE_DEEPFAKE_DETECTION\data\processed\features\hu_0009_c_part_013.npy,"[128, 126, 1]",float32
hu_0009_part_001,FAKE,validation,C:\Users\Harish\Downloads\AI deepfake detection\AI_VOICE_DEEPFAKE_DETECTION\data\processed\features\hu_0009_part_001.npy,"[128, 126, 1]",float32
lv_0001_c_part_025,FAKE,validation,C:\Users\Harish\Downloads\AI deepfake detection\AI_VOICE_DEEPFAKE_DETECTION\data\processed\features\lv_0001_c_part_025.npy,"[128, 126, 1]",float32
lv_0001_c_part_026,FAKE,validation,C:\Users\Harish\Downloads\AI deepfake detection\AI_VOICE_DEEPFAKE_DETECTION\data\processed\features\lv_0001_c_part_026.npy,"[128, 126, 1]",float32
lv_0001_part_012,FAKE,validation,C:\Users\Harish\Downloads\AI deepfake detection\AI_VOICE_DEEPFAKE_DETECTION\data\processed\features\lv_0001_part_012.npy,"[128, 126, 1]",float32
lv_0001_part_017,FAKE,validation,C:\Users\Harish\Downloads\AI deepfake detection\AI_VOICE_DEEPFAKE_DETECTION\data\processed\features\lv_0001_part_017.npy,"[128, 126, 1]",float32
lv_0002_c_part_022,FAKE,validation,C:\Users\Harish\Downloads\AI deepfake detection\AI_VOICE_DEEPFAKE_DETECTION\data\processed\features\lv_0002_c_part_022.npy,"[128, 126, 1]",float32
lv_0002_c_part_023,FAKE,validation,C:\Users\Harish\Downloads\AI deepfake detection\AI_VOICE_DEEPFAKE_DETECTION\data\processed\features\lv_0002_c_part_023.npy,"[128, 126, 1]",float32
lv_0002_part_008,FAKE,validation,C:\Users\Harish\Downloads\AI deepfake detection\AI_VOICE_DEEPFAKE_DETECTION\data\processed\features\lv_0002_part_008.npy,"[128, 126, 1]",float32
lv_0003_c_part_018,FAKE,validation,C:\Users\Harish\Downloads\AI deepfake detection\AI_VOICE_DEEPFAKE_DETECTION\data\processed\features\lv_0003_c_part_018.npy,"[128, 126, 1]",float32
lv_0003_c_part_019,FAKE,validation,C:\Users\Harish\Downloads\AI deepfake detection\AI_VOICE_DEEPFAKE_DETECTION\data\processed\features\lv_0003_c_part_019.npy,"[128, 126, 1]",float32
lv_0003_part_003,FAKE,validation,C:\Users\Harish\Downloads\AI deepfake detection\AI_VOICE_DEEPFAKE_DETECTION\data\processed\features\lv_0003_part_003.npy,"[128, 126, 1]",float32
lv_0003_part_007,FAKE,validation,C:\Users\Harish\Downloads\AI deepfake detection\AI_VOICE_DEEPFAKE_DETECTION\data\processed\features\lv_0003_part_007.npy,"[128, 126, 1]",float32
lv_0003_part_008,FAKE,validation,C:\Users\Harish\Downloads\AI deepfake detection\AI_VOICE_DEEPFAKE_DETECTION\data\processed\features\lv_0003_part_008.npy,"[128, 126, 1]",float32
lv_0004_part_010,FAKE,validation,C:\Users\Harish\Downloads\AI deepfake detection\AI_VOICE_DEEPFAKE_DETECTION\data\processed\features\lv_0004_part_010.npy,"[128, 126, 1]",float32
lv_0004_part_015,FAKE,validation,C:\Users\Harish\Downloads\AI deepfake detection\AI_VOICE_DEEPFAKE_DETECTION\data\processed\features\lv_0004_part_015.npy,"[128, 126, 1]",float32
lv_0005_c_part_017,FAKE,validation,C:\Users\Harish\Downloads\AI deepfake detection\AI_VOICE_DEEPFAKE_DETECTION\data\processed\features\lv_0005_c_part_017.npy,"[128, 126, 1]",float32
lv_0005_c_part_025,FAKE,validation,C:\Users\Harish\Downloads\AI deepfake detection\AI_VOICE_DEEPFAKE_DETECTION\data\processed\features\lv_0005_c_part_025.npy,"[128, 126, 1]",float32
lv_0005_part_008,FAKE,validation,C:\Users\Harish\Downloads\AI deepfake detection\AI_VOICE_DEEPFAKE_DETECTION\data\processed\features\lv_0005_part_008.npy,"[128, 126, 1]",float32
lv_0005_part_009,FAKE,validation,C:\Users\Harish\Downloads\AI deepfake detection\AI_VOICE_DEEPFAKE_DETECTION\data\processed\features\lv_0005_part_009.npy,"[128, 126, 1]",float32
lv_0005_part_011,FAKE,validation,C:\Users\Harish\Downloads\AI deepfake detection\AI_VOICE_DEEPFAKE_DETECTION\data\processed\features\lv_0005_part_011.npy,"[128, 126, 1]",float32
lv_0005_part_015,FAKE,validation,C:\Users\Harish\Downloads\AI deepfake detection\AI_VOICE_DEEPFAKE_DETECTION\data\processed\features\lv_0005_part_015.npy,"[128, 126, 1]",float32
lv_0006_part_002,FAKE,validation,C:\Users\Harish\Downloads\AI deepfake detection\AI_VOICE_DEEPFAKE_DETECTION\data\processed\features\lv_0006_part_002.npy,"[128, 126, 1]",float32
lv_0006_part_004,FAKE,validation,C:\Users\Harish\Downloads\AI deepfake detection\AI_VOICE_DEEPFAKE_DETECTION\data\processed\features\lv_0006_part_004.npy,"[128, 126, 1]",float32
lv_0006_part_011,FAKE,validation,C:\Users\Harish\Downloads\AI deepfake detection\AI_VOICE_DEEPFAKE_DETECTION\data\processed\features\lv_0006_part_011.npy,"[128, 126, 1]",float32
po_0001_c_part_001,FAKE,validation,C:\Users\Harish\Downloads\AI deepfake detection\AI_VOICE_DEEPFAKE_DETECTION\data\processed\features\po_0001_c_part_001.npy,"[128, 126, 1]",float32
po_0005_c_part_007,FAKE,validation,C:\Users\Harish\Downloads\AI deepfake detection\AI_VOICE_DEEPFAKE_DETECTION\data\processed\features\po_0005_c_part_007.npy,"[128, 126, 1]",float32
po_0005_c_part_010,FAKE,validation,C:\Users\Harish\Downloads\AI deepfake detection\AI_VOICE_DEEPFAKE_DETECTION\data\processed\features\po_0005_c_part_010.npy,"[128, 126, 1]",float32
po_0006_part_001,FAKE,validation,C:\Users\Harish\Downloads\AI deepfake detection\AI_VOICE_DEEPFAKE_DETECTION\data\processed\features\po_0006_part_001.npy,"[128, 126, 1]",float32
po_0006_part_004,FAKE,validation,C:\Users\Harish\Downloads\AI deepfake detection\AI_VOICE_DEEPFAKE_DETECTION\data\processed\features\po_0006_part_004.npy,"[128, 126, 1]",float32
po_0007_c_part_011,FAKE,validation,C:\Users\Harish\Downloads\AI deepfake detection\AI_VOICE_DEEPFAKE_DETECTION\data\processed\features\po_0007_c_part_011.npy,"[128, 126, 1]",float32
po_0007_c_part_015,FAKE,validation,C:\Users\Harish\Downloads\AI deepfake detection\AI_VOICE_DEEPFAKE_DETECTION\data\processed\features\po_0007_c_part_015.npy,"[128, 126, 1]",float32
po_0008_c_part_014,FAKE,validation,C:\Users\Harish\Downloads\AI deepfake detection\AI_VOICE_DEEPFAKE_DETECTION\data\processed\features\po_0008_c_part_014.npy,"[128, 126, 1]",float32
po_0008_c_part_015,FAKE,validation,C:\Users\Harish\Downloads\AI deepfake detection\AI_VOICE_DEEPFAKE_DETECTION\data\processed\features\po_0008_c_part_015.npy,"[128, 126, 1]",float32
po_0012_part_001,FAKE,validation,C:\Users\Harish\Downloads\AI deepfake detection\AI_VOICE_DEEPFAKE_DETECTION\data\processed\features\po_0012_part_001.npy,"[128, 126, 1]",float32
po_0019_part_001,FAKE,validation,C:\Users\Harish\Downloads\AI deepfake detection\AI_VOICE_DEEPFAKE_DETECTION\data\processed\features\po_0019_part_001.npy,"[128, 126, 1]",float32
po_0020_part_001,FAKE,validation,C:\Users\Harish\Downloads\AI deepfake detection\AI_VOICE_DEEPFAKE_DETECTION\data\processed\features\po_0020_part_001.npy,"[128, 126, 1]",float32
po_0023_part_001,FAKE,validation,C:\Users\Harish\Downloads\AI deepfake detection\AI_VOICE_DEEPFAKE_DETECTION\data\processed\features\po_0023_part_001.npy,"[128, 126, 1]",float32
po_0024_part_001,FAKE,validation,C:\Users\Harish\Downloads\AI deepfake detection\AI_VOICE_DEEPFAKE_DETECTION\data\processed\features\po_0024_part_001.npy,"[128, 126, 1]",float32
po_0026_part_004,FAKE,validation,C:\Users\Harish\Downloads\AI deepfake detection\AI_VOICE_DEEPFAKE_DETECTION\data\processed\features\po_0026_part_004.npy,"[128, 126, 1]",float32
po_0026_part_005,FAKE,validation,C:\Users\Harish\Downloads\AI deepfake detection\AI_VOICE_DEEPFAKE_DETECTION\data\processed\features\po_0026_part_005.npy,"[128, 126, 1]",float32
po_0028_part_002,FAKE,validation,C:\Users\Harish\Downloads\AI deepfake detection\AI_VOICE_DEEPFAKE_DETECTION\data\processed\features\po_0028_part_002.npy,"[128, 126, 1]",float32
po_0028_part_004,FAKE,validation,C:\Users\Harish\Downloads\AI deepfake detection\AI_VOICE_DEEPFAKE_DETECTION\data\processed\features\po_0028_part_004.npy,"[128, 126, 1]",float32
po_0029_part_001,FAKE,validation,C:\Users\Harish\Downloads\AI deepfake detection\AI_VOICE_DEEPFAKE_DETECTION\data\processed\features\po_0029_part_001.npy,"[128, 126, 1]",float32
po_0030_c_part_010,FAKE,validation,C:\Users\Harish\Downloads\AI deepfake detection\AI_VOICE_DEEPFAKE_DETECTION\data\processed\features\po_0030_c_part_010.npy,"[128, 126, 1]",float32
po_0030_c_part_012,FAKE,validation,C:\Users\Harish\Downloads\AI deepfake detection\AI_VOICE_DEEPFAKE_DETECTION\data\processed\features\po_0030_c_part_012.npy,"[128, 126, 1]",float32
po_0030_part_008,FAKE,validation,C:\Users\Harish\Downloads\AI deepfake detection\AI_VOICE_DEEPFAKE_DETECTION\data\processed\features\po_0030_part_008.npy,"[128, 126, 1]",float32
po_0031_c_part_012,FAKE,validation,C:\Users\Harish\Downloads\AI deepfake detection\AI_VOICE_DEEPFAKE_DETECTION\data\processed\features\po_0031_c_part_012.npy,"[128, 126, 1]",float32
po_0031_part_001,FAKE,validation,C:\Users\Harish\Downloads\AI deepfake detection\AI_VOICE_DEEPFAKE_DETECTION\data\processed\features\po_0031_part_001.npy,"[128, 126, 1]",float32
po_0031_part_004,FAKE,validation,C:\Users\Harish\Downloads\AI deepfake detection\AI_VOICE_DEEPFAKE_DETECTION\data\processed\features\po_0031_part_004.npy,"[128, 126, 1]",float32
po_0031_part_007,FAKE,validation,C:\Users\Harish\Downloads\AI deepfake detection\AI_VOICE_DEEPFAKE_DETECTION\data\processed\features\po_0031_part_007.npy,"[128, 126, 1]",float32
po_0032_part_001,FAKE,validation,C:\Users\Harish\Downloads\AI deepfake detection\AI_VOICE_DEEPFAKE_DETECTION\data\processed\features\po_0032_part_001.npy,"[128, 126, 1]",float32
po_0032_part_007,FAKE,validation,C:\Users\Harish\Downloads\AI deepfake detection\AI_VOICE_DEEPFAKE_DETECTION\data\processed\features\po_0032_part_007.npy,"[128, 126, 1]",float32
po_0033_part_002,FAKE,validation,C:\Users\Harish\Downloads\AI deepfake detection\AI_VOICE_DEEPFAKE_DETECTION\data\processed\features\po_0033_part_002.npy,"[128, 126, 1]",float32
po_0033_part_007,FAKE,validation,C:\Users\Harish\Downloads\AI deepfake detection\AI_VOICE_DEEPFAKE_DETECTION\data\processed\features\po_0033_part_007.npy,"[128, 126, 1]",float32
po_0034_c_part_013,FAKE,validation,C:\Users\Harish\Downloads\AI deepfake detection\AI_VOICE_DEEPFAKE_DETECTION\data\processed\features\po_0034_c_part_013.npy,"[128, 126, 1]",float32
po_0034_part_006,FAKE,validation,C:\Users\Harish\Downloads\AI deepfake detection\AI_VOICE_DEEPFAKE_DETECTION\data\processed\features\po_0034_part_006.npy,"[128, 126, 1]",float32
sp_0001_c_part_025,FAKE,validation,C:\Users\Harish\Downloads\AI deepfake detection\AI_VOICE_DEEPFAKE_DETECTION\data\processed\features\sp_0001_c_part_025.npy,"[128, 126, 1]",float32
sp_0001_c_part_026,FAKE,validation,C:\Users\Harish\Downloads\AI deepfake detection\AI_VOICE_DEEPFAKE_DETECTION\data\processed\features\sp_0001_c_part_026.npy,"[128, 126, 1]",float32
sp_0001_part_012,FAKE,validation,C:\Users\Harish\Downloads\AI deepfake detection\AI_VOICE_DEEPFAKE_DETECTION\data\processed\features\sp_0001_part_012.npy,"[128, 126, 1]",float32
sp_0001_part_017,FAKE,validation,C:\Users\Harish\Downloads\AI deepfake detection\AI_VOICE_DEEPFAKE_DETECTION\data\processed\features\sp_0001_part_017.npy,"[128, 126, 1]",float32
sp_0002_c_part_022,FAKE,validation,C:\Users\Harish\Downloads\AI deepfake detection\AI_VOICE_DEEPFAKE_DETECTION\data\processed\features\sp_0002_c_part_022.npy,"[128, 126, 1]",float32
sp_0002_c_part_023,FAKE,validation,C:\Users\Harish\Downloads\AI deepfake detection\AI_VOICE_DEEPFAKE_DETECTION\data\processed\features\sp_0002_c_part_023.npy,"[128, 126, 1]",float32
sp_0002_part_008,FAKE,validation,C:\Users\Harish\Downloads\AI deepfake detection\AI_VOICE_DEEPFAKE_DETECTION\data\processed\features\sp_0002_part_008.npy,"[128, 126, 1]",float32
sp_0003_c_part_018,FAKE,validation,C:\Users\Harish\Downloads\AI deepfake detection\AI_VOICE_DEEPFAKE_DETECTION\data\processed\features\sp_0003_c_part_018.npy,"[128, 126, 1]",float32
sp_0003_c_part_019,FAKE,validation,C:\Users\Harish\Downloads\AI deepfake detection\AI_VOICE_DEEPFAKE_DETECTION\data\processed\features\sp_0003_c_part_019.npy,"[128, 126, 1]",float32
sp_0003_part_007,FAKE,validation,C:\Users\Harish\Downloads\AI deepfake detection\AI_VOICE_DEEPFAKE_DETECTION\data\processed\features\sp_0003_part_007.npy,"[128, 126, 1]",float32
sp_0003_part_008,FAKE,validation,C:\Users\Harish\Downloads\AI deepfake detection\AI_VOICE_DEEPFAKE_DETECTION\data\processed\features\sp_0003_part_008.npy,"[128, 126, 1]",float32
sp_0004_part_010,FAKE,validation,C:\Users\Harish\Downloads\AI deepfake detection\AI_VOICE_DEEPFAKE_DETECTION\data\processed\features\sp_0004_part_010.npy,"[128, 126, 1]",float32
sp_0004_part_015,FAKE,validation,C:\Users\Harish\Downloads\AI deepfake detection\AI_VOICE_DEEPFAKE_DETECTION\data\processed\features\sp_0004_part_015.npy,"[128, 126, 1]",float32
sp_0005_c_part_007,FAKE,validation,C:\Users\Harish\Downloads\AI deepfake detection\AI_VOICE_DEEPFAKE_DETECTION\data\processed\features\sp_0005_c_part_007.npy,"[128, 126, 1]",float32
sp_0005_c_part_010,FAKE,validation,C:\Users\Harish\Downloads\AI deepfake detection\AI_VOICE_DEEPFAKE_DETECTION\data\processed\features\sp_0005_c_part_010.npy,"[128, 126, 1]",float32
sp_0005_c_part_017,FAKE,validation,C:\Users\Harish\Downloads\AI deepfake detection\AI_VOICE_DEEPFAKE_DETECTION\data\processed\features\sp_0005_c_part_017.npy,"[128, 126, 1]",float32
sp_0005_c_part_025,FAKE,validation,C:\Users\Harish\Downloads\AI deepfake detection\AI_VOICE_DEEPFAKE_DETECTION\data\processed\features\sp_0005_c_part_025.npy,"[128, 126, 1]",float32
sp_0005_part_008,FAKE,validation,C:\Users\Harish\Downloads\AI deepfake detection\AI_VOICE_DEEPFAKE_DETECTION\data\processed\features\sp_0005_part_008.npy,"[128, 126, 1]",float32
sp_0005_part_009,FAKE,validation,C:\Users\Harish\Downloads\AI deepfake detection\AI_VOICE_DEEPFAKE_DETECTION\data\processed\features\sp_0005_part_009.npy,"[128, 126, 1]",float32
sp_0005_part_011,FAKE,validation,C:\Users\Harish\Downloads\AI deepfake detection\AI_VOICE_DEEPFAKE_DETECTION\data\processed\features\sp_0005_part_011.npy,"[128, 126, 1]",float32
sp_0005_part_015,FAKE,validation,C:\Users\Harish\Downloads\AI deepfake detection\AI_VOICE_DEEPFAKE_DETECTION\data\processed\features\sp_0005_part_015.npy,"[128, 126, 1]",float32
sp_0006_part_001,FAKE,validation,C:\Users\Harish\Downloads\AI deepfake detection\AI_VOICE_DEEPFAKE_DETECTION\data\processed\features\sp_0006_part_001.npy,"[128, 126, 1]",float32
sp_0006_part_004,FAKE,validation,C:\Users\Harish\Downloads\AI deepfake detection\AI_VOICE_DEEPFAKE_DETECTION\data\processed\features\sp_0006_part_004.npy,"[128, 126, 1]",float32
sp_0006_part_011,FAKE,validation,C:\Users\Harish\Downloads\AI deepfake detection\AI_VOICE_DEEPFAKE_DETECTION\data\processed\features\sp_0006_part_011.npy,"[128, 126, 1]",float32
sp_0007_c_part_011,FAKE,validation,C:\Users\Harish\Downloads\AI deepfake detection\AI_VOICE_DEEPFAKE_DETECTION\data\processed\features\sp_0007_c_part_011.npy,"[128, 126, 1]",float32
sp_0007_c_part_015,FAKE,validation,C:\Users\Harish\Downloads\AI deepfake detection\AI_VOICE_DEEPFAKE_DETECTION\data\processed\features\sp_0007_c_part_015.npy,"[128, 126, 1]",float32
sp_0008_c_part_014,FAKE,validation,C:\Users\Harish\Downloads\AI deepfake detection\AI_VOICE_DEEPFAKE_DETECTION\data\processed\features\sp_0008_c_part_014.npy,"[128, 126, 1]",float32
sp_0008_c_part_015,FAKE,validation,C:\Users\Harish\Downloads\AI deepfake detection\AI_VOICE_DEEPFAKE_DETECTION\data\processed\features\sp_0008_c_part_015.npy,"[128, 126, 1]",float32
yt_0000_part_003,REAL,test,C:\Users\Harish\Downloads\AI deepfake detection\AI_VOICE_DEEPFAKE_DETECTION\data\processed\features\yt_0000_part_003.npy,"[128, 126, 1]",float32
yt_0000_part_004,REAL,test,C:\Users\Harish\Downloads\AI deepfake detection\AI_VOICE_DEEPFAKE_DETECTION\data\processed\features\yt_0000_part_004.npy,"[128, 126, 1]",float32
yt_0000_part_021,REAL,test,C:\Users\Harish\Downloads\AI deepfake detection\AI_VOICE_DEEPFAKE_DETECTION\data\processed\features\yt_0000_part_021.npy,"[128, 126, 1]",float32
yt_0000_part_027,REAL,test,C:\Users\Harish\Downloads\AI deepfake detection\AI_VOICE_DEEPFAKE_DETECTION\data\processed\features\yt_0000_part_027.npy,"[128, 126, 1]",float32
yt_0000_part_048,REAL,test,C:\Users\Harish\Downloads\AI deepfake detection\AI_VOICE_DEEPFAKE_DETECTION\data\processed\features\yt_0000_part_048.npy,"[128, 126, 1]",float32
yt_0000_part_051,REAL,test,C:\Users\Harish\Downloads\AI deepfake detection\AI_VOICE_DEEPFAKE_DETECTION\data\processed\features\yt_0000_part_051.npy,"[128, 126, 1]",float32
yt_0000_part_085,REAL,test,C:\Users\Harish\Downloads\AI deepfake detection\AI_VOICE_DEEPFAKE_DETECTION\data\processed\features\yt_0000_part_085.npy,"[128, 126, 1]",float32
yt_0000_part_087,REAL,test,C:\Users\Harish\Downloads\AI deepfake detection\AI_VOICE_DEEPFAKE_DETECTION\data\processed\features\yt_0000_part_087.npy,"[128, 126, 1]",float32
yt_0000_part_091,REAL,test,C:\Users\Harish\Downloads\AI deepfake detection\AI_VOICE_DEEPFAKE_DETECTION\data\processed\features\yt_0000_part_091.npy,"[128, 126, 1]",float32
yt_0000_part_098,REAL,test,C:\Users\Harish\Downloads\AI deepfake detection\AI_VOICE_DEEPFAKE_DETECTION\data\processed\features\yt_0000_part_098.npy,"[128, 126, 1]",float32
yt_0000_part_104,REAL,test,C:\Users\Harish\Downloads\AI deepfake detection\AI_VOICE_DEEPFAKE_DETECTION\data\processed\features\yt_0000_part_104.npy,"[128, 126, 1]",float32
yt_0000_part_116,REAL,test,C:\Users\Harish\Downloads\AI deepfake detection\AI_VOICE_DEEPFAKE_DETECTION\data\processed\features\yt_0000_part_116.npy,"[128, 126, 1]",float32
yt_0000_part_122,REAL,test,C:\Users\Harish\Downloads\AI deepfake detection\AI_VOICE_DEEPFAKE_DETECTION\data\processed\features\yt_0000_part_122.npy,"[128, 126, 1]",float32
yt_0000_part_126,REAL,test,C:\Users\Harish\Downloads\AI deepfake detection\AI_VOICE_DEEPFAKE_DETECTION\data\processed\features\yt_0000_part_126.npy,"[128, 126, 1]",float32
yt_0000_part_127,REAL,test,C:\Users\Harish\Downloads\AI deepfake detection\AI_VOICE_DEEPFAKE_DETECTION\data\processed\features\yt_0000_part_127.npy,"[128, 126, 1]",float32
yt_0000_part_130,REAL,test,C:\Users\Harish\Downloads\AI deepfake detection\AI_VOICE_DEEPFAKE_DETECTION\data\processed\features\yt_0000_part_130.npy,"[128, 126, 1]",float32
yt_0001_part_019,REAL,test,C:\Users\Harish\Downloads\AI deepfake detection\AI_VOICE_DEEPFAKE_DETECTION\data\processed\features\yt_0001_part_019.npy,"[128, 126, 1]",float32
yt_0001_part_021,REAL,test,C:\Users\Harish\Downloads\AI deepfake detection\AI_VOICE_DEEPFAKE_DETECTION\data\processed\features\yt_0001_part_021.npy,"[128, 126, 1]",float32
yt_0002_part_006,REAL,test,C:\Users\Harish\Downloads\AI deepfake detection\AI_VOICE_DEEPFAKE_DETECTION\data\processed\features\yt_0002_part_006.npy,"[128, 126, 1]",float32
yt_0002_part_028,REAL,test,C:\Users\Harish\Downloads\AI deepfake detection\AI_VOICE_DEEPFAKE_DETECTION\data\processed\features\yt_0002_part_028.npy,"[128, 126, 1]",float32
yt_0003_part_006,REAL,test,C:\Users\Harish\Downloads\AI deepfake detection\AI_VOICE_DEEPFAKE_DETECTION\data\processed\features\yt_0003_part_006.npy,"[128, 126, 1]",float32
yt_0003_part_022,REAL,test,C:\Users\Harish\Downloads\AI deepfake detection\AI_VOICE_DEEPFAKE_DETECTION\data\processed\features\yt_0003_part_022.npy,"[128, 126, 1]",float32
yt_0004_part_022,REAL,test,C:\Users\Harish\Downloads\AI deepfake detection\AI_VOICE_DEEPFAKE_DETECTION\data\processed\features\yt_0004_part_022.npy,"[128, 126, 1]",float32
yt_0004_part_023,REAL,test,C:\Users\Harish\Downloads\AI deepfake detection\AI_VOICE_DEEPFAKE_DETECTION\data\processed\features\yt_0004_part_023.npy,"[128, 126, 1]",float32
yt_0004_part_028,REAL,test,C:\Users\Harish\Downloads\AI deepfake detection\AI_VOICE_DEEPFAKE_DETECTION\data\processed\features\yt_0004_part_028.npy,"[128, 126, 1]",float32
yt_0004_part_038,REAL,test,C:\Users\Harish\Downloads\AI deepfake detection\AI_VOICE_DEEPFAKE_DETECTION\data\processed\features\yt_0004_part_038.npy,"[128, 126, 1]",float32
yt_0005_part_005,REAL,test,C:\Users\Harish\Downloads\AI deepfake detection\AI_VOICE_DEEPFAKE_DETECTION\data\processed\features\yt_0005_part_005.npy,"[128, 126, 1]",float32
yt_0005_part_014,REAL,test,C:\Users\Harish\Downloads\AI deepfake detection\AI_VOICE_DEEPFAKE_DETECTION\data\processed\features\yt_0005_part_014.npy,"[128, 126, 1]",float32
yt_0005_part_019,REAL,test,C:\Users\Harish\Downloads\AI deepfake detection\AI_VOICE_DEEPFAKE_DETECTION\data\processed\features\yt_0005_part_019.npy,"[128, 126, 1]",float32
yt_0006_p2_part_013,REAL,test,C:\Users\Harish\Downloads\AI deepfake detection\AI_VOICE_DEEPFAKE_DETECTION\data\processed\features\yt_0006_p2_part_013.npy,"[128, 126, 1]",float32
yt_0006_p2_part_040,REAL,test,C:\Users\Harish\Downloads\AI deepfake detection\AI_VOICE_DEEPFAKE_DETECTION\data\processed\features\yt_0006_p2_part_040.npy,"[128, 126, 1]",float32
yt_0006_p2_part_042,REAL,test,C:\Users\Harish\Downloads\AI deepfake detection\AI_VOICE_DEEPFAKE_DETECTION\data\processed\features\yt_0006_p2_part_042.npy,"[128, 126, 1]",float32
yt_0006_p2_part_052,REAL,test,C:\Users\Harish\Downloads\AI deepfake detection\AI_VOICE_DEEPFAKE_DETECTION\data\processed\features\yt_0006_p2_part_052.npy,"[128, 126, 1]",float32
yt_0006_part_011,REAL,test,C:\Users\Harish\Downloads\AI deepfake detection\AI_VOICE_DEEPFAKE_DETECTION\data\processed\features\yt_0006_part_011.npy,"[128, 126, 1]",float32
yt_0006_part_013,REAL,test,C:\Users\Harish\Downloads\AI deepfake detection\AI_VOICE_DEEPFAKE_DETECTION\data\processed\features\yt_0006_part_013.npy,"[128, 126, 1]",float32
yt_0006_part_029,REAL,test,C:\Users\Harish\Downloads\AI deepfake detection\AI_VOICE_DEEPFAKE_DETECTION\data\processed\features\yt_0006_part_029.npy,"[128, 126, 1]",float32
yt_0006_part_031,REAL,test,C:\Users\Harish\Downloads\AI deepfake detection\AI_VOICE_DEEPFAKE_DETECTION\data\processed\features\yt_0006_part_031.npy,"[128, 126, 1]",float32
yt_0006_part_042,REAL,test,C:\Users\Harish\Downloads\AI deepfake detection\AI_VOICE_DEEPFAKE_DETECTION\data\processed\features\yt_0006_part_042.npy,"[128, 126, 1]",float32
yt_0006_part_047,REAL,test,C:\Users\Harish\Downloads\AI deepfake detection\AI_VOICE_DEEPFAKE_DETECTION\data\processed\features\yt_0006_part_047.npy,"[128, 126, 1]",float32
yt_0006_part_051,REAL,test,C:\Users\Harish\Downloads\AI deepfake detection\AI_VOICE_DEEPFAKE_DETECTION\data\processed\features\yt_0006_part_051.npy,"[128, 126, 1]",float32
yt_0007_p2_part_031,REAL,test,C:\Users\Harish\Downloads\AI deepfake detection\AI_VOICE_DEEPFAKE_DETECTION\data\processed\features\yt_0007_p2_part_031.npy,"[128, 126, 1]",float32
yt_0007_part_013,REAL,test,C:\Users\Harish\Downloads\AI deepfake detection\AI_VOICE_DEEPFAKE_DETECTION\data\processed\features\yt_0007_part_013.npy,"[128, 126, 1]",float32
yt_0007_part_033,REAL,test,C:\Users\Harish\Downloads\AI deepfake detection\AI_VOICE_DEEPFAKE_DETECTION\data\processed\features\yt_0007_part_033.npy,"[128, 126, 1]",float32
yt_0008_p2_part_258,REAL,test,C:\Users\Harish\Downloads\AI deepfake detection\AI_VOICE_DEEPFAKE_DETECTION\data\processed\features\yt_0008_p2_part_258.npy,"[128, 126, 1]",float32
yt_0008_p2_part_259,REAL,test,C:\Users\Harish\Downloads\AI deepfake detection\AI_VOICE_DEEPFAKE_DETECTION\data\processed\features\yt_0008_p2_part_259.npy,"[128, 126, 1]",float32
yt_0008_part_002,REAL,test,C:\Users\Harish\Downloads\AI deepfake detection\AI_VOICE_DEEPFAKE_DETECTION\data\processed\features\yt_0008_part_002.npy,"[128, 126, 1]",float32
yt_0008_part_007,REAL,test,C:\Users\Harish\Downloads\AI deepfake detection\AI_VOICE_DEEPFAKE_DETECTION\data\processed\features\yt_0008_part_007.npy,"[128, 126, 1]",float32
yt_0008_part_010,REAL,test,C:\Users\Harish\Downloads\AI deepfake detection\AI_VOICE_DEEPFAKE_DETECTION\data\processed\features\yt_0008_part_010.npy,"[128, 126, 1]",float32
yt_0008_part_032,REAL,test,C:\Users\Harish\Downloads\AI deepfake detection\AI_VOICE_DEEPFAKE_DETECTION\data\processed\features\yt_0008_part_032.npy,"[128, 126, 1]",float32
yt_0008_part_045,REAL,test,C:\Users\Harish\Downloads\AI deepfake detection\AI_VOICE_DEEPFAKE_DETECTION\data\processed\features\yt_0008_part_045.npy,"[128, 126, 1]",float32
yt_0008_part_054,REAL,test,C:\Users\Harish\Downloads\AI deepfake detection\AI_VOICE_DEEPFAKE_DETECTION\data\processed\features\yt_0008_part_054.npy,"[128, 126, 1]",float32
yt_0008_part_061,REAL,test,C:\Users\Harish\Downloads\AI deepfake detection\AI_VOICE_DEEPFAKE_DETECTION\data\processed\features\yt_0008_part_061.npy,"[128, 126, 1]",float32
yt_0008_part_084,REAL,test,C:\Users\Harish\Downloads\AI deepfake detection\AI_VOICE_DEEPFAKE_DETECTION\data\processed\features\yt_0008_part_084.npy,"[128, 126, 1]",float32
yt_0008_part_089,REAL,test,C:\Users\Harish\Downloads\AI deepfake detection\AI_VOICE_DEEPFAKE_DETECTION\data\processed\features\yt_0008_part_089.npy,"[128, 126, 1]",float32
yt_0008_part_124,REAL,test,C:\Users\Harish\Downloads\AI deepfake detection\AI_VOICE_DEEPFAKE_DETECTION\data\processed\features\yt_0008_part_124.npy,"[128, 126, 1]",float32
yt_0008_part_127,REAL,test,C:\Users\Harish\Downloads\AI deepfake detection\AI_VOICE_DEEPFAKE_DETECTION\data\processed\features\yt_0008_part_127.npy,"[128, 126, 1]",float32
yt_0008_part_138,REAL,test,C:\Users\Harish\Downloads\AI deepfake detection\AI_VOICE_DEEPFAKE_DETECTION\data\processed\features\yt_0008_part_138.npy,"[128, 126, 1]",float32
yt_0008_part_142,REAL,test,C:\Users\Harish\Downloads\AI deepfake detection\AI_VOICE_DEEPFAKE_DETECTION\data\processed\features\yt_0008_part_142.npy,"[128, 126, 1]",float32
yt_0008_part_150,REAL,test,C:\Users\Harish\Downloads\AI deepfake detection\AI_VOICE_DEEPFAKE_DETECTION\data\processed\features\yt_0008_part_150.npy,"[128, 126, 1]",float32
yt_0008_part_178,REAL,test,C:\Users\Harish\Downloads\AI deepfake detection\AI_VOICE_DEEPFAKE_DETECTION\data\processed\features\yt_0008_part_178.npy,"[128, 126, 1]",float32
yt_0008_part_203,REAL,test,C:\Users\Harish\Downloads\AI deepfake detection\AI_VOICE_DEEPFAKE_DETECTION\data\processed\features\yt_0008_part_203.npy,"[128, 126, 1]",float32
yt_0008_part_223,REAL,test,C:\Users\Harish\Downloads\AI deepfake detection\AI_VOICE_DEEPFAKE_DETECTION\data\processed\features\yt_0008_part_223.npy,"[128, 126, 1]",float32
yt_0008_part_230,REAL,test,C:\Users\Harish\Downloads\AI deepfake detection\AI_VOICE_DEEPFAKE_DETECTION\data\processed\features\yt_0008_part_230.npy,"[128, 126, 1]",float32
yt_0008_part_231,REAL,test,C:\Users\Harish\Downloads\AI deepfake detection\AI_VOICE_DEEPFAKE_DETECTION\data\processed\features\yt_0008_part_231.npy,"[128, 126, 1]",float32
yt_0008_part_235,REAL,test,C:\Users\Harish\Downloads\AI deepfake detection\AI_VOICE_DEEPFAKE_DETECTION\data\processed\features\yt_0008_part_235.npy,"[128, 126, 1]",float32
yt_0008_part_236,REAL,test,C:\Users\Harish\Downloads\AI deepfake detection\AI_VOICE_DEEPFAKE_DETECTION\data\processed\features\yt_0008_part_236.npy,"[128, 126, 1]",float32
yt_0008_part_251,REAL,test,C:\Users\Harish\Downloads\AI deepfake detection\AI_VOICE_DEEPFAKE_DETECTION\data\processed\features\yt_0008_part_251.npy,"[128, 126, 1]",float32
yt_0009_p2_part_281,REAL,test,C:\Users\Harish\Downloads\AI deepfake detection\AI_VOICE_DEEPFAKE_DETECTION\data\processed\features\yt_0009_p2_part_281.npy,"[128, 126, 1]",float32
yt_0009_part_013,REAL,test,C:\Users\Harish\Downloads\AI deepfake detection\AI_VOICE_DEEPFAKE_DETECTION\data\processed\features\yt_0009_part_013.npy,"[128, 126, 1]",float32
yt_0009_part_020,REAL,test,C:\Users\Harish\Downloads\AI deepfake detection\AI_VOICE_DEEPFAKE_DETECTION\data\processed\features\yt_0009_part_020.npy,"[128, 126, 1]",float32
yt_0009_part_027,REAL,test,C:\Users\Harish\Downloads\AI deepfake detection\AI_VOICE_DEEPFAKE_DETECTION\data\processed\features\yt_0009_part_027.npy,"[128, 126, 1]",float32
yt_0009_part_031,REAL,test,C:\Users\Harish\Downloads\AI deepfake detection\AI_VOICE_DEEPFAKE_DETECTION\data\processed\features\yt_0009_part_031.npy,"[128, 126, 1]",float32
yt_0009_part_056,REAL,test,C:\Users\Harish\Downloads\AI deepfake detection\AI_VOICE_DEEPFAKE_DETECTION\data\processed\features\yt_0009_part_056.npy,"[128, 126, 1]",float32
yt_0009_part_072,REAL,test,C:\Users\Harish\Downloads\AI deepfake detection\AI_VOICE_DEEPFAKE_DETECTION\data\processed\features\yt_0009_part_072.npy,"[128, 126, 1]",float32
yt_0009_part_080,REAL,test,C:\Users\Harish\Downloads\AI deepfake detection\AI_VOICE_DEEPFAKE_DETECTION\data\processed\features\yt_0009_part_080.npy,"[128, 126, 1]",float32
yt_0009_part_094,REAL,test,C:\Users\Harish\Downloads\AI deepfake detection\AI_VOICE_DEEPFAKE_DETECTION\data\processed\features\yt_0009_part_094.npy,"[128, 126, 1]",float32
yt_0009_part_095,REAL,test,C:\Users\Harish\Downloads\AI deepfake detection\AI_VOICE_DEEPFAKE_DETECTION\data\processed\features\yt_0009_part_095.npy,"[128, 126, 1]",float32
yt_0009_part_111,REAL,test,C:\Users\Harish\Downloads\AI deepfake detection\AI_VOICE_DEEPFAKE_DETECTION\data\processed\features\yt_0009_part_111.npy,"[128, 126, 1]",float32
yt_0009_part_113,REAL,test,C:\Users\Harish\Downloads\AI deepfake detection\AI_VOICE_DEEPFAKE_DETECTION\data\processed\features\yt_0009_part_113.npy,"[128, 126, 1]",float32
yt_0009_part_116,REAL,test,C:\Users\Harish\Downloads\AI deepfake detection\AI_VOICE_DEEPFAKE_DETECTION\data\processed\features\yt_0009_part_116.npy,"[128, 126, 1]",float32
yt_0009_part_149,REAL,test,C:\Users\Harish\Downloads\AI deepfake detection\AI_VOICE_DEEPFAKE_DETECTION\data\processed\features\yt_0009_part_149.npy,"[128, 126, 1]",float32
yt_0009_part_151,REAL,test,C:\Users\Harish\Downloads\AI deepfake detection\AI_VOICE_DEEPFAKE_DETECTION\data\processed\features\yt_0009_part_151.npy,"[128, 126, 1]",float32
yt_0009_part_159,REAL,test,C:\Users\Harish\Downloads\AI deepfake detection\AI_VOICE_DEEPFAKE_DETECTION\data\processed\features\yt_0009_part_159.npy,"[128, 126, 1]",float32
yt_0009_part_163,REAL,test,C:\Users\Harish\Downloads\AI deepfake detection\AI_VOICE_DEEPFAKE_DETECTION\data\processed\features\yt_0009_part_163.npy,"[128, 126, 1]",float32
yt_0009_part_165,REAL,test,C:\Users\Harish\Downloads\AI deepfake detection\AI_VOICE_DEEPFAKE_DETECTION\data\processed\features\yt_0009_part_165.npy,"[128, 126, 1]",float32
yt_0009_part_188,REAL,test,C:\Users\Harish\Downloads\AI deepfake detection\AI_VOICE_DEEPFAKE_DETECTION\data\processed\features\yt_0009_part_188.npy,"[128, 126, 1]",float32
yt_0009_part_202,REAL,test,C:\Users\Harish\Downloads\AI deepfake detection\AI_VOICE_DEEPFAKE_DETECTION\data\processed\features\yt_0009_part_202.npy,"[128, 126, 1]",float32
yt_0009_part_206,REAL,test,C:\Users\Harish\Downloads\AI deepfake detection\AI_VOICE_DEEPFAKE_DETECTION\data\processed\features\yt_0009_part_206.npy,"[128, 126, 1]",float32
yt_0009_part_208,REAL,test,C:\Users\Harish\Downloads\AI deepfake detection\AI_VOICE_DEEPFAKE_DETECTION\data\processed\features\yt_0009_part_208.npy,"[128, 126, 1]",float32
yt_0009_part_232,REAL,test,C:\Users\Harish\Downloads\AI deepfake detection\AI_VOICE_DEEPFAKE_DETECTION\data\processed\features\yt_0009_part_232.npy,"[128, 126, 1]",float32
yt_0009_part_239,REAL,test,C:\Users\Harish\Downloads\AI deepfake detection\AI_VOICE_DEEPFAKE_DETECTION\data\processed\features\yt_0009_part_239.npy,"[128, 126, 1]",float32
yt_0009_part_247,REAL,test,C:\Users\Harish\Downloads\AI deepfake detection\AI_VOICE_DEEPFAKE_DETECTION\data\processed\features\yt_0009_part_247.npy,"[128, 126, 1]",float32
yt_0009_part_254,REAL,test,C:\Users\Harish\Downloads\AI deepfake detection\AI_VOICE_DEEPFAKE_DETECTION\data\processed\features\yt_0009_part_254.npy,"[128, 126, 1]",float32
yt_0009_part_255,REAL,test,C:\Users\Harish\Downloads\AI deepfake detection\AI_VOICE_DEEPFAKE_DETECTION\data\processed\features\yt_0009_part_255.npy,"[128, 126, 1]",float32
yt_0010_part_011,REAL,test,C:\Users\Harish\Downloads\AI deepfake detection\AI_VOICE_DEEPFAKE_DETECTION\data\processed\features\yt_0010_part_011.npy,"[128, 126, 1]",float32
yt_0010_part_017,REAL,test,C:\Users\Harish\Downloads\AI deepfake detection\AI_VOICE_DEEPFAKE_DETECTION\data\processed\features\yt_0010_part_017.npy,"[128, 126, 1]",float32
yt_0010_part_018,REAL,test,C:\Users\Harish\Downloads\AI deepfake detection\AI_VOICE_DEEPFAKE_DETECTION\data\processed\features\yt_0010_part_018.npy,"[128, 126, 1]",float32
yt_0010_part_034,REAL,test,C:\Users\Harish\Downloads\AI deepfake detection\AI_VOICE_DEEPFAKE_DETECTION\data\processed\features\yt_0010_part_034.npy,"[128, 126, 1]",float32
yt_0010_part_044,REAL,test,C:\Users\Harish\Downloads\AI deepfake detection\AI_VOICE_DEEPFAKE_DETECTION\data\processed\features\yt_0010_part_044.npy,"[128, 126, 1]",float32
yt_0010_part_056,REAL,test,C:\Users\Harish\Downloads\AI deepfake detection\AI_VOICE_DEEPFAKE_DETECTION\data\processed\features\yt_0010_part_056.npy,"[128, 126, 1]",float32
yt_0011_part_001,REAL,test,C:\Users\Harish\Downloads\AI deepfake detection\AI_VOICE_DEEPFAKE_DETECTION\data\processed\features\yt_0011_part_001.npy,"[128, 126, 1]",float32
yt_0011_part_007,REAL,test,C:\Users\Harish\Downloads\AI deepfake detection\AI_VOICE_DEEPFAKE_DETECTION\data\processed\features\yt_0011_part_007.npy,"[128, 126, 1]",float32
yt_0011_part_010,REAL,test,C:\Users\Harish\Downloads\AI deepfake detection\AI_VOICE_DEEPFAKE_DETECTION\data\processed\features\yt_0011_part_010.npy,"[128, 126, 1]",float32
yt_0011_part_012,REAL,test,C:\Users\Harish\Downloads\AI deepfake detection\AI_VOICE_DEEPFAKE_DETECTION\data\processed\features\yt_0011_part_012.npy,"[128, 126, 1]",float32
yt_0011_part_039,REAL,test,C:\Users\Harish\Downloads\AI deepfake detection\AI_VOICE_DEEPFAKE_DETECTION\data\processed\features\yt_0011_part_039.npy,"[128, 126, 1]",float32
yt_0011_part_047,REAL,test,C:\Users\Harish\Downloads\AI deepfake detection\AI_VOICE_DEEPFAKE_DETECTION\data\processed\features\yt_0011_part_047.npy,"[128, 126, 1]",float32
yt_0011_part_052,REAL,test,C:\Users\Harish\Downloads\AI deepfake detection\AI_VOICE_DEEPFAKE_DETECTION\data\processed\features\yt_0011_part_052.npy,"[128, 126, 1]",float32
yt_0011_part_067,REAL,test,C:\Users\Harish\Downloads\AI deepfake detection\AI_VOICE_DEEPFAKE_DETECTION\data\processed\features\yt_0011_part_067.npy,"[128, 126, 1]",float32
yt_0011_part_072,REAL,test,C:\Users\Harish\Downloads\AI deepfake detection\AI_VOICE_DEEPFAKE_DETECTION\data\processed\features\yt_0011_part_072.npy,"[128, 126, 1]",float32
yt_0011_part_079,REAL,test,C:\Users\Harish\Downloads\AI deepfake detection\AI_VOICE_DEEPFAKE_DETECTION\data\processed\features\yt_0011_part_079.npy,"[128, 126, 1]",float32
yt_0011_part_104,REAL,test,C:\Users\Harish\Downloads\AI deepfake detection\AI_VOICE_DEEPFAKE_DETECTION\data\processed\features\yt_0011_part_104.npy,"[128, 126, 1]",float32
yt_0011_part_105,REAL,test,C:\Users\Harish\Downloads\AI deepfake detection\AI_VOICE_DEEPFAKE_DETECTION\data\processed\features\yt_0011_part_105.npy,"[128, 126, 1]",float32
yt_0011_part_120,REAL,test,C:\Users\Harish\Downloads\AI deepfake detection\AI_VOICE_DEEPFAKE_DETECTION\data\processed\features\yt_0011_part_120.npy,"[128, 126, 1]",float32
yt_0011_part_140,REAL,test,C:\Users\Harish\Downloads\AI deepfake detection\AI_VOICE_DEEPFAKE_DETECTION\data\processed\features\yt_0011_part_140.npy,"[128, 126, 1]",float32
yt_0011_part_155,REAL,test,C:\Users\Harish\Downloads\AI deepfake detection\AI_VOICE_DEEPFAKE_DETECTION\data\processed\features\yt_0011_part_155.npy,"[128, 126, 1]",float32
yt_0011_part_172,REAL,test,C:\Users\Harish\Downloads\AI deepfake detection\AI_VOICE_DEEPFAKE_DETECTION\data\processed\features\yt_0011_part_172.npy,"[128, 126, 1]",float32
yt_0012_p2_part_177,REAL,test,C:\Users\Harish\Downloads\AI deepfake detection\AI_VOICE_DEEPFAKE_DETECTION\data\processed\features\yt_0012_p2_part_177.npy,"[128, 126, 1]",float32
yt_0012_part_013,REAL,test,C:\Users\Harish\Downloads\AI deepfake detection\AI_VOICE_DEEPFAKE_DETECTION\data\processed\features\yt_0012_part_013.npy,"[128, 126, 1]",float32
yt_0012_part_024,REAL,test,C:\Users\Harish\Downloads\AI deepfake detection\AI_VOICE_DEEPFAKE_DETECTION\data\processed\features\yt_0012_part_024.npy,"[128, 126, 1]",float32
yt_0012_part_029,REAL,test,C:\Users\Harish\Downloads\AI deepfake detection\AI_VOICE_DEEPFAKE_DETECTION\data\processed\features\yt_0012_part_029.npy,"[128, 126, 1]",float32
yt_0012_part_032,REAL,test,C:\Users\Harish\Downloads\AI deepfake detection\AI_VOICE_DEEPFAKE_DETECTION\data\processed\features\yt_0012_part_032.npy,"[128, 126, 1]",float32
yt_0012_part_052,REAL,test,C:\Users\Harish\Downloads\AI deepfake detection\AI_VOICE_DEEPFAKE_DETECTION\data\processed\features\yt_0012_part_052.npy,"[128, 126, 1]",float32
yt_0012_part_063,REAL,test,C:\Users\Harish\Downloads\AI deepfake detection\AI_VOICE_DEEPFAKE_DETECTION\data\processed\features\yt_0012_part_063.npy,"[128, 126, 1]",float32
yt_0012_part_065,REAL,test,C:\Users\Harish\Downloads\AI deepfake detection\AI_VOICE_DEEPFAKE_DETECTION\data\processed\features\yt_0012_part_065.npy,"[128, 126, 1]",float32
yt_0012_part_068,REAL,test,C:\Users\Harish\Downloads\AI deepfake detection\AI_VOICE_DEEPFAKE_DETECTION\data\processed\features\yt_0012_part_068.npy,"[128, 126, 1]",float32
yt_0012_part_085,REAL,test,C:\Users\Harish\Downloads\AI deepfake detection\AI_VOICE_DEEPFAKE_DETECTION\data\processed\features\yt_0012_part_085.npy,"[128, 126, 1]",float32
yt_0012_part_089,REAL,test,C:\Users\Harish\Downloads\AI deepfake detection\AI_VOICE_DEEPFAKE_DETECTION\data\processed\features\yt_0012_part_089.npy,"[128, 126, 1]",float32
yt_0012_part_104,REAL,test,C:\Users\Harish\Downloads\AI deepfake detection\AI_VOICE_DEEPFAKE_DETECTION\data\processed\features\yt_0012_part_104.npy,"[128, 126, 1]",float32
yt_0012_part_122,REAL,test,C:\Users\Harish\Downloads\AI deepfake detection\AI_VOICE_DEEPFAKE_DETECTION\data\processed\features\yt_0012_part_122.npy,"[128, 126, 1]",float32
yt_0012_part_125,REAL,test,C:\Users\Harish\Downloads\AI deepfake detection\AI_VOICE_DEEPFAKE_DETECTION\data\processed\features\yt_0012_part_125.npy,"[128, 126, 1]",float32
yt_0012_part_127,REAL,test,C:\Users\Harish\Downloads\AI deepfake detection\AI_VOICE_DEEPFAKE_DETECTION\data\processed\features\yt_0012_part_127.npy,"[128, 126, 1]",float32
yt_0012_part_162,REAL,test,C:\Users\Harish\Downloads\AI deepfake detection\AI_VOICE_DEEPFAKE_DETECTION\data\processed\features\yt_0012_part_162.npy,"[128, 126, 1]",float32
yt_0013_part_001,REAL,test,C:\Users\Harish\Downloads\AI deepfake detection\AI_VOICE_DEEPFAKE_DETECTION\data\processed\features\yt_0013_part_001.npy,"[128, 126, 1]",float32
yt_0013_part_006,REAL,test,C:\Users\Harish\Downloads\AI deepfake detection\AI_VOICE_DEEPFAKE_DETECTION\data\processed\features\yt_0013_part_006.npy,"[128, 126, 1]",float32
yt_0013_part_007,REAL,test,C:\Users\Harish\Downloads\AI deepfake detection\AI_VOICE_DEEPFAKE_DETECTION\data\processed\features\yt_0013_part_007.npy,"[128, 126, 1]",float32
yt_0013_part_028,REAL,test,C:\Users\Harish\Downloads\AI deepfake detection\AI_VOICE_DEEPFAKE_DETECTION\data\processed\features\yt_0013_part_028.npy,"[128, 126, 1]",float32
yt_0013_part_037,REAL,test,C:\Users\Harish\Downloads\AI deepfake detection\AI_VOICE_DEEPFAKE_DETECTION\data\processed\features\yt_0013_part_037.npy,"[128, 126, 1]",float32
yt_0013_part_040,REAL,test,C:\Users\Harish\Downloads\AI deepfake detection\AI_VOICE_DEEPFAKE_DETECTION\data\processed\features\yt_0013_part_040.npy,"[128, 126, 1]",float32
yt_0013_part_047,REAL,test,C:\Users\Harish\Downloads\AI deepfake detection\AI_VOICE_DEEPFAKE_DETECTION\data\processed\features\yt_0013_part_047.npy,"[128, 126, 1]",float32
yt_0013_part_067,REAL,test,C:\Users\Harish\Downloads\AI deepfake detection\AI_VOICE_DEEPFAKE_DETECTION\data\processed\features\yt_0013_part_067.npy,"[128, 126, 1]",float32
yt_0013_part_072,REAL,test,C:\Users\Harish\Downloads\AI deepfake detection\AI_VOICE_DEEPFAKE_DETECTION\data\processed\features\yt_0013_part_072.npy,"[128, 126, 1]",float32
el_0009_c_part_004,FAKE,test,C:\Users\Harish\Downloads\AI deepfake detection\AI_VOICE_DEEPFAKE_DETECTION\data\processed\features\el_0009_c_part_004.npy,"[128, 126, 1]",float32
el_0009_c_part_005,FAKE,test,C:\Users\Harish\Downloads\AI deepfake detection\AI_VOICE_DEEPFAKE_DETECTION\data\processed\features\el_0009_c_part_005.npy,"[128, 126, 1]",float32
el_0009_c_part_006,FAKE,test,C:\Users\Harish\Downloads\AI deepfake detection\AI_VOICE_DEEPFAKE_DETECTION\data\processed\features\el_0009_c_part_006.npy,"[128, 126, 1]",float32
el_0009_c_part_010,FAKE,test,C:\Users\Harish\Downloads\AI deepfake detection\AI_VOICE_DEEPFAKE_DETECTION\data\processed\features\el_0009_c_part_010.npy,"[128, 126, 1]",float32
el_0009_c_part_014,FAKE,test,C:\Users\Harish\Downloads\AI deepfake detection\AI_VOICE_DEEPFAKE_DETECTION\data\processed\features\el_0009_c_part_014.npy,"[128, 126, 1]",float32
el_0009_part_002,FAKE,test,C:\Users\Harish\Downloads\AI deepfake detection\AI_VOICE_DEEPFAKE_DETECTION\data\processed\features\el_0009_part_002.npy,"[128, 126, 1]",float32
el_0010_c_part_011,FAKE,test,C:\Users\Harish\Downloads\AI deepfake detection\AI_VOICE_DEEPFAKE_DETECTION\data\processed\features\el_0010_c_part_011.npy,"[128, 126, 1]",float32
el_0010_c_part_013,FAKE,test,C:\Users\Harish\Downloads\AI deepfake detection\AI_VOICE_DEEPFAKE_DETECTION\data\processed\features\el_0010_c_part_013.npy,"[128, 126, 1]",float32
el_0012_part_001,FAKE,test,C:\Users\Harish\Downloads\AI deepfake detection\AI_VOICE_DEEPFAKE_DETECTION\data\processed\features\el_0012_part_001.npy,"[128, 126, 1]",float32
el_0012_part_002,FAKE,test,C:\Users\Harish\Downloads\AI deepfake detection\AI_VOICE_DEEPFAKE_DETECTION\data\processed\features\el_0012_part_002.npy,"[128, 126, 1]",float32
el_0013_c_part_011,FAKE,test,C:\Users\Harish\Downloads\AI deepfake detection\AI_VOICE_DEEPFAKE_DETECTION\data\processed\features\el_0013_c_part_011.npy,"[128, 126, 1]",float32
el_0013_c_part_015,FAKE,test,C:\Users\Harish\Downloads\AI deepfake detection\AI_VOICE_DEEPFAKE_DETECTION\data\processed\features\el_0013_c_part_015.npy,"[128, 126, 1]",float32
el_0013_c_part_017,FAKE,test,C:\Users\Harish\Downloads\AI deepfake detection\AI_VOICE_DEEPFAKE_DETECTION\data\processed\features\el_0013_c_part_017.npy,"[128, 126, 1]",float32
el_0013_c_part_018,FAKE,test,C:\Users\Harish\Downloads\AI deepfake detection\AI_VOICE_DEEPFAKE_DETECTION\data\processed\features\el_0013_c_part_018.npy,"[128, 126, 1]",float32
el_0014_c_part_007,FAKE,test,C:\Users\Harish\Downloads\AI deepfake detection\AI_VOICE_DEEPFAKE_DETECTION\data\processed\features\el_0014_c_part_007.npy,"[128, 126, 1]",float32
el_0014_c_part_010,FAKE,test,C:\Users\Harish\Downloads\AI deepfake detection\AI_VOICE_DEEPFAKE_DETECTION\data\processed\features\el_0014_c_part_010.npy,"[128, 126, 1]",float32
el_0015_c_part_009,FAKE,test,C:\Users\Harish\Downloads\AI deepfake detection\AI_VOICE_DEEPFAKE_DETECTION\data\processed\features\el_0015_c_part_009.npy,"[128, 126, 1]",float32
el_0015_c_part_010,FAKE,test,C:\Users\Harish\Downloads\AI deepfake detection\AI_VOICE_DEEPFAKE_DETECTION\data\processed\features\el_0015_c_part_010.npy,"[128, 126, 1]",float32
el_0015_c_part_012,FAKE,test,C:\Users\Harish\Downloads\AI deepfake detection\AI_VOICE_DEEPFAKE_DETECTION\data\processed\features\el_0015_c_part_012.npy,"[128, 126, 1]",float32
el_0015_c_part_017,FAKE,test,C:\Users\Harish\Downloads\AI deepfake detection\AI_VOICE_DEEPFAKE_DETECTION\data\processed\features\el_0015_c_part_017.npy,"[128, 126, 1]",float32
el_0015_part_003,FAKE,test,C:\Users\Harish\Downloads\AI deepfake detection\AI_VOICE_DEEPFAKE_DETECTION\data\processed\features\el_0015_part_003.npy,"[128, 126, 1]",float32
el_0019_c_part_003,FAKE,test,C:\Users\Harish\Downloads\AI deepfake detection\AI_VOICE_DEEPFAKE_DETECTION\data\processed\features\el_0019_c_part_003.npy,"[128, 126, 1]",float32
el_0020_part_001,FAKE,test,C:\Users\Harish\Downloads\AI deepfake detection\AI_VOICE_DEEPFAKE_DETECTION\data\processed\features\el_0020_part_001.npy,"[128, 126, 1]",float32
el_0021_part_001,FAKE,test,C:\Users\Harish\Downloads\AI deepfake detection\AI_VOICE_DEEPFAKE_DETECTION\data\processed\features\el_0021_part_001.npy,"[128, 126, 1]",float32
el_0025_part_001,FAKE,test,C:\Users\Harish\Downloads\AI deepfake detection\AI_VOICE_DEEPFAKE_DETECTION\data\processed\features\el_0025_part_001.npy,"[128, 126, 1]",float32
el_0027_part_001,FAKE,test,C:\Users\Harish\Downloads\AI deepfake detection\AI_VOICE_DEEPFAKE_DETECTION\data\processed\features\el_0027_part_001.npy,"[128, 126, 1]",float32
hg_0002_part_001,FAKE,test,C:\Users\Harish\Downloads\AI deepfake detection\AI_VOICE_DEEPFAKE_DETECTION\data\processed\features\hg_0002_part_001.npy,"[128, 126, 1]",float32
hg_0002_part_003,FAKE,test,C:\Users\Harish\Downloads\AI deepfake detection\AI_VOICE_DEEPFAKE_DETECTION\data\processed\features\hg_0002_part_003.npy,"[128, 126, 1]",float32
hg_0004_part_002,FAKE,test,C:\Users\Harish\Downloads\AI deepfake detection\AI_VOICE_DEEPFAKE_DETECTION\data\processed\features\hg_0004_part_002.npy,"[128, 126, 1]",float32
hg_0004_part_003,FAKE,test,C:\Users\Harish\Downloads\AI deepfake detection\AI_VOICE_DEEPFAKE_DETECTION\data\processed\features\hg_0004_part_003.npy,"[128, 126, 1]",float32
hg_0005_part_002,FAKE,test,C:\Users\Harish\Downloads\AI deepfake detection\AI_VOICE_DEEPFAKE_DETECTION\data\processed\features\hg_0005_part_002.npy,"[128, 126, 1]",float32
hg_0005_part_005,FAKE,test,C:\Users\Harish\Downloads\AI deepfake detection\AI_VOICE_DEEPFAKE_DETECTION\data\processed\features\hg_0005_part_005.npy,"[128, 126, 1]",float32
hg_0006_c_part_006,FAKE,test,C:\Users\Harish\Downloads\AI deepfake detection\AI_VOICE_DEEPFAKE_DETECTION\data\processed\features\hg_0006_c_part_006.npy,"[128, 126, 1]",float32
hg_0009_part_003,FAKE,test,C:\Users\Harish\Downloads\AI deepfake detection\AI_VOICE_DEEPFAKE_DETECTION\data\processed\features\hg_0009_part_003.npy,"[128, 126, 1]",float32
hg_0011_part_003,FAKE,test,C:\Users\Harish\Downloads\AI deepfake detection\AI_VOICE_DEEPFAKE_DETECTION\data\processed\features\hg_0011_part_003.npy,"[128, 126, 1]",float32
hg_0012_c_part_006,FAKE,test,C:\Users\Harish\Downloads\AI deepfake detection\AI_VOICE_DEEPFAKE_DETECTION\data\processed\features\hg_0012_c_part_006.npy,"[128, 126, 1]",float32
hu_0002_part_004,FAKE,test,C:\Users\Harish\Downloads\AI deepfake detection\AI_VOICE_DEEPFAKE_DETECTION\data\processed\features\hu_0002_part_004.npy,"[128, 126, 1]",float32
hu_0002_part_010,FAKE,test,C:\Users\Harish\Downloads\AI deepfake detection\AI_VOICE_DEEPFAKE_DETECTION\data\processed\features\hu_0002_part_010.npy,"[128, 126, 1]",float32
hu_0003_c_part_006,FAKE,test,C:\Users\Harish\Downloads\AI deepfake detection\AI_VOICE_DEEPFAKE_DETECTION\data\processed\features\hu_0003_c_part_006.npy,"[128, 126, 1]",float32
hu_0003_part_002,FAKE,test,C:\Users\Harish\Downloads\AI deepfake detection\AI_VOICE_DEEPFAKE_DETECTION\data\processed\features\hu_0003_part_002.npy,"[128, 126, 1]",float32
hu_0004_c_part_014,FAKE,test,C:\Users\Harish\Downloads\AI deepfake detection\AI_VOICE_DEEPFAKE_DETECTION\data\processed\features\hu_0004_c_part_014.npy,"[128, 126, 1]",float32
hu_0004_part_001,FAKE,test,C:\Users\Harish\Downloads\AI deepfake detection\AI_VOICE_DEEPFAKE_DETECTION\data\processed\features\hu_0004_part_001.npy,"[128, 126, 1]",float32
hu_0004_part_002,FAKE,test,C:\Users\Harish\Downloads\AI deepfake detection\AI_VOICE_DEEPFAKE_DETECTION\data\processed\features\hu_0004_part_002.npy,"[128, 126, 1]",float32
hu_0004_part_004,FAKE,test,C:\Users\Harish\Downloads\AI deepfake detection\AI_VOICE_DEEPFAKE_DETECTION\data\processed\features\hu_0004_part_004.npy,"[128, 126, 1]",float32
hu_0004_part_007,FAKE,test,C:\Users\Harish\Downloads\AI deepfake detection\AI_VOICE_DEEPFAKE_DETECTION\data\processed\features\hu_0004_part_007.npy,"[128, 126, 1]",float32
hu_0006_part_001,FAKE,test,C:\Users\Harish\Downloads\AI deepfake detection\AI_VOICE_DEEPFAKE_DETECTION\data\processed\features\hu_0006_part_001.npy,"[128, 126, 1]",float32
hu_0007_part_001,FAKE,test,C:\Users\Harish\Downloads\AI deepfake detection\AI_VOICE_DEEPFAKE_DETECTION\data\processed\features\hu_0007_part_001.npy,"[128, 126, 1]",float32
hu_0008_c_part_004,FAKE,test,C:\Users\Harish\Downloads\AI deepfake detection\AI_VOICE_DEEPFAKE_DETECTION\data\processed\features\hu_0008_c_part_004.npy,"[128, 126, 1]",float32
hu_0008_c_part_007,FAKE,test,C:\Users\Harish\Downloads\AI deepfake detection\AI_VOICE_DEEPFAKE_DETECTION\data\processed\features\hu_0008_c_part_007.npy,"[128, 126, 1]",float32
hu_0008_c_part_009,FAKE,test,C:\Users\Harish\Downloads\AI deepfake detection\AI_VOICE_DEEPFAKE_DETECTION\data\processed\features\hu_0008_c_part_009.npy,"[128, 126, 1]",float32
hu_0008_c_part_011,FAKE,test,C:\Users\Harish\Downloads\AI deepfake detection\AI_VOICE_DEEPFAKE_DETECTION\data\processed\features\hu_0008_c_part_011.npy,"[128, 126, 1]",float32
hu_0008_c_part_017,FAKE,test,C:\Users\Harish\Downloads\AI deepfake detection\AI_VOICE_DEEPFAKE_DETECTION\data\processed\features\hu_0008_c_part_017.npy,"[128, 126, 1]",float32
hu_0009_part_003,FAKE,test,C:\Users\Harish\Downloads\AI deepfake detection\AI_VOICE_DEEPFAKE_DETECTION\data\processed\features\hu_0009_part_003.npy,"[128, 126, 1]",float32
hu_0009_part_005,FAKE,test,C:\Users\Harish\Downloads\AI deepfake detection\AI_VOICE_DEEPFAKE_DETECTION\data\processed\features\hu_0009_part_005.npy,"[128, 126, 1]",float32
lv_0001_c_part_018,FAKE,test,C:\Users\Harish\Downloads\AI deepfake detection\AI_VOICE_DEEPFAKE_DETECTION\data\processed\features\lv_0001_c_part_018.npy,"[128, 126, 1]",float32
lv_0001_c_part_019,FAKE,test,C:\Users\Harish\Downloads\AI deepfake detection\AI_VOICE_DEEPFAKE_DETECTION\data\processed\features\lv_0001_c_part_019.npy,"[128, 126, 1]",float32
lv_0001_part_001,FAKE,test,C:\Users\Harish\Downloads\AI deepfake detection\AI_VOICE_DEEPFAKE_DETECTION\data\processed\features\lv_0001_part_001.npy,"[128, 126, 1]",float32
lv_0001_part_005,FAKE,test,C:\Users\Harish\Downloads\AI deepfake detection\AI_VOICE_DEEPFAKE_DETECTION\data\processed\features\lv_0001_part_005.npy,"[128, 126, 1]",float32
lv_0001_part_006,FAKE,test,C:\Users\Harish\Downloads\AI deepfake detection\AI_VOICE_DEEPFAKE_DETECTION\data\processed\features\lv_0001_part_006.npy,"[128, 126, 1]",float32
lv_0001_part_014,FAKE,test,C:\Users\Harish\Downloads\AI deepfake detection\AI_VOICE_DEEPFAKE_DETECTION\data\processed\features\lv_0001_part_014.npy,"[128, 126, 1]",float32
lv_0001_part_016,FAKE,test,C:\Users\Harish\Downloads\AI deepfake detection\AI_VOICE_DEEPFAKE_DETECTION\data\processed\features\lv_0001_part_016.npy,"[128, 126, 1]",float32
lv_0002_c_part_011,FAKE,test,C:\Users\Harish\Downloads\AI deepfake detection\AI_VOICE_DEEPFAKE_DETECTION\data\processed\features\lv_0002_c_part_011.npy,"[128, 126, 1]",float32
lv_0002_c_part_020,FAKE,test,C:\Users\Harish\Downloads\AI deepfake detection\AI_VOICE_DEEPFAKE_DETECTION\data\processed\features\lv_0002_c_part_020.npy,"[128, 126, 1]",float32
lv_0002_part_001,FAKE,test,C:\Users\Harish\Downloads\AI deepfake detection\AI_VOICE_DEEPFAKE_DETECTION\data\processed\features\lv_0002_part_001.npy,"[128, 126, 1]",float32
lv_0003_c_part_015,FAKE,test,C:\Users\Harish\Downloads\AI deepfake detection\AI_VOICE_DEEPFAKE_DETECTION\data\processed\features\lv_0003_c_part_015.npy,"[128, 126, 1]",float32
lv_0003_part_001,FAKE,test,C:\Users\Harish\Downloads\AI deepfake detection\AI_VOICE_DEEPFAKE_DETECTION\data\processed\features\lv_0003_part_001.npy,"[128, 126, 1]",float32
lv_0003_part_004,FAKE,test,C:\Users\Harish\Downloads\AI deepfake detection\AI_VOICE_DEEPFAKE_DETECTION\data\processed\features\lv_0003_part_004.npy,"[128, 126, 1]",float32
lv_0004_c_part_023,FAKE,test,C:\Users\Harish\Downloads\AI deepfake detection\AI_VOICE_DEEPFAKE_DETECTION\data\processed\features\lv_0004_c_part_023.npy,"[128, 126, 1]",float32
lv_0004_c_part_024,FAKE,test,C:\Users\Harish\Downloads\AI deepfake detection\AI_VOICE_DEEPFAKE_DETECTION\data\processed\features\lv_0004_c_part_024.npy,"[128, 126, 1]",float32
lv_0004_part_004,FAKE,test,C:\Users\Harish\Downloads\AI deepfake detection\AI_VOICE_DEEPFAKE_DETECTION\data\processed\features\lv_0004_part_004.npy,"[128, 126, 1]",float32
lv_0004_part_014,FAKE,test,C:\Users\Harish\Downloads\AI deepfake detection\AI_VOICE_DEEPFAKE_DETECTION\data\processed\features\lv_0004_part_014.npy,"[128, 126, 1]",float32
lv_0004_part_018,FAKE,test,C:\Users\Harish\Downloads\AI deepfake detection\AI_VOICE_DEEPFAKE_DETECTION\data\processed\features\lv_0004_part_018.npy,"[128, 126, 1]",float32
lv_0004_part_019,FAKE,test,C:\Users\Harish\Downloads\AI deepfake detection\AI_VOICE_DEEPFAKE_DETECTION\data\processed\features\lv_0004_part_019.npy,"[128, 126, 1]",float32
lv_0005_c_part_016,FAKE,test,C:\Users\Harish\Downloads\AI deepfake detection\AI_VOICE_DEEPFAKE_DETECTION\data\processed\features\lv_0005_c_part_016.npy,"[128, 126, 1]",float32
lv_0005_c_part_019,FAKE,test,C:\Users\Harish\Downloads\AI deepfake detection\AI_VOICE_DEEPFAKE_DETECTION\data\processed\features\lv_0005_c_part_019.npy,"[128, 126, 1]",float32
lv_0005_part_012,FAKE,test,C:\Users\Harish\Downloads\AI deepfake detection\AI_VOICE_DEEPFAKE_DETECTION\data\processed\features\lv_0005_part_012.npy,"[128, 126, 1]",float32
lv_0005_part_013,FAKE,test,C:\Users\Harish\Downloads\AI deepfake detection\AI_VOICE_DEEPFAKE_DETECTION\data\processed\features\lv_0005_part_013.npy,"[128, 126, 1]",float32
lv_0006_c_part_023,FAKE,test,C:\Users\Harish\Downloads\AI deepfake detection\AI_VOICE_DEEPFAKE_DETECTION\data\processed\features\lv_0006_c_part_023.npy,"[128, 126, 1]",float32
po_0001_part_005,FAKE,test,C:\Users\Harish\Downloads\AI deepfake detection\AI_VOICE_DEEPFAKE_DETECTION\data\processed\features\po_0001_part_005.npy,"[128, 126, 1]",float32
po_0002_c_part_008,FAKE,test,C:\Users\Harish\Downloads\AI deepfake detection\AI_VOICE_DEEPFAKE_DETECTION\data\processed\features\po_0002_c_part_008.npy,"[128, 126, 1]",float32
po_0003_part_003,FAKE,test,C:\Users\Harish\Downloads\AI deepfake detection\AI_VOICE_DEEPFAKE_DETECTION\data\processed\features\po_0003_part_003.npy,"[128, 126, 1]",float32
po_0004_part_002,FAKE,test,C:\Users\Harish\Downloads\AI deepfake detection\AI_VOICE_DEEPFAKE_DETECTION\data\processed\features\po_0004_part_002.npy,"[128, 126, 1]",float32
po_0005_c_part_008,FAKE,test,C:\Users\Harish\Downloads\AI deepfake detection\AI_VOICE_DEEPFAKE_DETECTION\data\processed\features\po_0005_c_part_008.npy,"[128, 126, 1]",float32
po_0005_part_002,FAKE,test,C:\Users\Harish\Downloads\AI deepfake detection\AI_VOICE_DEEPFAKE_DETECTION\data\processed\features\po_0005_part_002.npy,"[128, 126, 1]",float32
po_0007_part_001,FAKE,test,C:\Users\Harish\Downloads\AI deepfake detection\AI_VOICE_DEEPFAKE_DETECTION\data\processed\features\po_0007_part_001.npy,"[128, 126, 1]",float32
po_0007_part_003,FAKE,test,C:\Users\Harish\Downloads\AI deepfake detection\AI_VOICE_DEEPFAKE_DETECTION\data\processed\features\po_0007_part_003.npy,"[128, 126, 1]",float32
po_0008_c_part_009,FAKE,test,C:\Users\Harish\Downloads\AI deepfake detection\AI_VOICE_DEEPFAKE_DETECTION\data\processed\features\po_0008_c_part_009.npy,"[128, 126, 1]",float32
po_0008_c_part_012,FAKE,test,C:\Users\Harish\Downloads\AI deepfake detection\AI_VOICE_DEEPFAKE_DETECTION\data\processed\features\po_0008_c_part_012.npy,"[128, 126, 1]",float32
po_0008_part_006,FAKE,test,C:\Users\Harish\Downloads\AI deepfake detection\AI_VOICE_DEEPFAKE_DETECTION\data\processed\features\po_0008_part_006.npy,"[128, 126, 1]",float32
po_0009_part_001,FAKE,test,C:\Users\Harish\Downloads\AI deepfake detection\AI_VOICE_DEEPFAKE_DETECTION\data\processed\features\po_0009_part_001.npy,"[128, 126, 1]",float32
po_0010_c_part_005,FAKE,test,C:\Users\Harish\Downloads\AI deepfake detection\AI_VOICE_DEEPFAKE_DETECTION\data\processed\features\po_0010_c_part_005.npy,"[128, 126, 1]",float32
po_0010_part_001,FAKE,test,C:\Users\Harish\Downloads\AI deepfake detection\AI_VOICE_DEEPFAKE_DETECTION\data\processed\features\po_0010_part_001.npy,"[128, 126, 1]",float32
po_0010_part_002,FAKE,test,C:\Users\Harish\Downloads\AI deepfake detection\AI_VOICE_DEEPFAKE_DETECTION\data\processed\features\po_0010_part_002.npy,"[128, 126, 1]",float32
po_0016_part_001,FAKE,test,C:\Users\Harish\Downloads\AI deepfake detection\AI_VOICE_DEEPFAKE_DETECTION\data\processed\features\po_0016_part_001.npy,"[128, 126, 1]",float32
po_0017_part_001,FAKE,test,C:\Users\Harish\Downloads\AI deepfake detection\AI_VOICE_DEEPFAKE_DETECTION\data\processed\features\po_0017_part_001.npy,"[128, 126, 1]",float32
po_0020_part_002,FAKE,test,C:\Users\Harish\Downloads\AI deepfake detection\AI_VOICE_DEEPFAKE_DETECTION\data\processed\features\po_0020_part_002.npy,"[128, 126, 1]",float32
po_0021_part_001,FAKE,test,C:\Users\Harish\Downloads\AI deepfake detection\AI_VOICE_DEEPFAKE_DETECTION\data\processed\features\po_0021_part_001.npy,"[128, 126, 1]",float32
po_0027_c_part_007,FAKE,test,C:\Users\Harish\Downloads\AI deepfake detection\AI_VOICE_DEEPFAKE_DETECTION\data\processed\features\po_0027_c_part_007.npy,"[128, 126, 1]",float32
po_0027_c_part_008,FAKE,test,C:\Users\Harish\Downloads\AI deepfake detection\AI_VOICE_DEEPFAKE_DETECTION\data\processed\features\po_0027_c_part_008.npy,"[128, 126, 1]",float32
po_0029_part_003,FAKE,test,C:\Users\Harish\Downloads\AI deepfake detection\AI_VOICE_DEEPFAKE_DETECTION\data\processed\features\po_0029_part_003.npy,"[128, 126, 1]",float32
po_0029_part_006,FAKE,test,C:\Users\Harish\Downloads\AI deepfake detection\AI_VOICE_DEEPFAKE_DETECTION\data\processed\features\po_0029_part_006.npy,"[128, 126, 1]",float32
po_0030_part_001,FAKE,test,C:\Users\Harish\Downloads\AI deepfake detection\AI_VOICE_DEEPFAKE_DETECTION\data\processed\features\po_0030_part_001.npy,"[128, 126, 1]",float32
po_0031_part_002,FAKE,test,C:\Users\Harish\Downloads\AI deepfake detection\AI_VOICE_DEEPFAKE_DETECTION\data\processed\features\po_0031_part_002.npy,"[128, 126, 1]",float32
po_0032_part_006,FAKE,test,C:\Users\Harish\Downloads\AI deepfake detection\AI_VOICE_DEEPFAKE_DETECTION\data\processed\features\po_0032_part_006.npy,"[128, 126, 1]",float32
po_0033_part_004,FAKE,test,C:\Users\Harish\Downloads\AI deepfake detection\AI_VOICE_DEEPFAKE_DETECTION\data\processed\features\po_0033_part_004.npy,"[128, 126, 1]",float32
po_0034_part_001,FAKE,test,C:\Users\Harish\Downloads\AI deepfake detection\AI_VOICE_DEEPFAKE_DETECTION\data\processed\features\po_0034_part_001.npy,"[128, 126, 1]",float32
po_0034_part_005,FAKE,test,C:\Users\Harish\Downloads\AI deepfake detection\AI_VOICE_DEEPFAKE_DETECTION\data\processed\features\po_0034_part_005.npy,"[128, 126, 1]",float32
po_0034_part_007,FAKE,test,C:\Users\Harish\Downloads\AI deepfake detection\AI_VOICE_DEEPFAKE_DETECTION\data\processed\features\po_0034_part_007.npy,"[128, 126, 1]",float32
po_0034_part_008,FAKE,test,C:\Users\Harish\Downloads\AI deepfake detection\AI_VOICE_DEEPFAKE_DETECTION\data\processed\features\po_0034_part_008.npy,"[128, 126, 1]",float32
sp_0001_c_part_018,FAKE,test,C:\Users\Harish\Downloads\AI deepfake detection\AI_VOICE_DEEPFAKE_DETECTION\data\processed\features\sp_0001_c_part_018.npy,"[128, 126, 1]",float32
sp_0001_c_part_019,FAKE,test,C:\Users\Harish\Downloads\AI deepfake detection\AI_VOICE_DEEPFAKE_DETECTION\data\processed\features\sp_0001_c_part_019.npy,"[128, 126, 1]",float32
sp_0001_part_005,FAKE,test,C:\Users\Harish\Downloads\AI deepfake detection\AI_VOICE_DEEPFAKE_DETECTION\data\processed\features\sp_0001_part_005.npy,"[128, 126, 1]",float32
sp_0001_part_006,FAKE,test,C:\Users\Harish\Downloads\AI deepfake detection\AI_VOICE_DEEPFAKE_DETECTION\data\processed\features\sp_0001_part_006.npy,"[128, 126, 1]",float32
sp_0001_part_014,FAKE,test,C:\Users\Harish\Downloads\AI deepfake detection\AI_VOICE_DEEPFAKE_DETECTION\data\processed\features\sp_0001_part_014.npy,"[128, 126, 1]",float32
sp_0001_part_016,FAKE,test,C:\Users\Harish\Downloads\AI deepfake detection\AI_VOICE_DEEPFAKE_DETECTION\data\processed\features\sp_0001_part_016.npy,"[128, 126, 1]",float32
sp_0002_c_part_008,FAKE,test,C:\Users\Harish\Downloads\AI deepfake detection\AI_VOICE_DEEPFAKE_DETECTION\data\processed\features\sp_0002_c_part_008.npy,"[128, 126, 1]",float32
sp_0002_c_part_011,FAKE,test,C:\Users\Harish\Downloads\AI deepfake detection\AI_VOICE_DEEPFAKE_DETECTION\data\processed\features\sp_0002_c_part_011.npy,"[128, 126, 1]",float32
sp_0002_c_part_020,FAKE,test,C:\Users\Harish\Downloads\AI deepfake detection\AI_VOICE_DEEPFAKE_DETECTION\data\processed\features\sp_0002_c_part_020.npy,"[128, 126, 1]",float32
sp_0003_c_part_015,FAKE,test,C:\Users\Harish\Downloads\AI deepfake detection\AI_VOICE_DEEPFAKE_DETECTION\data\processed\features\sp_0003_c_part_015.npy,"[128, 126, 1]",float32
sp_0003_part_003,FAKE,test,C:\Users\Harish\Downloads\AI deepfake detection\AI_VOICE_DEEPFAKE_DETECTION\data\processed\features\sp_0003_part_003.npy,"[128, 126, 1]",float32
sp_0004_c_part_023,FAKE,test,C:\Users\Harish\Downloads\AI deepfake detection\AI_VOICE_DEEPFAKE_DETECTION\data\processed\features\sp_0004_c_part_023.npy,"[128, 126, 1]",float32
sp_0004_c_part_024,FAKE,test,C:\Users\Harish\Downloads\AI deepfake detection\AI_VOICE_DEEPFAKE_DETECTION\data\processed\features\sp_0004_c_part_024.npy,"[128, 126, 1]",float32
sp_0004_part_002,FAKE,test,C:\Users\Harish\Downloads\AI deepfake detection\AI_VOICE_DEEPFAKE_DETECTION\data\processed\features\sp_0004_part_002.npy,"[128, 126, 1]",float32
sp_0004_part_014,FAKE,test,C:\Users\Harish\Downloads\AI deepfake detection\AI_VOICE_DEEPFAKE_DETECTION\data\processed\features\sp_0004_part_014.npy,"[128, 126, 1]",float32
sp_0004_part_018,FAKE,test,C:\Users\Harish\Downloads\AI deepfake detection\AI_VOICE_DEEPFAKE_DETECTION\data\processed\features\sp_0004_part_018.npy,"[128, 126, 1]",float32
sp_0004_part_019,FAKE,test,C:\Users\Harish\Downloads\AI deepfake detection\AI_VOICE_DEEPFAKE_DETECTION\data\processed\features\sp_0004_part_019.npy,"[128, 126, 1]",float32
sp_0005_c_part_008,FAKE,test,C:\Users\Harish\Downloads\AI deepfake detection\AI_VOICE_DEEPFAKE_DETECTION\data\processed\features\sp_0005_c_part_008.npy,"[128, 126, 1]",float32
sp_0005_c_part_016,FAKE,test,C:\Users\Harish\Downloads\AI deepfake detection\AI_VOICE_DEEPFAKE_DETECTION\data\processed\features\sp_0005_c_part_016.npy,"[128, 126, 1]",float32
sp_0005_c_part_019,FAKE,test,C:\Users\Harish\Downloads\AI deepfake detection\AI_VOICE_DEEPFAKE_DETECTION\data\processed\features\sp_0005_c_part_019.npy,"[128, 126, 1]",float32
sp_0005_part_002,FAKE,test,C:\Users\Harish\Downloads\AI deepfake detection\AI_VOICE_DEEPFAKE_DETECTION\data\processed\features\sp_0005_part_002.npy,"[128, 126, 1]",float32
sp_0005_part_012,FAKE,test,C:\Users\Harish\Downloads\AI deepfake detection\AI_VOICE_DEEPFAKE_DETECTION\data\processed\features\sp_0005_part_012.npy,"[128, 126, 1]",float32
sp_0005_part_013,FAKE,test,C:\Users\Harish\Downloads\AI deepfake detection\AI_VOICE_DEEPFAKE_DETECTION\data\processed\features\sp_0005_part_013.npy,"[128, 126, 1]",float32
sp_0006_c_part_023,FAKE,test,C:\Users\Harish\Downloads\AI deepfake detection\AI_VOICE_DEEPFAKE_DETECTION\data\processed\features\sp_0006_c_part_023.npy,"[128, 126, 1]",float32
sp_0007_part_001,FAKE,test,C:\Users\Harish\Downloads\AI deepfake detection\AI_VOICE_DEEPFAKE_DETECTION\data\processed\features\sp_0007_part_001.npy,"[128, 126, 1]",float32
sp_0007_part_003,FAKE,test,C:\Users\Harish\Downloads\AI deepfake detection\AI_VOICE_DEEPFAKE_DETECTION\data\processed\features\sp_0007_part_003.npy,"[128, 126, 1]",float32
sp_0008_c_part_009,FAKE,test,C:\Users\Harish\Downloads\AI deepfake detection\AI_VOICE_DEEPFAKE_DETECTION\data\processed\features\sp_0008_c_part_009.npy,"[128, 126, 1]",float32
sp_0008_c_part_012,FAKE,test,C:\Users\Harish\Downloads\AI deepfake detection\AI_VOICE_DEEPFAKE_DETECTION\data\processed\features\sp_0008_c_part_012.npy,"[128, 126, 1]",float32
sp_0008_part_006,FAKE,test,C:\Users\Harish\Downloads\AI deepfake detection\AI_VOICE_DEEPFAKE_DETECTION\data\processed\features\sp_0008_part_006.npy,"[128, 126, 1]",float32
sp_0009_part_001,FAKE,test,C:\Users\Harish\Downloads\AI deepfake detection\AI_VOICE_DEEPFAKE_DETECTION\data\processed\features\sp_0009_part_001.npy,"[128, 126, 1]",float32
sp_0010_c_part_005,FAKE,test,C:\Users\Harish\Downloads\AI deepfake detection\AI_VOICE_DEEPFAKE_DETECTION\data\processed\features\sp_0010_c_part_005.npy,"[128, 126, 1]",float32
sp_0010_part_001,FAKE,test,C:\Users\Harish\Downloads\AI deepfake detection\AI_VOICE_DEEPFAKE_DETECTION\data\processed\features\sp_0010_part_001.npy,"[128, 126, 1]",float32
sp_0010_part_002,FAKE,test,C:\Users\Harish\Downloads\AI deepfake detection\AI_VOICE_DEEPFAKE_DETECTION\data\processed\features\sp_0010_part_002.npy,"[128, 126, 1]",float32
