sample_id,label,processed_path,original_duration,processed_duration,original_sample_rate,processed_sample_rate,sha256,split
yt_0000_p2_part_167,REAL,C:\Users\Harish\Downloads\AI deepfake detection\AI_VOICE_DEEPFAKE_DETECTION\data\processed\audio\yt_0000_p2_part_167.npy,5.237,4.0,44100,16000,62438ab9da792d02e73dd3994ad0f1dd730472919fe10e1b15eebc306b448a17,train
yt_0000_part_001,REAL,C:\Users\Harish\Downloads\AI deepfake detection\AI_VOICE_DEEPFAKE_DETECTION\data\processed\audio\yt_0000_part_001.npy,4.642,4.0,44100,16000,a986e4cc4a3689533608307f477cdb43979784c58e1711b3db6620b96aa115e5,train
yt_0000_part_002,REAL,C:\Users\Harish\Downloads\AI deepfake detection\AI_VOICE_DEEPFAKE_DETECTION\data\processed\audio\yt_0000_part_002.npy,5.79,4.0,44100,16000,8505b1e3aae1e7b3ade5a2684ec35495b4cc72691b1473280fbe438d9763b0b4,train
yt_0000_part_005,REAL,C:\Users\Harish\Downloads\AI deepfake detection\AI_VOICE_DEEPFAKE_DETECTION\data\processed\audio\yt_0000_part_005.npy,9.443,4.0,44100,16000,411491becb7807e87a71da1755d2aca38630d3e3205b69f366e97667543394ab,train
yt_0000_part_008,REAL,C:\Users\Harish\Downloads\AI deepfake detection\AI_VOICE_DEEPFAKE_DETECTION\data\processed\audio\yt_0000_part_008.npy,6.533,4.0,44100,16000,b490593e5acab51da94750f9e09459a894e0db2f8c8a78b509c3eb2865ab3970,train
yt_0000_part_010,REAL,C:\Users\Harish\Downloads\AI deepfake detection\AI_VOICE_DEEPFAKE_DETECTION\data\processed\audio\yt_0000_part_010.npy,2.806,4.0,44100,16000,73cbf84948fc4a835b2543b6b47faf5d4e84b436e8bc4feb39ffb9ee579e9477,train
yt_0000_part_011,REAL,C:\Users\Harish\Downloads\AI deepfake detection\AI_VOICE_DEEPFAKE_DETECTION\data\processed\audio\yt_0000_part_011.npy,3.33,4.0,44100,16000,f97398577956cf7207d39b5225c1233be0688cffd1104a1febae63725e51acd8,train
yt_0000_part_013,REAL,C:\Users\Harish\Downloads\AI deepfake detection\AI_VOICE_DEEPFAKE_DETECTION\data\processed\audio\yt_0000_part_013.npy,4.093,4.0,44100,16000,e0af6276eb173b254f5a7130854f51d9434cef7e335ea4cbfa40b86c29d73f56,train
yt_0000_part_015,REAL,C:\Users\Harish\Downloads\AI deepfake detection\AI_VOICE_DEEPFAKE_DETECTION\data\processed\audio\yt_0000_part_015.npy,2.805,4.0,44100,16000,8466c65a81d6cbef4cd16aa180f16cfb206a14f19f1724410e68b97bb4a14f9d,train
yt_0000_part_017,REAL,C:\Users\Harish\Downloads\AI deepfake detection\AI_VOICE_DEEPFAKE_DETECTION\data\processed\audio\yt_0000_part_017.npy,3.74,4.0,44100,16000,8ecded060531d000adef3c9c30a8e820e1dcae9bb6e12139acc3d3ff8ce8bfe9,train
yt_0000_part_019,REAL,C:\Users\Harish\Downloads\AI deepfake detection\AI_VOICE_DEEPFAKE_DETECTION\data\processed\audio\yt_0000_part_019.npy,2.806,4.0,44100,16000,522fcced271707697bea4f03fab46dc81d07bba5f8b0f89cb1e0bd6e1aca6d63,train
yt_0000_part_020,REAL,C:\Users\Harish\Downloads\AI deepfake detection\AI_VOICE_DEEPFAKE_DETECTION\data\processed\audio\yt_0000_part_020.npy,4.981,4.0,44100,16000,cc8a4098d82193b15b3bb4dbb4d06f78f2bb9dc67934e9e0da832e933e0de01b,train
yt_0000_part_022,REAL,C:\Users\Harish\Downloads\AI deepfake detection\AI_VOICE_DEEPFAKE_DETECTION\data\processed\audio\yt_0000_part_022.npy,5.609,4.0,44100,16000,2064bfca06df098b2cebb6701569ed219fdb2f90403d99971ef8641bcee924e6,train
yt_0000_part_024,REAL,C:\Users\Harish\Downloads\AI deepfake detection\AI_VOICE_DEEPFAKE_DETECTION\data\processed\audio\yt_0000_part_024.npy,3.925,4.0,44100,16000,4e1336714619629ae5f1ee2e72e9ca45f671391e2cba8798d7adcab7ab85f299,train
yt_0000_part_025,REAL,C:\Users\Harish\Downloads\AI deepfake detection\AI_VOICE_DEEPFAKE_DETECTION\data\processed\audio\yt_0000_part_025.npy,3.949,4.0,44100,16000,16babc6c29f86c0d19b353b71bb6b20877a21c73db84deaeeb19d787aaba6e49,train
yt_0000_part_028,REAL,C:\Users\Harish\Downloads\AI deepfake detection\AI_VOICE_DEEPFAKE_DETECTION\data\processed\audio\yt_0000_part_028.npy,7.291,4.0,44100,16000,67707f9cc2dbde38b32df6e5345e9b0a58f72c21c0e3766db81bc2bd84b9d98d,train
yt_0000_part_029,REAL,C:\Users\Harish\Downloads\AI deepfake detection\AI_VOICE_DEEPFAKE_DETECTION\data\processed\audio\yt_0000_part_029.npy,5.745,4.0,44100,16000,426b88037fe5618af72c8cb06ea2743252e31da6f0342a54fae2cd14232e1937,train
yt_0000_part_030,REAL,C:\Users\Harish\Downloads\AI deepfake detection\AI_VOICE_DEEPFAKE_DETECTION\data\processed\audio\yt_0000_part_030.npy,9.411,4.0,44100,16000,ba74fae18a5ce0e251e38abafdcc132b0acf48ea5985b29a8a1c5ca836e5a730,train
yt_0000_part_031,REAL,C:\Users\Harish\Downloads\AI deepfake detection\AI_VOICE_DEEPFAKE_DETECTION\data\processed\audio\yt_0000_part_031.npy,6.755,4.0,44100,16000,39a9436c4a655c9e6bf638d62122d749ea49bf90d5bdd8404be2f8e0f4792dde,train
yt_0000_part_033,REAL,C:\Users\Harish\Downloads\AI deepfake detection\AI_VOICE_DEEPFAKE_DETECTION\data\processed\audio\yt_0000_part_033.npy,3.044,4.0,44100,16000,4f8f4281f33d35c306ed579a6c4bfd15ee98c90bb2c3a0390f3ab61be32efb11,train
yt_0000_part_035,REAL,C:\Users\Harish\Downloads\AI deepfake detection\AI_VOICE_DEEPFAKE_DETECTION\data\processed\audio\yt_0000_part_035.npy,3.282,4.0,44100,16000,f2e3c9c36452141108da8503e308684a04be1fa7a54d0fe18c205106aeddb1f9,train
yt_0000_part_037,REAL,C:\Users\Harish\Downloads\AI deepfake detection\AI_VOICE_DEEPFAKE_DETECTION\data\processed\audio\yt_0000_part_037.npy,3.527,4.0,44100,16000,29704bb0ba3337833eaee43e760312008ddf5a4e26abe63e29ba6de8b8eccec6,train
yt_0000_part_038,REAL,C:\Users\Harish\Downloads\AI deepfake detection\AI_VOICE_DEEPFAKE_DETECTION\data\processed\audio\yt_0000_part_038.npy,2.856,4.0,44100,16000,e813072cac739927db7b32c45a43211aa0bc90fa190bcb342f97af5b5fa064dc,train
yt_0000_part_039,REAL,C:\Users\Harish\Downloads\AI deepfake detection\AI_VOICE_DEEPFAKE_DETECTION\data\processed\audio\yt_0000_part_039.npy,2.907,4.0,44100,16000,b9cc2bd296a30fc05a652df4793e7504b96d7a843b3cefc1f95fcfeff2a1e2c4,train
yt_0000_part_042,REAL,C:\Users\Harish\Downloads\AI deepfake detection\AI_VOICE_DEEPFAKE_DETECTION\data\processed\audio\yt_0000_part_042.npy,5.952,4.0,44100,16000,53c7e4649aedc3c4ceb15ebf3085ef605c1b67f21e29027a08b97e4caf593528,train
yt_0000_part_045,REAL,C:\Users\Harish\Downloads\AI deepfake detection\AI_VOICE_DEEPFAKE_DETECTION\data\processed\audio\yt_0000_part_045.npy,3.454,4.0,44100,16000,141eda34fc48df56d6c6cd960f25279b177dafc81efc395b2c5f80b752edf340,train
yt_0000_part_046,REAL,C:\Users\Harish\Downloads\AI deepfake detection\AI_VOICE_DEEPFAKE_DETECTION\data\processed\audio\yt_0000_part_046.npy,4.383,4.0,44100,16000,d700f542d73950030c7a6c9b4123020470713bbddfb69265e6bb73aad22d9479,train
yt_0000_part_050,REAL,C:\Users\Harish\Downloads\AI deepfake detection\AI_VOICE_DEEPFAKE_DETECTION\data\processed\audio\yt_0000_part_050.npy,4.891,4.0,44100,16000,60695062b18db08a46884a7469c056e51129e40dc1029534f25941fb108c3dfe,train
yt_0000_part_052,REAL,C:\Users\Harish\Downloads\AI deepfake detection\AI_VOICE_DEEPFAKE_DETECTION\data\processed\audio\yt_0000_part_052.npy,3.097,4.0,44100,16000,71be4d625311f14151181fd14960ee3e3ed60e9e2a166dd86b398fdeae86d123,train
yt_0000_part_055,REAL,C:\Users\Harish\Downloads\AI deepfake detection\AI_VOICE_DEEPFAKE_DETECTION\data\processed\audio\yt_0000_part_055.npy,3.087,4.0,44100,16000,1b27019f2dce4730aa2c435d36c9497612927d9d5704332082f007ddd7be795f,train
yt_0000_part_056,REAL,C:\Users\Harish\Downloads\AI deepfake detection\AI_VOICE_DEEPFAKE_DETECTION\data\processed\audio\yt_0000_part_056.npy,6.431,4.0,44100,16000,c27be62344901b29f403347a3ea3e0ddbdb5cac8ff58e23d517efeacf2985f22,train
yt_0000_part_059,REAL,C:\Users\Harish\Downloads\AI deepfake detection\AI_VOICE_DEEPFAKE_DETECTION\data\processed\audio\yt_0000_part_059.npy,5.052,4.0,44100,16000,a161ee00b38064cafbde8172ae96a5c7f63f778d5d15743ea91fd8d680c7075b,train
yt_0000_part_060,REAL,C:\Users\Harish\Downloads\AI deepfake detection\AI_VOICE_DEEPFAKE_DETECTION\data\processed\audio\yt_0000_part_060.npy,3.372,4.0,44100,16000,2ebbc2d4933fe35584695fe01ae5dae5faf505d2d7fc8ad7a7e8dc103e8ca249,train
yt_0000_part_061,REAL,C:\Users\Harish\Downloads\AI deepfake detection\AI_VOICE_DEEPFAKE_DETECTION\data\processed\audio\yt_0000_part_061.npy,6.433,4.0,44100,16000,5daafccb78df5148e9ac16906e3c4b41f2fa3ed1d2db36f9ab2ae56317231f40,train
yt_0000_part_062,REAL,C:\Users\Harish\Downloads\AI deepfake detection\AI_VOICE_DEEPFAKE_DETECTION\data\processed\audio\yt_0000_part_062.npy,3.157,4.0,44100,16000,87f395182ac06f538c3a725af84cc191c97d055828232b82e8f841b678605b21,train
yt_0000_part_063,REAL,C:\Users\Harish\Downloads\AI deepfake detection\AI_VOICE_DEEPFAKE_DETECTION\data\processed\audio\yt_0000_part_063.npy,4.743,4.0,44100,16000,4117a8c33068fa1483ec1405a1194888c8945d73298bf599dfcc0692afcd0249,train
yt_0000_part_064,REAL,C:\Users\Harish\Downloads\AI deepfake detection\AI_VOICE_DEEPFAKE_DETECTION\data\processed\audio\yt_0000_part_064.npy,4.222,4.0,44100,16000,da359a0340097e77c3f3b6f72c315e6ea356aa94b90960dea7f14d29e72b3a5c,train
yt_0000_part_065,REAL,C:\Users\Harish\Downloads\AI deepfake detection\AI_VOICE_DEEPFAKE_DETECTION\data\processed\audio\yt_0000_part_065.npy,4.148,4.0,44100,16000,d669740e3291709e99e2321b3ee7d98907f269f8a375a1b4d13c2ae74c299892,train
yt_0000_part_068,REAL,C:\Users\Harish\Downloads\AI deepfake detection\AI_VOICE_DEEPFAKE_DETECTION\data\processed\audio\yt_0000_part_068.npy,3.917,4.0,44100,16000,2c06a1fea35785842ecfa829827a3e4ee38343b75ff2e4edf14f49fe55edf0ca,train
yt_0000_part_069,REAL,C:\Users\Harish\Downloads\AI deepfake detection\AI_VOICE_DEEPFAKE_DETECTION\data\processed\audio\yt_0000_part_069.npy,4.34,4.0,44100,16000,7826f9e70646dedaebeba4aba00939530b6878a7e1c38e720b882e11d5eeab7f,train
yt_0000_part_075,REAL,C:\Users\Harish\Downloads\AI deepfake detection\AI_VOICE_DEEPFAKE_DETECTION\data\processed\audio\yt_0000_part_075.npy,3.557,4.0,44100,16000,fd767e752f050a88b66b6d213df8d009cc1b22c9bbd53b2da0bb689da472d335,train
yt_0000_part_076,REAL,C:\Users\Harish\Downloads\AI deepfake detection\AI_VOICE_DEEPFAKE_DETECTION\data\processed\audio\yt_0000_part_076.npy,2.982,4.0,44100,16000,c56e671e9c2bb976e09fa63539d8e4e0f9b14675c3af6527e3c12c3175613b38,train
yt_0000_part_077,REAL,C:\Users\Harish\Downloads\AI deepfake detection\AI_VOICE_DEEPFAKE_DETECTION\data\processed\audio\yt_0000_part_077.npy,3.692,4.0,44100,16000,23bc260f8dc4dd7bf6e5dc5e055e1ea4be55c9fd9c32a053eef65d78d754d79c,train
yt_0000_part_079,REAL,C:\Users\Harish\Downloads\AI deepfake detection\AI_VOICE_DEEPFAKE_DETECTION\data\processed\audio\yt_0000_part_079.npy,5.383,4.0,44100,16000,3b63bf3c4651f458089edfa65cd74787f8ae391134a6fe1d32ece55ad0c9b0c4,train
yt_0000_part_084,REAL,C:\Users\Harish\Downloads\AI deepfake detection\AI_VOICE_DEEPFAKE_DETECTION\data\processed\audio\yt_0000_part_084.npy,3.145,4.0,44100,16000,82dea4f22f80a99a914173f943eeb347cbe4b45eeb9df58b816ff4a079a35a0a,train
yt_0000_part_088,REAL,C:\Users\Harish\Downloads\AI deepfake detection\AI_VOICE_DEEPFAKE_DETECTION\data\processed\audio\yt_0000_part_088.npy,2.734,4.0,44100,16000,362d301ad8db1d4028eed4272e314de25d2c46605d137478ed6182e905a30228,train
yt_0000_part_090,REAL,C:\Users\Harish\Downloads\AI deepfake detection\AI_VOICE_DEEPFAKE_DETECTION\data\processed\audio\yt_0000_part_090.npy,3.978,4.0,44100,16000,b9a05daf72b2f40b80f69c7dbc5bea1c0065bd443c8f3632d09dd27f381972a3,train
yt_0000_part_092,REAL,C:\Users\Harish\Downloads\AI deepfake detection\AI_VOICE_DEEPFAKE_DETECTION\data\processed\audio\yt_0000_part_092.npy,2.774,4.0,44100,16000,0a415e945545cd23e3f023715178a8c121dc19c599a9bb982cc37c6702861c4d,train
yt_0000_part_094,REAL,C:\Users\Harish\Downloads\AI deepfake detection\AI_VOICE_DEEPFAKE_DETECTION\data\processed\audio\yt_0000_part_094.npy,2.744,4.0,44100,16000,b56c33cb9320f5227b5be29fb09dc55963b36a79726cd4fd095b2ab6e55be3a2,train
yt_0000_part_100,REAL,C:\Users\Harish\Downloads\AI deepfake detection\AI_VOICE_DEEPFAKE_DETECTION\data\processed\audio\yt_0000_part_100.npy,3.057,4.0,44100,16000,13aeb11dc3a3c5b6200294fa6950ebeab46750b1fb178e950c1fb7067c8196c2,train
yt_0000_part_101,REAL,C:\Users\Harish\Downloads\AI deepfake detection\AI_VOICE_DEEPFAKE_DETECTION\data\processed\audio\yt_0000_part_101.npy,2.547,4.0,44100,16000,aa2362adfa4d8c647472cf7c194d7c1956d4b275277ae76b8ce0f3425d6f55e1,train
yt_0000_part_105,REAL,C:\Users\Harish\Downloads\AI deepfake detection\AI_VOICE_DEEPFAKE_DETECTION\data\processed\audio\yt_0000_part_105.npy,4.95,4.0,44100,16000,f574c6c2623f8707e74d61a4f3e3a884b0a1ec2af153f82c92a2e7b88a3e7bd9,train
yt_0000_part_106,REAL,C:\Users\Harish\Downloads\AI deepfake detection\AI_VOICE_DEEPFAKE_DETECTION\data\processed\audio\yt_0000_part_106.npy,2.71,4.0,44100,16000,7d3115b695da0dd2c78bffd1801b1d3918b89b7679a425ca62b17427cb5983e4,train
yt_0000_part_114,REAL,C:\Users\Harish\Downloads\AI deepfake detection\AI_VOICE_DEEPFAKE_DETECTION\data\processed\audio\yt_0000_part_114.npy,5.465,4.0,44100,16000,666d5c4345fdd922209908ecf23a7de37fd0c00469f70732acc7f76b271e7595,train
yt_0000_part_115,REAL,C:\Users\Harish\Downloads\AI deepfake detection\AI_VOICE_DEEPFAKE_DETECTION\data\processed\audio\yt_0000_part_115.npy,2.797,4.0,44100,16000,94f27d3ae08bbf20550957ceea885527a3c7b9bd99d747182c47fe0a4d84a56f,train
yt_0000_part_119,REAL,C:\Users\Harish\Downloads\AI deepfake detection\AI_VOICE_DEEPFAKE_DETECTION\data\processed\audio\yt_0000_part_119.npy,5.008,4.0,44100,16000,3017dc7ce789278efe4903f86e2926b45b09b42036a495bc6d8b2b6ef04b48f9,train
yt_0000_part_120,REAL,C:\Users\Harish\Downloads\AI deepfake detection\AI_VOICE_DEEPFAKE_DETECTION\data\processed\audio\yt_0000_part_120.npy,4.455,4.0,44100,16000,baa5d3a956d292694cdb7c48ccdbb7ba294aa26f59ab3b3eeec6427035ae671b,train
yt_0000_part_121,REAL,C:\Users\Harish\Downloads\AI deepfake detection\AI_VOICE_DEEPFAKE_DETECTION\data\processed\audio\yt_0000_part_121.npy,3.372,4.0,44100,16000,0d52e3b22c66d19c72ef05ba23f6d93d9c5fd4cdd0ce54727e74f10f1f663812,train
yt_0000_part_125,REAL,C:\Users\Harish\Downloads\AI deepfake detection\AI_VOICE_DEEPFAKE_DETECTION\data\processed\audio\yt_0000_part_125.npy,6.459,4.0,44100,16000,b09f31de4fad6e9e45bb35270db5960e90276c765c16f0fab1f94ecb7606c47c,train
yt_0000_part_137,REAL,C:\Users\Harish\Downloads\AI deepfake detection\AI_VOICE_DEEPFAKE_DETECTION\data\processed\audio\yt_0000_part_137.npy,4.691,4.0,44100,16000,4451ad14af20dde91b725f4853ce6e9a8fe37c2655e0e992f56266971bd3c2d9,train
yt_0000_part_140,REAL,C:\Users\Harish\Downloads\AI deepfake detection\AI_VOICE_DEEPFAKE_DETECTION\data\processed\audio\yt_0000_part_140.npy,7.344,4.0,44100,16000,1ae93274a488bfa389e9a6d96b80d7df5825ef4239c02f62d06a5dfb2b12aeb5,train
yt_0000_part_142,REAL,C:\Users\Harish\Downloads\AI deepfake detection\AI_VOICE_DEEPFAKE_DETECTION\data\processed\audio\yt_0000_part_142.npy,3.931,4.0,44100,16000,5c6cbdf44448f3d0057a9989ca66435ffe3b1ebf5ac26848bf2c891fb0120451,train
yt_0000_part_145,REAL,C:\Users\Harish\Downloads\AI deepfake detection\AI_VOICE_DEEPFAKE_DETECTION\data\processed\audio\yt_0000_part_145.npy,2.667,4.0,44100,16000,27a0d319667e6b9157e0b8ccb2e6b82cfc0ce4c382cf3b5d25b51ba6d4fe1149,train
yt_0000_part_148,REAL,C:\Users\Harish\Downloads\AI deepfake detection\AI_VOICE_DEEPFAKE_DETECTION\data\processed\audio\yt_0000_part_148.npy,2.711,4.0,44100,16000,c9f68d54ad60b6f8f8efc122a5ff6c8992480f27d8e3d6abab11786912e59395,train
yt_0000_part_150,REAL,C:\Users\Harish\Downloads\AI deepfake detection\AI_VOICE_DEEPFAKE_DETECTION\data\processed\audio\yt_0000_part_150.npy,3.816,4.0,44100,16000,0c3740392c261a62dc1b4467b3f52d2a8e06a553fcea034f031afef0e780f4c4,train
yt_0000_part_151,REAL,C:\Users\Harish\Downloads\AI deepfake detection\AI_VOICE_DEEPFAKE_DETECTION\data\processed\audio\yt_0000_part_151.npy,6.95,4.0,44100,16000,a3516b16bce1274541f820d1198a8e9fd527da2e00e79c96dc8ac86a31d09164,train
yt_0000_part_152,REAL,C:\Users\Harish\Downloads\AI deepfake detection\AI_VOICE_DEEPFAKE_DETECTION\data\processed\audio\yt_0000_part_152.npy,5.312,4.0,44100,16000,7c8986642bb841a854b19fd4936f81fb12ed73e831a96c5de1f2381bda3f2652,train
yt_0000_part_158,REAL,C:\Users\Harish\Downloads\AI deepfake detection\AI_VOICE_DEEPFAKE_DETECTION\data\processed\audio\yt_0000_part_158.npy,3.852,4.0,44100,16000,01bb83b21f060fc9406998aa2be4b62075baa18b25af037fa1be82722f248428,train
yt_0000_part_159,REAL,C:\Users\Harish\Downloads\AI deepfake detection\AI_VOICE_DEEPFAKE_DETECTION\data\processed\audio\yt_0000_part_159.npy,3.688,4.0,44100,16000,6478d5855fd259059952a665dc35183ed674b165b0bef0e409e956dca10595bb,train
yt_0000_part_161,REAL,C:\Users\Harish\Downloads\AI deepfake detection\AI_VOICE_DEEPFAKE_DETECTION\data\processed\audio\yt_0000_part_161.npy,11.784,4.0,44100,16000,4fa082670d223f6028861884a7208d3c6db2540d742d35033eb7c8a09a30ab54,train
yt_0000_part_162,REAL,C:\Users\Harish\Downloads\AI deepfake detection\AI_VOICE_DEEPFAKE_DETECTION\data\processed\audio\yt_0000_part_162.npy,9.1,4.0,44100,16000,e6b2fc42a991e5b27e4f9fa533552f75ea178297f41e8ac15884986940d3144c,train
yt_0000_part_163,REAL,C:\Users\Harish\Downloads\AI deepfake detection\AI_VOICE_DEEPFAKE_DETECTION\data\processed\audio\yt_0000_part_163.npy,3.305,4.0,44100,16000,4dfdb49085435b5ab2160f2e0512955f285fde644cec40ece087886e86f1745a,train
yt_0000_part_164,REAL,C:\Users\Harish\Downloads\AI deepfake detection\AI_VOICE_DEEPFAKE_DETECTION\data\processed\audio\yt_0000_part_164.npy,4.379,4.0,44100,16000,92ce53cb3a478d66a493315c46c5c993ca042dbe85f78e091ecc8aaa034f3f2b,train
yt_0001_part_001,REAL,C:\Users\Harish\Downloads\AI deepfake detection\AI_VOICE_DEEPFAKE_DETECTION\data\processed\audio\yt_0001_part_001.npy,5.002,4.0,44100,16000,1afb08586779ac090607f82a2ab2d03cd27c7a0a7dce2cda5efb0c4b369930f3,train
yt_0001_part_003,REAL,C:\Users\Harish\Downloads\AI deepfake detection\AI_VOICE_DEEPFAKE_DETECTION\data\processed\audio\yt_0001_part_003.npy,5.969,4.0,44100,16000,7d24761d0468e4757db98d65954598fb31a1a96d065c8728a017506dec6dcddb,train
yt_0001_part_006,REAL,C:\Users\Harish\Downloads\AI deepfake detection\AI_VOICE_DEEPFAKE_DETECTION\data\processed\audio\yt_0001_part_006.npy,3.527,4.0,44100,16000,bf618b62154613b14106c6e78336bb6007c289a095917b2eb06192a1870242bf,train
yt_0001_part_008,REAL,C:\Users\Harish\Downloads\AI deepfake detection\AI_VOICE_DEEPFAKE_DETECTION\data\processed\audio\yt_0001_part_008.npy,2.841,4.0,44100,16000,ab5bd34289dff48e668cbdd63f3499f2618a0d07c98ef0bc8aa5238c6073046e,train
yt_0001_part_010,REAL,C:\Users\Harish\Downloads\AI deepfake detection\AI_VOICE_DEEPFAKE_DETECTION\data\processed\audio\yt_0001_part_010.npy,2.921,4.0,44100,16000,f06c9e12682c1bbda6a41215d1aced2043078d718765f6c3b1672b514daf924c,train
yt_0001_part_011,REAL,C:\Users\Harish\Downloads\AI deepfake detection\AI_VOICE_DEEPFAKE_DETECTION\data\processed\audio\yt_0001_part_011.npy,4.156,4.0,44100,16000,680fe64a68541c9b1608bbd9946766146dbd881d0cdb8d784e2f6a6aa0e8b651,train
yt_0001_part_012,REAL,C:\Users\Harish\Downloads\AI deepfake detection\AI_VOICE_DEEPFAKE_DETECTION\data\processed\audio\yt_0001_part_012.npy,7.567,4.0,44100,16000,187cfc84e2bb2f3252897139f43f3dbbd8dbc17456d9baf20d257e0692470ab1,train
yt_0001_part_014,REAL,C:\Users\Harish\Downloads\AI deepfake detection\AI_VOICE_DEEPFAKE_DETECTION\data\processed\audio\yt_0001_part_014.npy,3.122,4.0,44100,16000,ece4441a4bfa56cd9f629f96a1e1f1717c2715e1520fe74c793a1e9d01e44726,train
yt_0001_part_017,REAL,C:\Users\Harish\Downloads\AI deepfake detection\AI_VOICE_DEEPFAKE_DETECTION\data\processed\audio\yt_0001_part_017.npy,9.174,4.0,44100,16000,8e5067ae0aa50f8dd7624f16d153c04f05a4cad4f8e5ab4f9cf5e35584e956c9,train
yt_0001_part_023,REAL,C:\Users\Harish\Downloads\AI deepfake detection\AI_VOICE_DEEPFAKE_DETECTION\data\processed\audio\yt_0001_part_023.npy,2.753,4.0,44100,16000,3dfb194bb6299482953414524684fcb9d8345545825c5efbfd339285e3e9eecb,train
yt_0001_part_024,REAL,C:\Users\Harish\Downloads\AI deepfake detection\AI_VOICE_DEEPFAKE_DETECTION\data\processed\audio\yt_0001_part_024.npy,4.239,4.0,44100,16000,2300bef25e121deb29c3e2e21e96ac53c0397b06e940c716a32645c18435c403,train
yt_0001_part_025,REAL,C:\Users\Harish\Downloads\AI deepfake detection\AI_VOICE_DEEPFAKE_DETECTION\data\processed\audio\yt_0001_part_025.npy,6.222,4.0,44100,16000,4407ab7bd6e05de23eb6fe07a1e17c1818345624828245bbecaa67d779fe5fa0,train
yt_0001_part_026,REAL,C:\Users\Harish\Downloads\AI deepfake detection\AI_VOICE_DEEPFAKE_DETECTION\data\processed\audio\yt_0001_part_026.npy,4.732,4.0,44100,16000,9af00cb57a708677312b66e597ef138f77a393f7284146546334b52133a2c1fe,train
yt_0002_part_003,REAL,C:\Users\Harish\Downloads\AI deepfake detection\AI_VOICE_DEEPFAKE_DETECTION\data\processed\audio\yt_0002_part_003.npy,8.529,4.0,44100,16000,6fe9170a8779c1e3275881ededec09470abc7d155d5436bda46368019af69520,train
yt_0002_part_004,REAL,C:\Users\Harish\Downloads\AI deepfake detection\AI_VOICE_DEEPFAKE_DETECTION\data\processed\audio\yt_0002_part_004.npy,3.436,4.0,44100,16000,573cdffd78693942758a7c8c5603a5f11d79eef19e8e93834263c72f4b134300,train
yt_0002_part_008,REAL,C:\Users\Harish\Downloads\AI deepfake detection\AI_VOICE_DEEPFAKE_DETECTION\data\processed\audio\yt_0002_part_008.npy,2.563,4.0,44100,16000,7058ad92700e4af2c6d95e063d09a5be90be6cf9710a24d3a99ea6cc3a5e4589,train
yt_0002_part_009,REAL,C:\Users\Harish\Downloads\AI deepfake detection\AI_VOICE_DEEPFAKE_DETECTION\data\processed\audio\yt_0002_part_009.npy,3.546,4.0,44100,16000,2849f3eef5ab20acf4ab87d6f6917227891ead109590240341fbe81507cdc480,train
yt_0002_part_014,REAL,C:\Users\Harish\Downloads\AI deepfake detection\AI_VOICE_DEEPFAKE_DETECTION\data\processed\audio\yt_0002_part_014.npy,2.613,4.0,44100,16000,8fe5f487d8ecc47310d8500fa6478b5615f97cbb27aa7be4c7119c4edbb027a1,train
yt_0002_part_015,REAL,C:\Users\Harish\Downloads\AI deepfake detection\AI_VOICE_DEEPFAKE_DETECTION\data\processed\audio\yt_0002_part_015.npy,5.823,4.0,44100,16000,1a1d550d991065113bc61623d61537d9ea93d7bbeaae69839c09b070972b24f8,train
yt_0002_part_017,REAL,C:\Users\Harish\Downloads\AI deepfake detection\AI_VOICE_DEEPFAKE_DETECTION\data\processed\audio\yt_0002_part_017.npy,3.176,4.0,44100,16000,8ff908927c580a0724be7f4de2a156245970fa45851ff0ded8cd23954e392d18,train
yt_0002_part_019,REAL,C:\Users\Harish\Downloads\AI deepfake detection\AI_VOICE_DEEPFAKE_DETECTION\data\processed\audio\yt_0002_part_019.npy,3.758,4.0,44100,16000,2a383ee2b8434158de8260d22fd778ae8c6834ee2330f552d10a5d8c989738a8,train
yt_0002_part_021,REAL,C:\Users\Harish\Downloads\AI deepfake detection\AI_VOICE_DEEPFAKE_DETECTION\data\processed\audio\yt_0002_part_021.npy,3.813,4.0,44100,16000,d570b853ead6841c37862dbe122c4e350045a6fd5aa4782bef3003429d3b59b9,train
yt_0002_part_026,REAL,C:\Users\Harish\Downloads\AI deepfake detection\AI_VOICE_DEEPFAKE_DETECTION\data\processed\audio\yt_0002_part_026.npy,3.809,4.0,44100,16000,92d02faeed41744a3f241339d063e53c162730f05996d20a877ff469140a9a1a,train
yt_0003_part_001,REAL,C:\Users\Harish\Downloads\AI deepfake detection\AI_VOICE_DEEPFAKE_DETECTION\data\processed\audio\yt_0003_part_001.npy,4.93,4.0,44100,16000,b2687aa1d1e7bb7d392715d7288d42289787e11d5346cdcab6c7aa386b4cd917,train
yt_0003_part_003,REAL,C:\Users\Harish\Downloads\AI deepfake detection\AI_VOICE_DEEPFAKE_DETECTION\data\processed\audio\yt_0003_part_003.npy,2.749,4.0,44100,16000,ae3abe3aab6e24162c688c65a711cc705b18bf9c9fed47a6f1eef87893f0a825,train
yt_0003_part_004,REAL,C:\Users\Harish\Downloads\AI deepfake detection\AI_VOICE_DEEPFAKE_DETECTION\data\processed\audio\yt_0003_part_004.npy,3.11,4.0,44100,16000,f49ddf215fe202a79db48a7bb0af906bd42b6db239e011316688644a1a683c32,train
yt_0003_part_009,REAL,C:\Users\Harish\Downloads\AI deepfake detection\AI_VOICE_DEEPFAKE_DETECTION\data\processed\audio\yt_0003_part_009.npy,3.557,4.0,44100,16000,f5e8fe6e496132adfa8caf3eb74e76ea12c59588ae210ea2f261a6f27c69a034,train
yt_0003_part_010,REAL,C:\Users\Harish\Downloads\AI deepfake detection\AI_VOICE_DEEPFAKE_DETECTION\data\processed\audio\yt_0003_part_010.npy,3.266,4.0,44100,16000,042fa806d4492eb92060f12d6707b6d29870bb44ab8f7ef0fb5824db191f95bc,train
yt_0003_part_011,REAL,C:\Users\Harish\Downloads\AI deepfake detection\AI_VOICE_DEEPFAKE_DETECTION\data\processed\audio\yt_0003_part_011.npy,2.757,4.0,44100,16000,916728034803dee1bdca6f908ad534eeded99c02a5af5ecd202a69a92f887216,train
yt_0003_part_012,REAL,C:\Users\Harish\Downloads\AI deepfake detection\AI_VOICE_DEEPFAKE_DETECTION\data\processed\audio\yt_0003_part_012.npy,6.331,4.0,44100,16000,ddf04a3bdb35b7d53498963b1da129bec3c724b7919d22649d949d896a6ab881,train
yt_0003_part_013,REAL,C:\Users\Harish\Downloads\AI deepfake detection\AI_VOICE_DEEPFAKE_DETECTION\data\processed\audio\yt_0003_part_013.npy,3.851,4.0,44100,16000,93e670834b6ae724e414c5295a2a089ab7f3e16194cc24a3322ab5b322dd1adb,train
yt_0003_part_014,REAL,C:\Users\Harish\Downloads\AI deepfake detection\AI_VOICE_DEEPFAKE_DETECTION\data\processed\audio\yt_0003_part_014.npy,2.964,4.0,44100,16000,afb2d1d94ece5ebf70f74792f7558b05dcb99a70d4c4f48b5dab58ec1a60c89f,train
yt_0003_part_017,REAL,C:\Users\Harish\Downloads\AI deepfake detection\AI_VOICE_DEEPFAKE_DETECTION\data\processed\audio\yt_0003_part_017.npy,4.025,4.0,44100,16000,93aa1359d14fa851f56a5c30f7b272b753dd3073784e9d1d5bf0c1457e0027bb,train
yt_0003_part_019,REAL,C:\Users\Harish\Downloads\AI deepfake detection\AI_VOICE_DEEPFAKE_DETECTION\data\processed\audio\yt_0003_part_019.npy,2.782,4.0,44100,16000,77428e0e5d3b7432c715650475627ff11025ff5ebe61ff3d2007b77779ec03af,train
yt_0004_part_001,REAL,C:\Users\Harish\Downloads\AI deepfake detection\AI_VOICE_DEEPFAKE_DETECTION\data\processed\audio\yt_0004_part_001.npy,7.557,4.0,44100,16000,55b3b5cd2890ffc6d95a5a9c7c7066cd294f34dfbf221e4310354093daf84d26,train
yt_0004_part_003,REAL,C:\Users\Harish\Downloads\AI deepfake detection\AI_VOICE_DEEPFAKE_DETECTION\data\processed\audio\yt_0004_part_003.npy,5.948,4.0,44100,16000,e5ffc8ce40f35311a60302b40accacde7567330018367836ba609351558850b8,train
yt_0004_part_005,REAL,C:\Users\Harish\Downloads\AI deepfake detection\AI_VOICE_DEEPFAKE_DETECTION\data\processed\audio\yt_0004_part_005.npy,2.709,4.0,44100,16000,149a74962612912e25cd328ca72a1b3fa891767302da8634634491154e4396c2,train
yt_0004_part_008,REAL,C:\Users\Harish\Downloads\AI deepfake detection\AI_VOICE_DEEPFAKE_DETECTION\data\processed\audio\yt_0004_part_008.npy,4.912,4.0,44100,16000,6c0608ec30c670816e6596b93866ffe9b7462128446279df4f9125589f9c0ff9,train
yt_0004_part_012,REAL,C:\Users\Harish\Downloads\AI deepfake detection\AI_VOICE_DEEPFAKE_DETECTION\data\processed\audio\yt_0004_part_012.npy,3.659,4.0,44100,16000,3ab70a68659898deb55ea67007449e6df593a9ee4dc220f7e83c3719b2277a2d,train
yt_0004_part_013,REAL,C:\Users\Harish\Downloads\AI deepfake detection\AI_VOICE_DEEPFAKE_DETECTION\data\processed\audio\yt_0004_part_013.npy,2.61,4.0,44100,16000,8ffed302063d1ac2c76c0ba83f3d3f7189fc8b9e4cd920b7906cc2b6ac2bb03f,train
yt_0004_part_015,REAL,C:\Users\Harish\Downloads\AI deepfake detection\AI_VOICE_DEEPFAKE_DETECTION\data\processed\audio\yt_0004_part_015.npy,6.965,4.0,44100,16000,abc7ef8512eb80f77db656e0c62f8c79eb91a37e26fdcd7cb968dbf13fb93c12,train
yt_0004_part_018,REAL,C:\Users\Harish\Downloads\AI deepfake detection\AI_VOICE_DEEPFAKE_DETECTION\data\processed\audio\yt_0004_part_018.npy,6.21,4.0,44100,16000,e67cbe48c79040a6b91306aa717b23d3bc9f523984b2adb1f335b91a9136f42d,train
yt_0004_part_025,REAL,C:\Users\Harish\Downloads\AI deepfake detection\AI_VOICE_DEEPFAKE_DETECTION\data\processed\audio\yt_0004_part_025.npy,3.268,4.0,44100,16000,9921032980b9379fd623ae6c01d9032fbda5968019f956860621a66da9ef87c3,train
yt_0004_part_026,REAL,C:\Users\Harish\Downloads\AI deepfake detection\AI_VOICE_DEEPFAKE_DETECTION\data\processed\audio\yt_0004_part_026.npy,2.91,4.0,44100,16000,a7824749b3889b04beb5bcb306f95b444c453846a4ffa8cf42311828ed79481d,train
yt_0004_part_027,REAL,C:\Users\Harish\Downloads\AI deepfake detection\AI_VOICE_DEEPFAKE_DETECTION\data\processed\audio\yt_0004_part_027.npy,5.368,4.0,44100,16000,c7ee690b001aeee514dabc16f93b72340474dcaf1419dd4381f7e920f636581f,train
yt_0004_part_029,REAL,C:\Users\Harish\Downloads\AI deepfake detection\AI_VOICE_DEEPFAKE_DETECTION\data\processed\audio\yt_0004_part_029.npy,2.854,4.0,44100,16000,d3ddb28b87a56c15f26cd84946f2a241c8dcfd42054164d8a06f3419a534c3ae,train
yt_0004_part_033,REAL,C:\Users\Harish\Downloads\AI deepfake detection\AI_VOICE_DEEPFAKE_DETECTION\data\processed\audio\yt_0004_part_033.npy,4.923,4.0,44100,16000,ea2a4bb8fada7cb2d56e48576e94c4ae28f066d324c17d35b2700c27b91b1a3f,train
yt_0004_part_035,REAL,C:\Users\Harish\Downloads\AI deepfake detection\AI_VOICE_DEEPFAKE_DETECTION\data\processed\audio\yt_0004_part_035.npy,6.888,4.0,44100,16000,7c0d80ecf29de881f62a5402ed9275dad9174bd0a8a8cd2641c700d3ff776ce5,train
yt_0004_part_037,REAL,C:\Users\Harish\Downloads\AI deepfake detection\AI_VOICE_DEEPFAKE_DETECTION\data\processed\audio\yt_0004_part_037.npy,4.512,4.0,44100,16000,b3a0a81da2bb48b56da10f6cb20c7963485c0d5cd9d8b7ac1b85465b7fdf9b56,train
yt_0004_part_039,REAL,C:\Users\Harish\Downloads\AI deepfake detection\AI_VOICE_DEEPFAKE_DETECTION\data\processed\audio\yt_0004_part_039.npy,5.533,4.0,44100,16000,93a14f5c3076928fd5696544c1530e0022c0180b5e851ac1a4e0b38b5f1b8bc9,train
yt_0004_part_042,REAL,C:\Users\Harish\Downloads\AI deepfake detection\AI_VOICE_DEEPFAKE_DETECTION\data\processed\audio\yt_0004_part_042.npy,3.034,4.0,44100,16000,62150cad7d7a5249489057096312ea720922a7df24a07c69dbaa96358237193d,train
yt_0004_part_043,REAL,C:\Users\Harish\Downloads\AI deepfake detection\AI_VOICE_DEEPFAKE_DETECTION\data\processed\audio\yt_0004_part_043.npy,2.946,4.0,44100,16000,5b304b3afc38cff702502a1430e22ff2d8a0a897f5d8c8aa9157d3a74114055a,train
yt_0004_part_044,REAL,C:\Users\Harish\Downloads\AI deepfake detection\AI_VOICE_DEEPFAKE_DETECTION\data\processed\audio\yt_0004_part_044.npy,7.07,4.0,44100,16000,c0d4fc7b4b9b0691d4e13536d5216d82c19db4afcd08ffa965026b6aa4bf8e2b,train
yt_0005_part_001,REAL,C:\Users\Harish\Downloads\AI deepfake detection\AI_VOICE_DEEPFAKE_DETECTION\data\processed\audio\yt_0005_part_001.npy,4.238,4.0,44100,16000,b2d3ecdfceb07dbb86015d97bfc313eafa19ae12685dfa79df2115d46655d16f,train
yt_0005_part_002,REAL,C:\Users\Harish\Downloads\AI deepfake detection\AI_VOICE_DEEPFAKE_DETECTION\data\processed\audio\yt_0005_part_002.npy,5.398,4.0,44100,16000,ef3732c2cfcd587d45a89b816a5fdc966e79dd9a2c95eb13695704a212888211,train
yt_0005_part_004,REAL,C:\Users\Harish\Downloads\AI deepfake detection\AI_VOICE_DEEPFAKE_DETECTION\data\processed\audio\yt_0005_part_004.npy,6.322,4.0,44100,16000,8c381b99de4f350a1c369fcd83298475e74e3ce5814bf11c80b6324396f14bb1,train
yt_0005_part_007,REAL,C:\Users\Harish\Downloads\AI deepfake detection\AI_VOICE_DEEPFAKE_DETECTION\data\processed\audio\yt_0005_part_007.npy,2.858,4.0,44100,16000,0a93c672d6f58d8faf37dc22a1dbb85db1236e5573fa5030d3360970ec773549,train
yt_0005_part_009,REAL,C:\Users\Harish\Downloads\AI deepfake detection\AI_VOICE_DEEPFAKE_DETECTION\data\processed\audio\yt_0005_part_009.npy,2.848,4.0,44100,16000,a975b05195532c1963725a82b1c89b398d9146c2a7c77b68fb9ec2816c5f581e,train
yt_0005_part_011,REAL,C:\Users\Harish\Downloads\AI deepfake detection\AI_VOICE_DEEPFAKE_DETECTION\data\processed\audio\yt_0005_part_011.npy,3.136,4.0,44100,16000,8074e85c0790b6f928b5cacfd0b352c6ab2c1787960bd4e3ee35c69968638984,train
yt_0005_part_012,REAL,C:\Users\Harish\Downloads\AI deepfake detection\AI_VOICE_DEEPFAKE_DETECTION\data\processed\audio\yt_0005_part_012.npy,2.787,4.0,44100,16000,b3330923def4f5917f0ea9f89503cd30f6dea9f28eb07a1cb1044d26e24f04bd,train
yt_0005_part_013,REAL,C:\Users\Harish\Downloads\AI deepfake detection\AI_VOICE_DEEPFAKE_DETECTION\data\processed\audio\yt_0005_part_013.npy,3.515,4.0,44100,16000,abf81d5a842e649f3389bd9b34aac98eb48cde90c5723111cecca220be26362e,train
yt_0005_part_015,REAL,C:\Users\Harish\Downloads\AI deepfake detection\AI_VOICE_DEEPFAKE_DETECTION\data\processed\audio\yt_0005_part_015.npy,3.612,4.0,44100,16000,0b7c6908609e8aae9fea09af16bdeb66de3b31704dfa36f7adb03a696184518a,train
yt_0005_part_016,REAL,C:\Users\Harish\Downloads\AI deepfake detection\AI_VOICE_DEEPFAKE_DETECTION\data\processed\audio\yt_0005_part_016.npy,2.884,4.0,44100,16000,cfd7ec4284bd0c080811f4bf2b78482cc1f6386db73bcf7491fb409b7a202b40,train
yt_0005_part_020,REAL,C:\Users\Harish\Downloads\AI deepfake detection\AI_VOICE_DEEPFAKE_DETECTION\data\processed\audio\yt_0005_part_020.npy,2.651,4.0,44100,16000,977a366c88c62c70a234aaaf73239282642a6d779eb0a1d9e12555116a5051b1,train
yt_0005_part_024,REAL,C:\Users\Harish\Downloads\AI deepfake detection\AI_VOICE_DEEPFAKE_DETECTION\data\processed\audio\yt_0005_part_024.npy,4.143,4.0,44100,16000,2d87c058bf87271ad24c132e1ecdb5defdb8a6c9a3b4a1127bad609aac5114ab,train
yt_0005_part_025,REAL,C:\Users\Harish\Downloads\AI deepfake detection\AI_VOICE_DEEPFAKE_DETECTION\data\processed\audio\yt_0005_part_025.npy,3.751,4.0,44100,16000,2f2e69a76c3392a9040b353d7718bb33462913139239341c7df9be45364f1233,train
yt_0006_p2_part_007,REAL,C:\Users\Harish\Downloads\AI deepfake detection\AI_VOICE_DEEPFAKE_DETECTION\data\processed\audio\yt_0006_p2_part_007.npy,6.825,4.0,44100,16000,f84c668ce81458cdbc3316473e1940b4e915b80e79f7e6b3acdc6280fac9213c,train
yt_0006_p2_part_010,REAL,C:\Users\Harish\Downloads\AI deepfake detection\AI_VOICE_DEEPFAKE_DETECTION\data\processed\audio\yt_0006_p2_part_010.npy,6.826,4.0,44100,16000,41b8c994762c1e65e9e73837274ec77c9a136e174ca277df96536ee91fe67672,train
yt_0006_p2_part_011,REAL,C:\Users\Harish\Downloads\AI deepfake detection\AI_VOICE_DEEPFAKE_DETECTION\data\processed\audio\yt_0006_p2_part_011.npy,6.825,4.0,44100,16000,cc6d7827e83363291783aeb6dd40dae3c7567f5fa4e97f0bbea2777179e04f9b,train
yt_0006_p2_part_017,REAL,C:\Users\Harish\Downloads\AI deepfake detection\AI_VOICE_DEEPFAKE_DETECTION\data\processed\audio\yt_0006_p2_part_017.npy,7.104,4.0,44100,16000,098d762a328f2b02a4e85496fa94219c3322e3d6c86665f970582615c135a2df,train
yt_0006_p2_part_018,REAL,C:\Users\Harish\Downloads\AI deepfake detection\AI_VOICE_DEEPFAKE_DETECTION\data\processed\audio\yt_0006_p2_part_018.npy,7.105,4.0,44100,16000,8501040f53935650837e2781aba207fbebd7827406b11d8a3c36846e1f56215a,train
yt_0006_p2_part_025,REAL,C:\Users\Harish\Downloads\AI deepfake detection\AI_VOICE_DEEPFAKE_DETECTION\data\processed\audio\yt_0006_p2_part_025.npy,7.105,4.0,44100,16000,54ee3774e63dd6fcd70511deccd9daf75d3cc58dae8c671c5342ce51cb570210,train
yt_0006_p2_part_027,REAL,C:\Users\Harish\Downloads\AI deepfake detection\AI_VOICE_DEEPFAKE_DETECTION\data\processed\audio\yt_0006_p2_part_027.npy,7.105,4.0,44100,16000,a055df4108396d7ea6079b165128e0f6ba09f84361483b5d0970d9fb08b73d31,train
yt_0006_p2_part_028,REAL,C:\Users\Harish\Downloads\AI deepfake detection\AI_VOICE_DEEPFAKE_DETECTION\data\processed\audio\yt_0006_p2_part_028.npy,7.104,4.0,44100,16000,3dce7501132c5ea765aef155a9e0cfe833b93c400683cb181dc227eab3dc6283,train
yt_0006_p2_part_030,REAL,C:\Users\Harish\Downloads\AI deepfake detection\AI_VOICE_DEEPFAKE_DETECTION\data\processed\audio\yt_0006_p2_part_030.npy,7.105,4.0,44100,16000,0a0df30a9897bf2b79f626df69766e4fcfe84bc3a9052ba56fd003d1c54d69bc,train
yt_0006_p2_part_033,REAL,C:\Users\Harish\Downloads\AI deepfake detection\AI_VOICE_DEEPFAKE_DETECTION\data\processed\audio\yt_0006_p2_part_033.npy,6.8,4.0,44100,16000,1acd95da89d5a7dbdb693b66f43fa3ab588c3908d13e3b2c24532571cf71f7fd,train
yt_0006_p2_part_034,REAL,C:\Users\Harish\Downloads\AI deepfake detection\AI_VOICE_DEEPFAKE_DETECTION\data\processed\audio\yt_0006_p2_part_034.npy,6.94,4.0,44100,16000,2e78bb44f880bf562170c723dfd525df06e7ebfa973ab6832936459c93914e9f,train
yt_0006_p2_part_035,REAL,C:\Users\Harish\Downloads\AI deepfake detection\AI_VOICE_DEEPFAKE_DETECTION\data\processed\audio\yt_0006_p2_part_035.npy,6.941,4.0,44100,16000,36fce5681986b4b091d5d37d64aff6ebdad358bd98984157224f8db0817087a6,train
yt_0006_p2_part_036,REAL,C:\Users\Harish\Downloads\AI deepfake detection\AI_VOICE_DEEPFAKE_DETECTION\data\processed\audio\yt_0006_p2_part_036.npy,6.941,4.0,44100,16000,a3ce1ae9f635efc61d85a9bbf246cb7c4fb67be3363655ae69613774ef93c969,train
yt_0006_p2_part_037,REAL,C:\Users\Harish\Downloads\AI deepfake detection\AI_VOICE_DEEPFAKE_DETECTION\data\processed\audio\yt_0006_p2_part_037.npy,6.941,4.0,44100,16000,3871dc9de93d3f53e29bee67ff571a71cc5fdb5a1556c08148147b73e76bce05,train
yt_0006_p2_part_039,REAL,C:\Users\Harish\Downloads\AI deepfake detection\AI_VOICE_DEEPFAKE_DETECTION\data\processed\audio\yt_0006_p2_part_039.npy,6.941,4.0,44100,16000,b63dcf88bb1931306661b128e9334d43eb52f914891e5340b557bf72e9b5ff7f,train
yt_0006_p2_part_043,REAL,C:\Users\Harish\Downloads\AI deepfake detection\AI_VOICE_DEEPFAKE_DETECTION\data\processed\audio\yt_0006_p2_part_043.npy,6.941,4.0,44100,16000,6f7a955b3d894237e55241d1a6fbed601725169a60a9936c9efab31d45adf944,train
yt_0006_p2_part_045,REAL,C:\Users\Harish\Downloads\AI deepfake detection\AI_VOICE_DEEPFAKE_DETECTION\data\processed\audio\yt_0006_p2_part_045.npy,6.29,4.0,44100,16000,0ce3a87066bf6c01d431c850bf30185eae60db2f7aee152f42337bab473a6b43,train
yt_0006_p2_part_046,REAL,C:\Users\Harish\Downloads\AI deepfake detection\AI_VOICE_DEEPFAKE_DETECTION\data\processed\audio\yt_0006_p2_part_046.npy,6.291,4.0,44100,16000,2e2f4d04e5c6848a3baacb7200ddeb081541629e14edda924e5137b2732888c5,train
yt_0006_p2_part_050,REAL,C:\Users\Harish\Downloads\AI deepfake detection\AI_VOICE_DEEPFAKE_DETECTION\data\processed\audio\yt_0006_p2_part_050.npy,6.589,4.0,44100,16000,0b85ccd4bc91a828b3b3a1f4ad3af0f434989af3ee5354f406c03ece1d839379,train
yt_0006_p2_part_051,REAL,C:\Users\Harish\Downloads\AI deepfake detection\AI_VOICE_DEEPFAKE_DETECTION\data\processed\audio\yt_0006_p2_part_051.npy,6.589,4.0,44100,16000,aea64cc995dfd8d65ba69a4275aae15ccf2aee2684fcdd14508ed196279a3744,train
yt_0006_part_001,REAL,C:\Users\Harish\Downloads\AI deepfake detection\AI_VOICE_DEEPFAKE_DETECTION\data\processed\audio\yt_0006_part_001.npy,9.519,4.0,44100,16000,8b80f341d1aaca3b46bc8fdc493945da22361f4500d18c8dea73cbda2088f996,train
yt_0006_part_002,REAL,C:\Users\Harish\Downloads\AI deepfake detection\AI_VOICE_DEEPFAKE_DETECTION\data\processed\audio\yt_0006_part_002.npy,8.429,4.0,44100,16000,442adcc197fe6300583c24e7b70540a9e80d8e6e71899985548c9d329072c2f2,train
yt_0006_part_003,REAL,C:\Users\Harish\Downloads\AI deepfake detection\AI_VOICE_DEEPFAKE_DETECTION\data\processed\audio\yt_0006_part_003.npy,2.953,4.0,44100,16000,f468b76dfeb8f3e8341249c87c20f5685fd77184767d37859ca5c7f72c1d3fce,train
yt_0006_part_004,REAL,C:\Users\Harish\Downloads\AI deepfake detection\AI_VOICE_DEEPFAKE_DETECTION\data\processed\audio\yt_0006_part_004.npy,5.014,4.0,44100,16000,731696d932f9f4382fb9da44b6f00f714056568c31e33a3139e3bb652fbbfd45,train
yt_0006_part_006,REAL,C:\Users\Harish\Downloads\AI deepfake detection\AI_VOICE_DEEPFAKE_DETECTION\data\processed\audio\yt_0006_part_006.npy,6.825,4.0,44100,16000,f9fe6c2ac79396b71625f2f59828f45a2edef3608e575c8562b8f11abafad910,train
yt_0006_part_007,REAL,C:\Users\Harish\Downloads\AI deepfake detection\AI_VOICE_DEEPFAKE_DETECTION\data\processed\audio\yt_0006_part_007.npy,6.825,4.0,44100,16000,33d71038a8e71456205c5ca760b4328c8fb168bd7d6b58a3b9843c8d80ab52f9,train
yt_0006_part_008,REAL,C:\Users\Harish\Downloads\AI deepfake detection\AI_VOICE_DEEPFAKE_DETECTION\data\processed\audio\yt_0006_part_008.npy,6.825,4.0,44100,16000,58209fb8402968467054817e60dbff0cce3fdddd4fe56b0dbf05303a54ae49ba,train
yt_0006_part_009,REAL,C:\Users\Harish\Downloads\AI deepfake detection\AI_VOICE_DEEPFAKE_DETECTION\data\processed\audio\yt_0006_part_009.npy,6.825,4.0,44100,16000,16e7718b3d20e1e4254c71009df0d1bb7d876361c03ecb786da5d63d632cc9c0,train
yt_0006_part_012,REAL,C:\Users\Harish\Downloads\AI deepfake detection\AI_VOICE_DEEPFAKE_DETECTION\data\processed\audio\yt_0006_part_012.npy,6.826,4.0,44100,16000,d9fc9b5e1c09009327ee24d8516330f197d532fdba5d81aa7c5a2b1e2d2103a4,train
yt_0006_part_014,REAL,C:\Users\Harish\Downloads\AI deepfake detection\AI_VOICE_DEEPFAKE_DETECTION\data\processed\audio\yt_0006_part_014.npy,7.105,4.0,44100,16000,c2a90fe6ce4546449c3e91098078f7da6adb9050736d372d006b8f92b2953958,train
yt_0006_part_015,REAL,C:\Users\Harish\Downloads\AI deepfake detection\AI_VOICE_DEEPFAKE_DETECTION\data\processed\audio\yt_0006_part_015.npy,7.105,4.0,44100,16000,c6b15c976d8af7e242ec71506228300b1242ee0e54e991fa903366778c0e4ff9,train
yt_0006_part_016,REAL,C:\Users\Harish\Downloads\AI deepfake detection\AI_VOICE_DEEPFAKE_DETECTION\data\processed\audio\yt_0006_part_016.npy,7.104,4.0,44100,16000,07ce81f100563038f4295b09e0b198616a823b1bc7ccbf741d68ab5a7346783a,train
yt_0006_part_017,REAL,C:\Users\Harish\Downloads\AI deepfake detection\AI_VOICE_DEEPFAKE_DETECTION\data\processed\audio\yt_0006_part_017.npy,7.105,4.0,44100,16000,3fb476da17715618419411cf56598678748afac4ce0ea8bdd97c7a8e33b19082,train
yt_0006_part_020,REAL,C:\Users\Harish\Downloads\AI deepfake detection\AI_VOICE_DEEPFAKE_DETECTION\data\processed\audio\yt_0006_part_020.npy,7.105,4.0,44100,16000,3d63eb529223c8775d7dd3936818a99f5cf41fb0b536f7ea9003c2a8933327d5,train
yt_0006_part_021,REAL,C:\Users\Harish\Downloads\AI deepfake detection\AI_VOICE_DEEPFAKE_DETECTION\data\processed\audio\yt_0006_part_021.npy,7.105,4.0,44100,16000,0c6f71c11ec4f87c3b2b0b488ccb8b0010fab437bfb6d2bcfce34d6039569a83,train
yt_0006_part_024,REAL,C:\Users\Harish\Downloads\AI deepfake detection\AI_VOICE_DEEPFAKE_DETECTION\data\processed\audio\yt_0006_part_024.npy,7.105,4.0,44100,16000,a7ef8a6e0dad2d6ab770409b460cb7532d11135e99712289ad8e4f2220ecded5,train
yt_0006_part_026,REAL,C:\Users\Harish\Downloads\AI deepfake detection\AI_VOICE_DEEPFAKE_DETECTION\data\processed\audio\yt_0006_part_026.npy,7.105,4.0,44100,16000,4769b8b3df00c002f464c3719f29ca8041e1307122f196c028560164619b88e4,train
yt_0006_part_030,REAL,C:\Users\Harish\Downloads\AI deepfake detection\AI_VOICE_DEEPFAKE_DETECTION\data\processed\audio\yt_0006_part_030.npy,7.105,4.0,44100,16000,cc2c6f41ffee7cf0478c9710b48e86f66dc6a7a02eb1dc270a402c02ab2ebe3b,train
yt_0006_part_032,REAL,C:\Users\Harish\Downloads\AI deepfake detection\AI_VOICE_DEEPFAKE_DETECTION\data\processed\audio\yt_0006_part_032.npy,6.795,4.0,44100,16000,ea87917c0cbc57691960e3d12d026d06df98df7dadfde10ac5d0274ce27ac4a6,train
yt_0006_part_035,REAL,C:\Users\Harish\Downloads\AI deepfake detection\AI_VOICE_DEEPFAKE_DETECTION\data\processed\audio\yt_0006_part_035.npy,6.94,4.0,44100,16000,84ccea72591ecf6eef4f8a7b4666737e1d76a02bce0ed5ca38bafb3d76aeafb8,train
yt_0006_part_036,REAL,C:\Users\Harish\Downloads\AI deepfake detection\AI_VOICE_DEEPFAKE_DETECTION\data\processed\audio\yt_0006_part_036.npy,6.939,4.0,44100,16000,abaa16c433eb57581ffb9147e08eb7572ddc82a294c3eac4d75c0f862cf13b1f,train
yt_0006_part_040,REAL,C:\Users\Harish\Downloads\AI deepfake detection\AI_VOICE_DEEPFAKE_DETECTION\data\processed\audio\yt_0006_part_040.npy,6.939,4.0,44100,16000,8afcb378cbe3baffc3a405ff5f3eb95c8c04a17566f10c4c5e7433be9288a1b0,train
yt_0006_part_043,REAL,C:\Users\Harish\Downloads\AI deepfake detection\AI_VOICE_DEEPFAKE_DETECTION\data\processed\audio\yt_0006_part_043.npy,6.94,4.0,44100,16000,a770fe1933c1a87e70e0e4695f936dec3261e8ebb0cead88044e605b1e77ca9e,train
yt_0006_part_044,REAL,C:\Users\Harish\Downloads\AI deepfake detection\AI_VOICE_DEEPFAKE_DETECTION\data\processed\audio\yt_0006_part_044.npy,6.288,4.0,44100,16000,5c7088751527bddae6c543896ce8d07545748bf4bb4aafca3ddda3e3e08d1a11,train
yt_0006_part_045,REAL,C:\Users\Harish\Downloads\AI deepfake detection\AI_VOICE_DEEPFAKE_DETECTION\data\processed\audio\yt_0006_part_045.npy,6.289,4.0,44100,16000,cffa92f541c669aa5edd79e12b3d13bb56bf3fd6917d64dbc9a174b3938fd0a0,train
yt_0006_part_049,REAL,C:\Users\Harish\Downloads\AI deepfake detection\AI_VOICE_DEEPFAKE_DETECTION\data\processed\audio\yt_0006_part_049.npy,6.589,4.0,44100,16000,0b85ccd4bc91a828b3b3a1f4ad3af0f434989af3ee5354f406c03ece1d839379,train
yt_0006_part_050,REAL,C:\Users\Harish\Downloads\AI deepfake detection\AI_VOICE_DEEPFAKE_DETECTION\data\processed\audio\yt_0006_part_050.npy,6.589,4.0,44100,16000,aea64cc995dfd8d65ba69a4275aae15ccf2aee2684fcdd14508ed196279a3744,train
yt_0007_p2_part_028,REAL,C:\Users\Harish\Downloads\AI deepfake detection\AI_VOICE_DEEPFAKE_DETECTION\data\processed\audio\yt_0007_p2_part_028.npy,6.898,4.0,44100,16000,b32de6c4aceff1b458f09658df1a11f549ed4af3c9b799e7593d451250663771,train
yt_0007_p2_part_029,REAL,C:\Users\Harish\Downloads\AI deepfake detection\AI_VOICE_DEEPFAKE_DETECTION\data\processed\audio\yt_0007_p2_part_029.npy,6.898,4.0,44100,16000,5b62f28ee49533931523345c33886e2811ca234bd5284fd3b7348acef424d32d,train
yt_0007_p2_part_032,REAL,C:\Users\Harish\Downloads\AI deepfake detection\AI_VOICE_DEEPFAKE_DETECTION\data\processed\audio\yt_0007_p2_part_032.npy,6.488,4.0,44100,16000,5f11ac92a816abb9a9d0bd8f443d9977fac0a90fcc6b725c86cf77c297755254,train
yt_0007_p2_part_033,REAL,C:\Users\Harish\Downloads\AI deepfake detection\AI_VOICE_DEEPFAKE_DETECTION\data\processed\audio\yt_0007_p2_part_033.npy,6.489,4.0,44100,16000,60c8079f6c68a9ac63376d1cc4146fdef23ce3f242366d024bd64b1f7d57d255,train
yt_0007_part_005,REAL,C:\Users\Harish\Downloads\AI deepfake detection\AI_VOICE_DEEPFAKE_DETECTION\data\processed\audio\yt_0007_part_005.npy,2.679,4.0,44100,16000,71efe60347a6dc6f317c3d05dad688299bb60f59d966b02d4933f02cb4faa50a,train
yt_0007_part_012,REAL,C:\Users\Harish\Downloads\AI deepfake detection\AI_VOICE_DEEPFAKE_DETECTION\data\processed\audio\yt_0007_part_012.npy,3.05,4.0,44100,16000,3d6b810ee2053243b762c3433367debe2fe7c80643bea71803c249ff3d0dc9c9,train
yt_0007_part_014,REAL,C:\Users\Harish\Downloads\AI deepfake detection\AI_VOICE_DEEPFAKE_DETECTION\data\processed\audio\yt_0007_part_014.npy,6.375,4.0,44100,16000,8e69099beab0b388758c24a5f0392937d929ca7c9774cb6789735fd63fb5288a,train
yt_0007_part_015,REAL,C:\Users\Harish\Downloads\AI deepfake detection\AI_VOICE_DEEPFAKE_DETECTION\data\processed\audio\yt_0007_part_015.npy,5.041,4.0,44100,16000,4f558ad7c5eca07611a1f2f4312d16b92a2cc08c76f9f53ecb459b67b79146a1,train
yt_0007_part_017,REAL,C:\Users\Harish\Downloads\AI deepfake detection\AI_VOICE_DEEPFAKE_DETECTION\data\processed\audio\yt_0007_part_017.npy,7.852,4.0,44100,16000,cb884ebf1cf0cb7d976eab2f523b6efc0fa84c6e23df14d49c714ef8e3ed5cbf,train
yt_0007_part_019,REAL,C:\Users\Harish\Downloads\AI deepfake detection\AI_VOICE_DEEPFAKE_DETECTION\data\processed\audio\yt_0007_part_019.npy,4.922,4.0,44100,16000,24f689ccbb885ada063d0047fbe397f79429a2abbd39a36d81d6b9fa918e001d,train
yt_0007_part_025,REAL,C:\Users\Harish\Downloads\AI deepfake detection\AI_VOICE_DEEPFAKE_DETECTION\data\processed\audio\yt_0007_part_025.npy,4.388,4.0,44100,16000,98e50b4ec3a1457a2a813f4f55f081393cca69e663973ee48386017ffaf831ab,train
yt_0007_part_029,REAL,C:\Users\Harish\Downloads\AI deepfake detection\AI_VOICE_DEEPFAKE_DETECTION\data\processed\audio\yt_0007_part_029.npy,6.629,4.0,44100,16000,74bd8dd4bbd96255101006df79e24e24319be3951b4942b929cc5b7d4ffaf455,train
yt_0007_part_030,REAL,C:\Users\Harish\Downloads\AI deepfake detection\AI_VOICE_DEEPFAKE_DETECTION\data\processed\audio\yt_0007_part_030.npy,6.629,4.0,44100,16000,7a74ca63934978230842fa72bd92972329d1eafa84a360190f87854a3769d51c,train
yt_0007_part_032,REAL,C:\Users\Harish\Downloads\AI deepfake detection\AI_VOICE_DEEPFAKE_DETECTION\data\processed\audio\yt_0007_part_032.npy,6.599,4.0,44100,16000,a8547a96a77a60fc4ab08cf34a0174bf4a7af904e7481b71f841a5dafd4e74e1,train
yt_0008_p2_part_260,REAL,C:\Users\Harish\Downloads\AI deepfake detection\AI_VOICE_DEEPFAKE_DETECTION\data\processed\audio\yt_0008_p2_part_260.npy,5.509,4.0,44100,16000,ec4cd4a5649350596a133627ae7ba4db1449ef98b3fc3c0afce197794e0cf1db,train
yt_0008_p2_part_265,REAL,C:\Users\Harish\Downloads\AI deepfake detection\AI_VOICE_DEEPFAKE_DETECTION\data\processed\audio\yt_0008_p2_part_265.npy,5.073,4.0,44100,16000,8f89c77298ba799e53809948508c5ad7c80d71751e602a690ef4a559f42cb7a6,train
yt_0008_part_003,REAL,C:\Users\Harish\Downloads\AI deepfake detection\AI_VOICE_DEEPFAKE_DETECTION\data\processed\audio\yt_0008_part_003.npy,4.439,4.0,44100,16000,cf64f08216eacf0a72e4c81b31f76cbbb73c3b5357d84b1c09d7b5c2b2e2494d,train
yt_0008_part_004,REAL,C:\Users\Harish\Downloads\AI deepfake detection\AI_VOICE_DEEPFAKE_DETECTION\data\processed\audio\yt_0008_part_004.npy,4.365,4.0,44100,16000,a9a179bf57a6762cef34a1f5823eb217449a427b3b01afc466e75546c38a9861,train
yt_0008_part_008,REAL,C:\Users\Harish\Downloads\AI deepfake detection\AI_VOICE_DEEPFAKE_DETECTION\data\processed\audio\yt_0008_part_008.npy,3.212,4.0,44100,16000,77a99ba98381699966dc0221469df243710b2282b7b09dd5a49b3c0186bc667c,train
yt_0008_part_012,REAL,C:\Users\Harish\Downloads\AI deepfake detection\AI_VOICE_DEEPFAKE_DETECTION\data\processed\audio\yt_0008_part_012.npy,3.862,4.0,44100,16000,cad180c5180c20ce2c7ffbd4e0f991b588368462183b3a4749c0f81e4f98caa3,train
yt_0008_part_015,REAL,C:\Users\Harish\Downloads\AI deepfake detection\AI_VOICE_DEEPFAKE_DETECTION\data\processed\audio\yt_0008_part_015.npy,7.079,4.0,44100,16000,b4243b9527ebaa0173e71c4223540b080c961e8febcc76f2ec72e4729cca6883,train
yt_0008_part_019,REAL,C:\Users\Harish\Downloads\AI deepfake detection\AI_VOICE_DEEPFAKE_DETECTION\data\processed\audio\yt_0008_part_019.npy,2.924,4.0,44100,16000,ac8b9845fca6a7f0394fc02a66b8a08407269efdcb02a3a060714f4f7b33db04,train
yt_0008_part_021,REAL,C:\Users\Harish\Downloads\AI deepfake detection\AI_VOICE_DEEPFAKE_DETECTION\data\processed\audio\yt_0008_part_021.npy,8.261,4.0,44100,16000,5bbd551dd27a1cce317979762f1d07dab417b2ba9472a98632de2977964b4450,train
yt_0008_part_022,REAL,C:\Users\Harish\Downloads\AI deepfake detection\AI_VOICE_DEEPFAKE_DETECTION\data\processed\audio\yt_0008_part_022.npy,7.027,4.0,44100,16000,c034beb5657afa6305db0d1f97efc1a1313165ad030de36a2a29ee7dde15834f,train
yt_0008_part_025,REAL,C:\Users\Harish\Downloads\AI deepfake detection\AI_VOICE_DEEPFAKE_DETECTION\data\processed\audio\yt_0008_part_025.npy,5.13,4.0,44100,16000,1a87ba5dce12f7719621fb578af41f5662d6e4e2442d925e9320dc7eec28bae8,train
yt_0008_part_028,REAL,C:\Users\Harish\Downloads\AI deepfake detection\AI_VOICE_DEEPFAKE_DETECTION\data\processed\audio\yt_0008_part_028.npy,4.969,4.0,44100,16000,3d10b2a71772e7c9326345aab54e42714093767ea69734d217ce61cb31a56e04,train
yt_0008_part_029,REAL,C:\Users\Harish\Downloads\AI deepfake detection\AI_VOICE_DEEPFAKE_DETECTION\data\processed\audio\yt_0008_part_029.npy,3.306,4.0,44100,16000,8f1a9f56c616fade8fc6fe3b12ffff6d91373c9f8c8c71537653996f70c9f67b,train
yt_0008_part_033,REAL,C:\Users\Harish\Downloads\AI deepfake detection\AI_VOICE_DEEPFAKE_DETECTION\data\processed\audio\yt_0008_part_033.npy,7.297,4.0,44100,16000,d42f4ab8012d8cbe74ec4cc5ef0296050d5aa73fe637586c52286ed46e8cc582,train
yt_0008_part_040,REAL,C:\Users\Harish\Downloads\AI deepfake detection\AI_VOICE_DEEPFAKE_DETECTION\data\processed\audio\yt_0008_part_040.npy,3.987,4.0,44100,16000,438710d5379b9100183af31b949168424f3776e31e1edfe149f72a3afd47a1b1,train
yt_0008_part_042,REAL,C:\Users\Harish\Downloads\AI deepfake detection\AI_VOICE_DEEPFAKE_DETECTION\data\processed\audio\yt_0008_part_042.npy,3.358,4.0,44100,16000,f5606246a47d7115efc16a1ce8485687c9fecdb9dcc38918c1640220c564d003,train
yt_0008_part_043,REAL,C:\Users\Harish\Downloads\AI deepfake detection\AI_VOICE_DEEPFAKE_DETECTION\data\processed\audio\yt_0008_part_043.npy,3.238,4.0,44100,16000,395dbd70e0cb50249752a8cd2cb4960330df6050494859c1cf8aeeb4e59389a1,train
yt_0008_part_047,REAL,C:\Users\Harish\Downloads\AI deepfake detection\AI_VOICE_DEEPFAKE_DETECTION\data\processed\audio\yt_0008_part_047.npy,3.312,4.0,44100,16000,288ce4dbdcd409a7e6d8527d9a240f70753a95e0ddbe1baee0f3a47a2ba2c702,train
yt_0008_part_048,REAL,C:\Users\Harish\Downloads\AI deepfake detection\AI_VOICE_DEEPFAKE_DETECTION\data\processed\audio\yt_0008_part_048.npy,5.735,4.0,44100,16000,c6796f01682fbd838f546de4504ce81cc7e7d49c45c457ecc624c7eeeeaec331,train
yt_0008_part_049,REAL,C:\Users\Harish\Downloads\AI deepfake detection\AI_VOICE_DEEPFAKE_DETECTION\data\processed\audio\yt_0008_part_049.npy,6.944,4.0,44100,16000,2ef54f3f95044731f769145446f857d9e00a268997f6a8985c9592ba9be322dc,train
yt_0008_part_050,REAL,C:\Users\Harish\Downloads\AI deepfake detection\AI_VOICE_DEEPFAKE_DETECTION\data\processed\audio\yt_0008_part_050.npy,5.637,4.0,44100,16000,7f4e477b64ec5c57b5ab26c2917b6f89b01d49fed5bc50b375ce831546741d7f,train
yt_0008_part_052,REAL,C:\Users\Harish\Downloads\AI deepfake detection\AI_VOICE_DEEPFAKE_DETECTION\data\processed\audio\yt_0008_part_052.npy,3.407,4.0,44100,16000,596944d6661454e2ca72e2367bd48284b0d3529fc86479fac25d02aadb9559a7,train
yt_0008_part_053,REAL,C:\Users\Harish\Downloads\AI deepfake detection\AI_VOICE_DEEPFAKE_DETECTION\data\processed\audio\yt_0008_part_053.npy,6.358,4.0,44100,16000,4fc7d2258d10020b3a1c4c85f4b85b7a4d8d7420228bf3668636ea0ede18c6ef,train
yt_0008_part_055,REAL,C:\Users\Harish\Downloads\AI deepfake detection\AI_VOICE_DEEPFAKE_DETECTION\data\processed\audio\yt_0008_part_055.npy,2.891,4.0,44100,16000,9a44132ef175444a1ccff5c6a81b6e0c51c906d856378c1415052d460e47003c,train
yt_0008_part_056,REAL,C:\Users\Harish\Downloads\AI deepfake detection\AI_VOICE_DEEPFAKE_DETECTION\data\processed\audio\yt_0008_part_056.npy,10.097,4.0,44100,16000,ef1f8076b1d57937b77cc019511dcfbfa586f66a77dfdb3c1d09256b73407540,train
yt_0008_part_057,REAL,C:\Users\Harish\Downloads\AI deepfake detection\AI_VOICE_DEEPFAKE_DETECTION\data\processed\audio\yt_0008_part_057.npy,7.965,4.0,44100,16000,ea645a9ed983854ca7ec703731bcdf16150f1b4a3e72f7db8299d7435620e561,train
yt_0008_part_058,REAL,C:\Users\Harish\Downloads\AI deepfake detection\AI_VOICE_DEEPFAKE_DETECTION\data\processed\audio\yt_0008_part_058.npy,6.353,4.0,44100,16000,f8eee2a4f108b787c3690edddfc3742345b97e5887cbe89b5b94ce6d1d774b9b,train
yt_0008_part_059,REAL,C:\Users\Harish\Downloads\AI deepfake detection\AI_VOICE_DEEPFAKE_DETECTION\data\processed\audio\yt_0008_part_059.npy,3.357,4.0,44100,16000,63d6a66f1785f955d3be631b84ecd45f61840a88c5ab2a2e34ce98b6a54c678c,train
yt_0008_part_062,REAL,C:\Users\Harish\Downloads\AI deepfake detection\AI_VOICE_DEEPFAKE_DETECTION\data\processed\audio\yt_0008_part_062.npy,4.152,4.0,44100,16000,fd8b86e736cdc278a0e383154c31bbf29a43dde74589aa10dcefdb980a58dc18,train
yt_0008_part_065,REAL,C:\Users\Harish\Downloads\AI deepfake detection\AI_VOICE_DEEPFAKE_DETECTION\data\processed\audio\yt_0008_part_065.npy,8.995,4.0,44100,16000,527437218521c2c61896b3801b722563565e62ec0341b3d79e02b9b8ab5cb72c,train
yt_0008_part_067,REAL,C:\Users\Harish\Downloads\AI deepfake detection\AI_VOICE_DEEPFAKE_DETECTION\data\processed\audio\yt_0008_part_067.npy,2.512,4.0,44100,16000,192a31ce074c26822cedb3464033fa99a820db184fe1424719ccda505afdfdd8,train
yt_0008_part_077,REAL,C:\Users\Harish\Downloads\AI deepfake detection\AI_VOICE_DEEPFAKE_DETECTION\data\processed\audio\yt_0008_part_077.npy,6.374,4.0,44100,16000,06dc2003e795a83ba1826b4130048283976eefb4607aece3081c91566af8edd8,train
yt_0008_part_079,REAL,C:\Users\Harish\Downloads\AI deepfake detection\AI_VOICE_DEEPFAKE_DETECTION\data\processed\audio\yt_0008_part_079.npy,7.038,4.0,44100,16000,758795f9d86063ca8044c3b9c420ae0efcd2fc1afebe5b48dd5751a1899a0cac,train
yt_0008_part_080,REAL,C:\Users\Harish\Downloads\AI deepfake detection\AI_VOICE_DEEPFAKE_DETECTION\data\processed\audio\yt_0008_part_080.npy,3.419,4.0,44100,16000,ff59b1fb3251d703b8c42d6ba34d7d1b029716a3a24baec336a9237d28f37cfe,train
yt_0008_part_081,REAL,C:\Users\Harish\Downloads\AI deepfake detection\AI_VOICE_DEEPFAKE_DETECTION\data\processed\audio\yt_0008_part_081.npy,5.261,4.0,44100,16000,5f5b961b5b053664e9b7cc1587b2ef014cca395c7eaf5ab51db364e3e2a0e47d,train
yt_0008_part_085,REAL,C:\Users\Harish\Downloads\AI deepfake detection\AI_VOICE_DEEPFAKE_DETECTION\data\processed\audio\yt_0008_part_085.npy,4.512,4.0,44100,16000,17c678d8d21a4c54b5e46271dbf87da51d2b3f8db228e34542734f8972d0a14d,train
yt_0008_part_086,REAL,C:\Users\Harish\Downloads\AI deepfake detection\AI_VOICE_DEEPFAKE_DETECTION\data\processed\audio\yt_0008_part_086.npy,2.643,4.0,44100,16000,1e93cec5f9b549126b6a0885f9f0c41a572bef3b7a1726f38325dca7b12c7b01,train
yt_0008_part_088,REAL,C:\Users\Harish\Downloads\AI deepfake detection\AI_VOICE_DEEPFAKE_DETECTION\data\processed\audio\yt_0008_part_088.npy,2.684,4.0,44100,16000,45a11e27f04520a2b5ed464481e23121009b3bb2bef9779924ceb496ef6c96aa,train
yt_0008_part_090,REAL,C:\Users\Harish\Downloads\AI deepfake detection\AI_VOICE_DEEPFAKE_DETECTION\data\processed\audio\yt_0008_part_090.npy,7.933,4.0,44100,16000,4d8778b7b1a5374a840f6305ef198d32f9e26cc1e75cac88c433991adddf5bd5,train
yt_0008_part_092,REAL,C:\Users\Harish\Downloads\AI deepfake detection\AI_VOICE_DEEPFAKE_DETECTION\data\processed\audio\yt_0008_part_092.npy,3.75,4.0,44100,16000,3e24eef7bc23303d2f58cc2f0e285ce7d9cdec3327beb4aa7e5fe0f4ba0d7a4b,train
yt_0008_part_097,REAL,C:\Users\Harish\Downloads\AI deepfake detection\AI_VOICE_DEEPFAKE_DETECTION\data\processed\audio\yt_0008_part_097.npy,3.886,4.0,44100,16000,9cf536b94d96531e354ffeae373f27835549ee87a45373b195f17728961e264d,train
yt_0008_part_098,REAL,C:\Users\Harish\Downloads\AI deepfake detection\AI_VOICE_DEEPFAKE_DETECTION\data\processed\audio\yt_0008_part_098.npy,5.361,4.0,44100,16000,87b20e30faf3b4b60eed86ba27a45758a926ead9d1d8a50dce203379bc12a72e,train
yt_0008_part_103,REAL,C:\Users\Harish\Downloads\AI deepfake detection\AI_VOICE_DEEPFAKE_DETECTION\data\processed\audio\yt_0008_part_103.npy,3.633,4.0,44100,16000,db63759848accdd5e349dc404a6d4a2c0fab9aa0ded10e8fb8ed05406046f6d6,train
yt_0008_part_104,REAL,C:\Users\Harish\Downloads\AI deepfake detection\AI_VOICE_DEEPFAKE_DETECTION\data\processed\audio\yt_0008_part_104.npy,4.816,4.0,44100,16000,46b7ecb686cef790595c9e02f0d9e4cfd9172854d9f6bd4c5d12c2b8046e4a63,train
yt_0008_part_105,REAL,C:\Users\Harish\Downloads\AI deepfake detection\AI_VOICE_DEEPFAKE_DETECTION\data\processed\audio\yt_0008_part_105.npy,2.572,4.0,44100,16000,4ce08caa960e5849d531eeaad90c9629cbfad9eaa4be6939bc59bba902621543,train
yt_0008_part_106,REAL,C:\Users\Harish\Downloads\AI deepfake detection\AI_VOICE_DEEPFAKE_DETECTION\data\processed\audio\yt_0008_part_106.npy,3.099,4.0,44100,16000,6819cd635ec00e6c8911a192ddec25b035f8f9aae8e3a14ab7f868d3ba86af2e,train
yt_0008_part_108,REAL,C:\Users\Harish\Downloads\AI deepfake detection\AI_VOICE_DEEPFAKE_DETECTION\data\processed\audio\yt_0008_part_108.npy,3.131,4.0,44100,16000,4b4a544aeeae882408b56659d778a2fa2aaf69f5535e3d7e5c04c9bafb8a96f3,train
yt_0008_part_109,REAL,C:\Users\Harish\Downloads\AI deepfake detection\AI_VOICE_DEEPFAKE_DETECTION\data\processed\audio\yt_0008_part_109.npy,2.941,4.0,44100,16000,81955240c890d2754f3465e4af320a9a67d8f8859738bda1877567d20aa632fc,train
yt_0008_part_110,REAL,C:\Users\Harish\Downloads\AI deepfake detection\AI_VOICE_DEEPFAKE_DETECTION\data\processed\audio\yt_0008_part_110.npy,4.399,4.0,44100,16000,b181a964d758b0a236c5e9e43f65e85f32631dbfcf445f2ecee902dce799d756,train
yt_0008_part_112,REAL,C:\Users\Harish\Downloads\AI deepfake detection\AI_VOICE_DEEPFAKE_DETECTION\data\processed\audio\yt_0008_part_112.npy,3.495,4.0,44100,16000,53d67ed38b3632252d9ab57026ed5ebd5b52930d6b4fee5414503eab3bc71275,train
yt_0008_part_115,REAL,C:\Users\Harish\Downloads\AI deepfake detection\AI_VOICE_DEEPFAKE_DETECTION\data\processed\audio\yt_0008_part_115.npy,2.743,4.0,44100,16000,fd24eb1a7966da525a768fe4572d41fee099d6ebcd6ada2d45b6f2dce701775b,train
yt_0008_part_116,REAL,C:\Users\Harish\Downloads\AI deepfake detection\AI_VOICE_DEEPFAKE_DETECTION\data\processed\audio\yt_0008_part_116.npy,2.869,4.0,44100,16000,dcddb9bc83c69d89d1ead74ecf351b5620d19ed080ec2f726d70e061ccc35d16,train
yt_0008_part_118,REAL,C:\Users\Harish\Downloads\AI deepfake detection\AI_VOICE_DEEPFAKE_DETECTION\data\processed\audio\yt_0008_part_118.npy,2.959,4.0,44100,16000,287d9bfb861122446660b3121bc5af587c5af06672f31bf00eb69840c822164e,train
yt_0008_part_120,REAL,C:\Users\Harish\Downloads\AI deepfake detection\AI_VOICE_DEEPFAKE_DETECTION\data\processed\audio\yt_0008_part_120.npy,2.651,4.0,44100,16000,c9a4dae7b2e60f57f40c8d3f90bdd036a0db9213e2bf3413d7bd901d2b84f268,train
yt_0008_part_123,REAL,C:\Users\Harish\Downloads\AI deepfake detection\AI_VOICE_DEEPFAKE_DETECTION\data\processed\audio\yt_0008_part_123.npy,4.853,4.0,44100,16000,0c5d4f60b72c82f1e554b2691b268393173b98a93877dc424149a38ff5d6b30a,train
yt_0008_part_125,REAL,C:\Users\Harish\Downloads\AI deepfake detection\AI_VOICE_DEEPFAKE_DETECTION\data\processed\audio\yt_0008_part_125.npy,2.978,4.0,44100,16000,c516e34371eee9f740dda87661534e841ad20c657b28fcd1ed11297d0c497e84,train
yt_0008_part_126,REAL,C:\Users\Harish\Downloads\AI deepfake detection\AI_VOICE_DEEPFAKE_DETECTION\data\processed\audio\yt_0008_part_126.npy,3.383,4.0,44100,16000,4b2b8ce7dc8dbb113d127bda73ab7d91a1c194d07c2c25aed1deded4b2ef05c8,train
yt_0008_part_128,REAL,C:\Users\Harish\Downloads\AI deepfake detection\AI_VOICE_DEEPFAKE_DETECTION\data\processed\audio\yt_0008_part_128.npy,4.748,4.0,44100,16000,16e1644061419249945ae6875837f7bd90c1040018b23f50e0f5c1c31ea2ce94,train
yt_0008_part_132,REAL,C:\Users\Harish\Downloads\AI deepfake detection\AI_VOICE_DEEPFAKE_DETECTION\data\processed\audio\yt_0008_part_132.npy,3.534,4.0,44100,16000,fe6d3fdc650b8cbbdfd3666d895663af236f97ac4a518b4235bb92b4ce079586,train
yt_0008_part_133,REAL,C:\Users\Harish\Downloads\AI deepfake detection\AI_VOICE_DEEPFAKE_DETECTION\data\processed\audio\yt_0008_part_133.npy,2.922,4.0,44100,16000,585d3e89e1f5f2327698ff5c603678de3cce0d2503f0e51b645dba72a1c939a4,train
yt_0008_part_134,REAL,C:\Users\Harish\Downloads\AI deepfake detection\AI_VOICE_DEEPFAKE_DETECTION\data\processed\audio\yt_0008_part_134.npy,4.658,4.0,44100,16000,05518c5b48296158775e9695604de302402db6359aa0ca29fd3a6a1ce86cfd9e,train
yt_0008_part_136,REAL,C:\Users\Harish\Downloads\AI deepfake detection\AI_VOICE_DEEPFAKE_DETECTION\data\processed\audio\yt_0008_part_136.npy,8.577,4.0,44100,16000,9c988e7192fae2001ed0702a5fc231d348da21717905c76dd9e951d2e0db3272,train
yt_0008_part_140,REAL,C:\Users\Harish\Downloads\AI deepfake detection\AI_VOICE_DEEPFAKE_DETECTION\data\processed\audio\yt_0008_part_140.npy,5.903,4.0,44100,16000,c5251888262dacdb9b3e4da6b9c89d4c437971fb442709241665591c37e852f8,train
yt_0008_part_151,REAL,C:\Users\Harish\Downloads\AI deepfake detection\AI_VOICE_DEEPFAKE_DETECTION\data\processed\audio\yt_0008_part_151.npy,4.166,4.0,44100,16000,d526e3ef707545e485cd4997e3ff4b34d06f88a2954e46c481702333b739c3e2,train
yt_0008_part_153,REAL,C:\Users\Harish\Downloads\AI deepfake detection\AI_VOICE_DEEPFAKE_DETECTION\data\processed\audio\yt_0008_part_153.npy,7.484,4.0,44100,16000,760ea35e2d0b34df7396a824333916ec28b3616308ec43340e0a2b7510a4a97f,train
yt_0008_part_156,REAL,C:\Users\Harish\Downloads\AI deepfake detection\AI_VOICE_DEEPFAKE_DETECTION\data\processed\audio\yt_0008_part_156.npy,3.439,4.0,44100,16000,8110b62f36616ee5d2857a22dd941c5e414bd665a591f379f5a2b9b43118c116,train
yt_0008_part_160,REAL,C:\Users\Harish\Downloads\AI deepfake detection\AI_VOICE_DEEPFAKE_DETECTION\data\processed\audio\yt_0008_part_160.npy,6.843,4.0,44100,16000,0433e14e5f445f2120659792c29f4ca44fe0dba79bb23fd3b3d3a028148dd4f4,train
yt_0008_part_162,REAL,C:\Users\Harish\Downloads\AI deepfake detection\AI_VOICE_DEEPFAKE_DETECTION\data\processed\audio\yt_0008_part_162.npy,4.078,4.0,44100,16000,2a7cbf21fdf86e33f7906b3648fee7879976f4665667e991dd91ea3824a0a1f7,train
yt_0008_part_164,REAL,C:\Users\Harish\Downloads\AI deepfake detection\AI_VOICE_DEEPFAKE_DETECTION\data\processed\audio\yt_0008_part_164.npy,4.189,4.0,44100,16000,5bc6fd41ebbed018ce430c64cecb64d7408275b195fd35d86523547f354bc806,train
yt_0008_part_166,REAL,C:\Users\Harish\Downloads\AI deepfake detection\AI_VOICE_DEEPFAKE_DETECTION\data\processed\audio\yt_0008_part_166.npy,4.208,4.0,44100,16000,170c438a128c6c2159fde735045a80b32c6c0a8a046b98e064299e4e3449335e,train
yt_0008_part_167,REAL,C:\Users\Harish\Downloads\AI deepfake detection\AI_VOICE_DEEPFAKE_DETECTION\data\processed\audio\yt_0008_part_167.npy,4.676,4.0,44100,16000,ca586441efb4de5529d723e1b28920754ce450e5cb39ea86361896bf78460332,train
yt_0008_part_169,REAL,C:\Users\Harish\Downloads\AI deepfake detection\AI_VOICE_DEEPFAKE_DETECTION\data\processed\audio\yt_0008_part_169.npy,4.149,4.0,44100,16000,6ce031c679ff6fd784f43c3bb160cbc099aca36c46dc5c63a45e2c2c0735e01e,train
yt_0008_part_170,REAL,C:\Users\Harish\Downloads\AI deepfake detection\AI_VOICE_DEEPFAKE_DETECTION\data\processed\audio\yt_0008_part_170.npy,5.014,4.0,44100,16000,17d731b8f5de1a79c53d94ec0bd044f07ffbe2c8ec49dc865905d7e96f8bd519,train
yt_0008_part_180,REAL,C:\Users\Harish\Downloads\AI deepfake detection\AI_VOICE_DEEPFAKE_DETECTION\data\processed\audio\yt_0008_part_180.npy,2.829,4.0,44100,16000,949a6f318d6ef56e9630d878fda061987961e2db59dd070f871018642f3dbec2,train
yt_0008_part_181,REAL,C:\Users\Harish\Downloads\AI deepfake detection\AI_VOICE_DEEPFAKE_DETECTION\data\processed\audio\yt_0008_part_181.npy,12.526,4.0,44100,16000,14a5717bb1514b8f3e03284132d8cc3feffeabdf033ee7189650234f56959e48,train
yt_0008_part_183,REAL,C:\Users\Harish\Downloads\AI deepfake detection\AI_VOICE_DEEPFAKE_DETECTION\data\processed\audio\yt_0008_part_183.npy,3.219,4.0,44100,16000,83547e24864c6d9860ed120f8ce40a246b428d00ccf2d8aa91895c050c400381,train
yt_0008_part_184,REAL,C:\Users\Harish\Downloads\AI deepfake detection\AI_VOICE_DEEPFAKE_DETECTION\data\processed\audio\yt_0008_part_184.npy,7.848,4.0,44100,16000,f910a9d22caa078e1529d27fbefc744edf16439ff023355474cfa2bdae7a078f,train
yt_0008_part_185,REAL,C:\Users\Harish\Downloads\AI deepfake detection\AI_VOICE_DEEPFAKE_DETECTION\data\processed\audio\yt_0008_part_185.npy,5.153,4.0,44100,16000,d83ab480368eef5ea3aa8582b7b80c9d73a7227032470fee6db0e84d6174363e,train
yt_0008_part_186,REAL,C:\Users\Harish\Downloads\AI deepfake detection\AI_VOICE_DEEPFAKE_DETECTION\data\processed\audio\yt_0008_part_186.npy,8.907,4.0,44100,16000,25c289543785e27103284690aeb52ebeb0b7ccb4a26422aba8bcf1865f87823b,train
yt_0008_part_187,REAL,C:\Users\Harish\Downloads\AI deepfake detection\AI_VOICE_DEEPFAKE_DETECTION\data\processed\audio\yt_0008_part_187.npy,3.45,4.0,44100,16000,af6bfc1500d5d0d8097da46cf3946ef82cc91695f2fac6e2b0ed54a593222202,train
yt_0008_part_190,REAL,C:\Users\Harish\Downloads\AI deepfake detection\AI_VOICE_DEEPFAKE_DETECTION\data\processed\audio\yt_0008_part_190.npy,3.155,4.0,44100,16000,860c3b2f770a294521d9be3ca7116b3d58505ccec52403004a4d0751cf026b00,train
yt_0008_part_191,REAL,C:\Users\Harish\Downloads\AI deepfake detection\AI_VOICE_DEEPFAKE_DETECTION\data\processed\audio\yt_0008_part_191.npy,4.183,4.0,44100,16000,163eb69c85b6e5ebb7253008ba1a426733ab892ad8587bbaa6e2cac61380f0d6,train
yt_0008_part_192,REAL,C:\Users\Harish\Downloads\AI deepfake detection\AI_VOICE_DEEPFAKE_DETECTION\data\processed\audio\yt_0008_part_192.npy,7.226,4.0,44100,16000,83cf8ebdfca551a2726716c878e44334b6384148f12cfed6ba205db8080fc178,train
yt_0008_part_195,REAL,C:\Users\Harish\Downloads\AI deepfake detection\AI_VOICE_DEEPFAKE_DETECTION\data\processed\audio\yt_0008_part_195.npy,7.539,4.0,44100,16000,b1527ead42d6972f61f84c9375214a1469425309559533d2345d61ad7a3779cc,train
yt_0008_part_196,REAL,C:\Users\Harish\Downloads\AI deepfake detection\AI_VOICE_DEEPFAKE_DETECTION\data\processed\audio\yt_0008_part_196.npy,6.759,4.0,44100,16000,09e6c586201da083c47b57e1ed5cc6050e4339abf3a73ee6b589253307ef520b,train
yt_0008_part_197,REAL,C:\Users\Harish\Downloads\AI deepfake detection\AI_VOICE_DEEPFAKE_DETECTION\data\processed\audio\yt_0008_part_197.npy,3.165,4.0,44100,16000,aaafc1fbc1245680fe91e5e61fcc3a51c5ec3d8be940b1bd43895da64a390ea6,train
yt_0008_part_200,REAL,C:\Users\Harish\Downloads\AI deepfake detection\AI_VOICE_DEEPFAKE_DETECTION\data\processed\audio\yt_0008_part_200.npy,2.747,4.0,44100,16000,b0c4fc62c8258ebeac1108892d024bd03ff1b0800143493b22b97a3c32d235f1,train
yt_0008_part_204,REAL,C:\Users\Harish\Downloads\AI deepfake detection\AI_VOICE_DEEPFAKE_DETECTION\data\processed\audio\yt_0008_part_204.npy,9.114,4.0,44100,16000,e5921d4eb96a80e611a7000b9010bd73ee047d11a871da533188fd1351b1b35b,train
yt_0008_part_205,REAL,C:\Users\Harish\Downloads\AI deepfake detection\AI_VOICE_DEEPFAKE_DETECTION\data\processed\audio\yt_0008_part_205.npy,7.383,4.0,44100,16000,1abfd39dbbf174cb571b1d7ee491414cdc4a99b3ad1912ee15ed0aec9bc8ce0f,train
yt_0008_part_207,REAL,C:\Users\Harish\Downloads\AI deepfake detection\AI_VOICE_DEEPFAKE_DETECTION\data\processed\audio\yt_0008_part_207.npy,9.262,4.0,44100,16000,6f163da6d9058da8bb1705ccc93bf36090fda64254a264a117acf564dcf1783e,train
yt_0008_part_209,REAL,C:\Users\Harish\Downloads\AI deepfake detection\AI_VOICE_DEEPFAKE_DETECTION\data\processed\audio\yt_0008_part_209.npy,2.791,4.0,44100,16000,80e2c33d3b27db3bfdbd6fbd6d4b48f9d6997cc23f44bc6cf556d6ba5f02c436,train
yt_0008_part_211,REAL,C:\Users\Harish\Downloads\AI deepfake detection\AI_VOICE_DEEPFAKE_DETECTION\data\processed\audio\yt_0008_part_211.npy,4.398,4.0,44100,16000,e4fb03791b7bc648c6bd09dab830a80aff7e10232d7c806ec325107a4636bea3,train
yt_0008_part_212,REAL,C:\Users\Harish\Downloads\AI deepfake detection\AI_VOICE_DEEPFAKE_DETECTION\data\processed\audio\yt_0008_part_212.npy,7.196,4.0,44100,16000,5692868017aba4182477997751b2005fc1ccaf333a9cec8edf3a56e3365096ef,train
yt_0008_part_214,REAL,C:\Users\Harish\Downloads\AI deepfake detection\AI_VOICE_DEEPFAKE_DETECTION\data\processed\audio\yt_0008_part_214.npy,3.531,4.0,44100,16000,4561b682ee76483c33a2a75b903e38fffcabefeadcc201b2320293938050726a,train
yt_0008_part_215,REAL,C:\Users\Harish\Downloads\AI deepfake detection\AI_VOICE_DEEPFAKE_DETECTION\data\processed\audio\yt_0008_part_215.npy,6.452,4.0,44100,16000,0a7aa320175dfd4477ee74fc8e252030d4e4c0330208c54f559f12b3bf30cecd,train
yt_0008_part_217,REAL,C:\Users\Harish\Downloads\AI deepfake detection\AI_VOICE_DEEPFAKE_DETECTION\data\processed\audio\yt_0008_part_217.npy,4.18,4.0,44100,16000,378795cd2c592b92afbffd4e45d3e4270ef6f07e7c4b66caff579a34b5ede0c2,train
yt_0008_part_218,REAL,C:\Users\Harish\Downloads\AI deepfake detection\AI_VOICE_DEEPFAKE_DETECTION\data\processed\audio\yt_0008_part_218.npy,4.048,4.0,44100,16000,501630da0f2510fba1502079c27d27c812e38aaa1f125c9b0bdffc995fe4a4f3,train
yt_0008_part_220,REAL,C:\Users\Harish\Downloads\AI deepfake detection\AI_VOICE_DEEPFAKE_DETECTION\data\processed\audio\yt_0008_part_220.npy,3.061,4.0,44100,16000,8f1dc24fea683600e389af99b6bcd9bb48e3dde41bfebf3cf49203b422e3bb87,train
yt_0008_part_225,REAL,C:\Users\Harish\Downloads\AI deepfake detection\AI_VOICE_DEEPFAKE_DETECTION\data\processed\audio\yt_0008_part_225.npy,9.952,4.0,44100,16000,37b991c02fe4d52ed1995bdf8ba27a12ed96522031388869c1b54ba67572cc2f,train
yt_0008_part_228,REAL,C:\Users\Harish\Downloads\AI deepfake detection\AI_VOICE_DEEPFAKE_DETECTION\data\processed\audio\yt_0008_part_228.npy,4.482,4.0,44100,16000,47bc8cdf051895f82fa3fadbf8b74f548c8618444ef6dbaa4806aac2e9541d8b,train
yt_0008_part_229,REAL,C:\Users\Harish\Downloads\AI deepfake detection\AI_VOICE_DEEPFAKE_DETECTION\data\processed\audio\yt_0008_part_229.npy,3.822,4.0,44100,16000,d631a067522ef20c9855979abd745f4a6fd24b38b6da2089cdb64eb41a6f180b,train
yt_0008_part_233,REAL,C:\Users\Harish\Downloads\AI deepfake detection\AI_VOICE_DEEPFAKE_DETECTION\data\processed\audio\yt_0008_part_233.npy,4.603,4.0,44100,16000,6654fee32e56de90a0f2c9ade2dce07ca15209b5c1ab50562ad4f5eb881e4611,train
yt_0008_part_240,REAL,C:\Users\Harish\Downloads\AI deepfake detection\AI_VOICE_DEEPFAKE_DETECTION\data\processed\audio\yt_0008_part_240.npy,5.919,4.0,44100,16000,ff2544a7e6ddfd50a21a5d98ae909db5777efa083f11cf82048abd88a2ccb659,train
yt_0008_part_241,REAL,C:\Users\Harish\Downloads\AI deepfake detection\AI_VOICE_DEEPFAKE_DETECTION\data\processed\audio\yt_0008_part_241.npy,2.779,4.0,44100,16000,193d78fcc471cbe8cb94557be62a1137a79a61734bf1fe1c9030d1645906e13c,train
yt_0008_part_245,REAL,C:\Users\Harish\Downloads\AI deepfake detection\AI_VOICE_DEEPFAKE_DETECTION\data\processed\audio\yt_0008_part_245.npy,3.442,4.0,44100,16000,ca3a0dd815122cb61dee099774392f15197001adb5ae831de0b7ef3e72e71b7e,train
yt_0008_part_247,REAL,C:\Users\Harish\Downloads\AI deepfake detection\AI_VOICE_DEEPFAKE_DETECTION\data\processed\audio\yt_0008_part_247.npy,2.652,4.0,44100,16000,85dba000f23198c3d4506b7b708be60c263c2710ba20d2e815a72057b4a9182d,train
yt_0008_part_250,REAL,C:\Users\Harish\Downloads\AI deepfake detection\AI_VOICE_DEEPFAKE_DETECTION\data\processed\audio\yt_0008_part_250.npy,8.821,4.0,44100,16000,85aad54dad42087aa47513d8631f9b75738785d4ad12317fcad67c832880d2f1,train
yt_0008_part_252,REAL,C:\Users\Harish\Downloads\AI deepfake detection\AI_VOICE_DEEPFAKE_DETECTION\data\processed\audio\yt_0008_part_252.npy,2.611,4.0,44100,16000,836aaefdb60b4b3435d1e0a793d93b1e146e88e39e737aebacc5b44f527ae414,train
yt_0008_part_253,REAL,C:\Users\Harish\Downloads\AI deepfake detection\AI_VOICE_DEEPFAKE_DETECTION\data\processed\audio\yt_0008_part_253.npy,3.268,4.0,44100,16000,7b2654d531e49845e1d500b29cbb451f912d409bd57b229ca1c8ffa164259c35,train
yt_0008_part_256,REAL,C:\Users\Harish\Downloads\AI deepfake detection\AI_VOICE_DEEPFAKE_DETECTION\data\processed\audio\yt_0008_part_256.npy,3.483,4.0,44100,16000,8d0d2e858ca169ec7d12efe1cc478b1d4fff7b72ce438c836b9ecb3577f5dcfe,train
yt_0009_p2_part_276,REAL,C:\Users\Harish\Downloads\AI deepfake detection\AI_VOICE_DEEPFAKE_DETECTION\data\processed\audio\yt_0009_p2_part_276.npy,7.422,4.0,44100,16000,faaed78d60c407d0baf649c665aab6c2cf139ed10c583ef9a7342dfb0568cd80,train
yt_0009_p2_part_277,REAL,C:\Users\Harish\Downloads\AI deepfake detection\AI_VOICE_DEEPFAKE_DETECTION\data\processed\audio\yt_0009_p2_part_277.npy,7.422,4.0,44100,16000,f89c4aed27fd97bac967585cb6b3dd231fbea6d6c9b891ef23ab6fb6578b70db,train
yt_0009_p2_part_279,REAL,C:\Users\Harish\Downloads\AI deepfake detection\AI_VOICE_DEEPFAKE_DETECTION\data\processed\audio\yt_0009_p2_part_279.npy,5.522,4.0,44100,16000,9ac1ee8c0bbaea4af1030009546c2499de4a6425196db318f560f67413d4993e,train
yt_0009_p2_part_282,REAL,C:\Users\Harish\Downloads\AI deepfake detection\AI_VOICE_DEEPFAKE_DETECTION\data\processed\audio\yt_0009_p2_part_282.npy,5.833,4.0,44100,16000,a36023eff0e8bfa86ffe2fba5b50b72ea1bf97774104ee99d354087a0465d28f,train
yt_0009_part_003,REAL,C:\Users\Harish\Downloads\AI deepfake detection\AI_VOICE_DEEPFAKE_DETECTION\data\processed\audio\yt_0009_part_003.npy,5.257,4.0,44100,16000,a33392a3634474d7181864d33e944187f35e5c9077a7ac0fe72d1689f3afbb70,train
yt_0009_part_004,REAL,C:\Users\Harish\Downloads\AI deepfake detection\AI_VOICE_DEEPFAKE_DETECTION\data\processed\audio\yt_0009_part_004.npy,4.803,4.0,44100,16000,dc00b3028e82b42ce4a371168c16a324eafaf3f1e3035abfc82f3e1b104dcec9,train
yt_0009_part_007,REAL,C:\Users\Harish\Downloads\AI deepfake detection\AI_VOICE_DEEPFAKE_DETECTION\data\processed\audio\yt_0009_part_007.npy,3.556,4.0,44100,16000,a80c87a00389c89153a79f9daa2b1a4186003c32851ce05cb85b069cd8af0f3a,train
yt_0009_part_014,REAL,C:\Users\Harish\Downloads\AI deepfake detection\AI_VOICE_DEEPFAKE_DETECTION\data\processed\audio\yt_0009_part_014.npy,2.88,4.0,44100,16000,f26eb8810591d404a4c627421bd8e6272ad1127b311d50e6caf64617c8bde577,train
yt_0009_part_015,REAL,C:\Users\Harish\Downloads\AI deepfake detection\AI_VOICE_DEEPFAKE_DETECTION\data\processed\audio\yt_0009_part_015.npy,4.648,4.0,44100,16000,076af99abe3621c11368ff39b05a4cf746df15d503549c15796baa8f45ecfeff,train
yt_0009_part_016,REAL,C:\Users\Harish\Downloads\AI deepfake detection\AI_VOICE_DEEPFAKE_DETECTION\data\processed\audio\yt_0009_part_016.npy,2.505,4.0,44100,16000,cd676dadf180a457e98b93cd2caae41302153cc8cd3a468aa266db2afa0b68c9,train
yt_0009_part_017,REAL,C:\Users\Harish\Downloads\AI deepfake detection\AI_VOICE_DEEPFAKE_DETECTION\data\processed\audio\yt_0009_part_017.npy,5.103,4.0,44100,16000,6a222d893fa2272bce993131a95c8d31a8bc4032095cef200b7f712a05fe5f0f,train
yt_0009_part_018,REAL,C:\Users\Harish\Downloads\AI deepfake detection\AI_VOICE_DEEPFAKE_DETECTION\data\processed\audio\yt_0009_part_018.npy,5.754,4.0,44100,16000,55133c7f1b9c1cc45700af3562fb16df5fc2fe31cde73e677eb0a5db90f63d20,train
yt_0009_part_019,REAL,C:\Users\Harish\Downloads\AI deepfake detection\AI_VOICE_DEEPFAKE_DETECTION\data\processed\audio\yt_0009_part_019.npy,2.721,4.0,44100,16000,0c52e05a7558fb309f166232ad3bc5b7f5e1a03f2d5b7a1245dd6393a884e719,train
yt_0009_part_022,REAL,C:\Users\Harish\Downloads\AI deepfake detection\AI_VOICE_DEEPFAKE_DETECTION\data\processed\audio\yt_0009_part_022.npy,3.286,4.0,44100,16000,06441e8d7ff9bc1d8ce9b7a664e09625d83b1ef6999863ac9f7e7cf307417fd1,train
yt_0009_part_024,REAL,C:\Users\Harish\Downloads\AI deepfake detection\AI_VOICE_DEEPFAKE_DETECTION\data\processed\audio\yt_0009_part_024.npy,6.269,4.0,44100,16000,f11a47cad4018b6b7ef126439884752bdc74b4731779cc925881513bbd416022,train
yt_0009_part_025,REAL,C:\Users\Harish\Downloads\AI deepfake detection\AI_VOICE_DEEPFAKE_DETECTION\data\processed\audio\yt_0009_part_025.npy,4.842,4.0,44100,16000,22ba56e6e13c9c51470bd0dca9046fe5ca182b7834eb912af00676c599a6bc81,train
yt_0009_part_028,REAL,C:\Users\Harish\Downloads\AI deepfake detection\AI_VOICE_DEEPFAKE_DETECTION\data\processed\audio\yt_0009_part_028.npy,5.115,4.0,44100,16000,6f0036170c2d6e06f143a3d3f1752824d225310dead7dda2b591af28813aa07b,train
yt_0009_part_032,REAL,C:\Users\Harish\Downloads\AI deepfake detection\AI_VOICE_DEEPFAKE_DETECTION\data\processed\audio\yt_0009_part_032.npy,4.499,4.0,44100,16000,5bd4a0b07cdc50eb067129e8f26ae62d6b01b403863b69cddbec97a668913850,train
yt_0009_part_035,REAL,C:\Users\Harish\Downloads\AI deepfake detection\AI_VOICE_DEEPFAKE_DETECTION\data\processed\audio\yt_0009_part_035.npy,3.848,4.0,44100,16000,2235a1361a6aa9790bd8ce7c0dd544f3c0e105c5f4ec7a9776cf703e88e799eb,train
yt_0009_part_036,REAL,C:\Users\Harish\Downloads\AI deepfake detection\AI_VOICE_DEEPFAKE_DETECTION\data\processed\audio\yt_0009_part_036.npy,5.544,4.0,44100,16000,7f3c3765062803997afbcbd246bd67bcb6e85526f8f3bf5a96acc185fae22d25,train
yt_0009_part_037,REAL,C:\Users\Harish\Downloads\AI deepfake detection\AI_VOICE_DEEPFAKE_DETECTION\data\processed\audio\yt_0009_part_037.npy,2.833,4.0,44100,16000,a5c161f408286db214dd372972389b473ae2eb815b81016e6c89207cd1401cae,train
yt_0009_part_039,REAL,C:\Users\Harish\Downloads\AI deepfake detection\AI_VOICE_DEEPFAKE_DETECTION\data\processed\audio\yt_0009_part_039.npy,3.051,4.0,44100,16000,b2be765fb8bf4694f55e430d1e3056f0855e826058a5e628d3f06c60555a2e73,train
yt_0009_part_045,REAL,C:\Users\Harish\Downloads\AI deepfake detection\AI_VOICE_DEEPFAKE_DETECTION\data\processed\audio\yt_0009_part_045.npy,2.752,4.0,44100,16000,60f52752bedcd404c8f549c349d25f0a176ba89a9e311d7e846aef26353c3a6a,train
yt_0009_part_047,REAL,C:\Users\Harish\Downloads\AI deepfake detection\AI_VOICE_DEEPFAKE_DETECTION\data\processed\audio\yt_0009_part_047.npy,4.729,4.0,44100,16000,22e0d5231ca2824c0015362e9f074fafead437481ab9ca0b025818b6a41acf16,train
yt_0009_part_052,REAL,C:\Users\Harish\Downloads\AI deepfake detection\AI_VOICE_DEEPFAKE_DETECTION\data\processed\audio\yt_0009_part_052.npy,3.469,4.0,44100,16000,9b1770007176ba2c0b71b57aa96f5c64fc5395abc50d644ab9245de6fdb41885,train
yt_0009_part_054,REAL,C:\Users\Harish\Downloads\AI deepfake detection\AI_VOICE_DEEPFAKE_DETECTION\data\processed\audio\yt_0009_part_054.npy,2.888,4.0,44100,16000,7103ce0f8b76b26ff88b12985cb8b001f5ad2ac9c9248968d25e333a8adf8026,train
yt_0009_part_055,REAL,C:\Users\Harish\Downloads\AI deepfake detection\AI_VOICE_DEEPFAKE_DETECTION\data\processed\audio\yt_0009_part_055.npy,3.581,4.0,44100,16000,090e9a8533b6018c9dd0f8b751d04cecfb2f64db7e8ecb2ccbc2d83faef169a7,train
yt_0009_part_057,REAL,C:\Users\Harish\Downloads\AI deepfake detection\AI_VOICE_DEEPFAKE_DETECTION\data\processed\audio\yt_0009_part_057.npy,5.156,4.0,44100,16000,71733e531e35d57a0c4de405ed62f85aaaca5998a9d1f7f680cb8fc6486a97f7,train
yt_0009_part_060,REAL,C:\Users\Harish\Downloads\AI deepfake detection\AI_VOICE_DEEPFAKE_DETECTION\data\processed\audio\yt_0009_part_060.npy,2.78,4.0,44100,16000,d8fced0b46508167f76a78b72de452f0aa447d2107f59cb123ca9d3cf4d83e70,train
yt_0009_part_063,REAL,C:\Users\Harish\Downloads\AI deepfake detection\AI_VOICE_DEEPFAKE_DETECTION\data\processed\audio\yt_0009_part_063.npy,4.452,4.0,44100,16000,2e2e46434ced5103f0711637907fedf9abc751a2c7d06e9f9a49644d84b42bfb,train
yt_0009_part_065,REAL,C:\Users\Harish\Downloads\AI deepfake detection\AI_VOICE_DEEPFAKE_DETECTION\data\processed\audio\yt_0009_part_065.npy,6.574,4.0,44100,16000,d3d2d49cf6e3723bc0ce3c5a8d47d337b810e0e0a10bd435d73ea678f642c05f,train
yt_0009_part_066,REAL,C:\Users\Harish\Downloads\AI deepfake detection\AI_VOICE_DEEPFAKE_DETECTION\data\processed\audio\yt_0009_part_066.npy,3.387,4.0,44100,16000,9476c274ad2a5f3495120bfa84116484c3597210a094998d4931befa655d3f96,train
yt_0009_part_067,REAL,C:\Users\Harish\Downloads\AI deepfake detection\AI_VOICE_DEEPFAKE_DETECTION\data\processed\audio\yt_0009_part_067.npy,3.218,4.0,44100,16000,a1cfd37dd2bbcd0bcd428e0abce0476a05b9ffadb7a889c530c7724ca3f53ce0,train
yt_0009_part_068,REAL,C:\Users\Harish\Downloads\AI deepfake detection\AI_VOICE_DEEPFAKE_DETECTION\data\processed\audio\yt_0009_part_068.npy,4.271,4.0,44100,16000,aefad0499d814d9e7e5c467e003c0b0a9eb6e899c1a9ac9baf8026467244cbc0,train
yt_0009_part_069,REAL,C:\Users\Harish\Downloads\AI deepfake detection\AI_VOICE_DEEPFAKE_DETECTION\data\processed\audio\yt_0009_part_069.npy,3.009,4.0,44100,16000,2732f955fc9d616bf32a141722b92820db80be14ed9b215fab1aeec0a9a003a4,train
yt_0009_part_070,REAL,C:\Users\Harish\Downloads\AI deepfake detection\AI_VOICE_DEEPFAKE_DETECTION\data\processed\audio\yt_0009_part_070.npy,3.247,4.0,44100,16000,dcd029b60318f1c0f056af16b076c6780b8f25556ab297725ab3856b58980e60,train
yt_0009_part_071,REAL,C:\Users\Harish\Downloads\AI deepfake detection\AI_VOICE_DEEPFAKE_DETECTION\data\processed\audio\yt_0009_part_071.npy,3.03,4.0,44100,16000,86a7bb202b3d84af4b7106333568a7be97bf44ed747cfe7ca3dea2d8983a2923,train
yt_0009_part_073,REAL,C:\Users\Harish\Downloads\AI deepfake detection\AI_VOICE_DEEPFAKE_DETECTION\data\processed\audio\yt_0009_part_073.npy,4.484,4.0,44100,16000,f7705e9f2059b37f5b15e197e4bd08bb0091fc65f37b1819689f285b016f34c5,train
yt_0009_part_074,REAL,C:\Users\Harish\Downloads\AI deepfake detection\AI_VOICE_DEEPFAKE_DETECTION\data\processed\audio\yt_0009_part_074.npy,3.697,4.0,44100,16000,18bef55f8336f7e741bde2f158eb977bf7a647021beef852c6a10a3a1842a8ee,train
yt_0009_part_076,REAL,C:\Users\Harish\Downloads\AI deepfake detection\AI_VOICE_DEEPFAKE_DETECTION\data\processed\audio\yt_0009_part_076.npy,3.496,4.0,44100,16000,5623ef7c039f8f80b5c3e0da2f63886232c86d2e484a4e026102c6d1b1a13025,train
yt_0009_part_077,REAL,C:\Users\Harish\Downloads\AI deepfake detection\AI_VOICE_DEEPFAKE_DETECTION\data\processed\audio\yt_0009_part_077.npy,4.569,4.0,44100,16000,db667ff4fc10483c2bfaf06c012598dcc27e2d785a7c82875efa933a9a200086,train
yt_0009_part_078,REAL,C:\Users\Harish\Downloads\AI deepfake detection\AI_VOICE_DEEPFAKE_DETECTION\data\processed\audio\yt_0009_part_078.npy,3.38,4.0,44100,16000,e88a94a28d36c633fa6166ad357befca725a10ede12cb1e0bbc7b74c0da55b01,train
yt_0009_part_084,REAL,C:\Users\Harish\Downloads\AI deepfake detection\AI_VOICE_DEEPFAKE_DETECTION\data\processed\audio\yt_0009_part_084.npy,5.681,4.0,44100,16000,a0d3110382154bf6d06a2bca11e212b6b170e2a18b682747919f67ab72294c3f,train
yt_0009_part_087,REAL,C:\Users\Harish\Downloads\AI deepfake detection\AI_VOICE_DEEPFAKE_DETECTION\data\processed\audio\yt_0009_part_087.npy,2.969,4.0,44100,16000,e734bd61f0c7352467626c2e39a4a06c870559a1fd6c6b79660a749c8357c026,train
yt_0009_part_090,REAL,C:\Users\Harish\Downloads\AI deepfake detection\AI_VOICE_DEEPFAKE_DETECTION\data\processed\audio\yt_0009_part_090.npy,3.029,4.0,44100,16000,7ebb2c1259ffe6d1dbe50cd4ecf478bfc41ea5861cc14b8f333c108d61e8035c,train
yt_0009_part_092,REAL,C:\Users\Harish\Downloads\AI deepfake detection\AI_VOICE_DEEPFAKE_DETECTION\data\processed\audio\yt_0009_part_092.npy,2.71,4.0,44100,16000,ac872b643044d7c37c976c8563dbd1fe1239d162698948d15322fd695a68d198,train
yt_0009_part_093,REAL,C:\Users\Harish\Downloads\AI deepfake detection\AI_VOICE_DEEPFAKE_DETECTION\data\processed\audio\yt_0009_part_093.npy,2.881,4.0,44100,16000,7072f1c45c69358dcff0706d27d15cc1bde40fe53214658d8cafa6df2b1ea8e9,train
yt_0009_part_100,REAL,C:\Users\Harish\Downloads\AI deepfake detection\AI_VOICE_DEEPFAKE_DETECTION\data\processed\audio\yt_0009_part_100.npy,3.741,4.0,44100,16000,c0026c151b97a74276ff1cdceb39f96a6b7a0b336aeb2ab868cfaedc905b195b,train
yt_0009_part_102,REAL,C:\Users\Harish\Downloads\AI deepfake detection\AI_VOICE_DEEPFAKE_DETECTION\data\processed\audio\yt_0009_part_102.npy,4.214,4.0,44100,16000,962ebce32084f3efb4c5a29744844bf7ef06121656be112c7921ccfc14516997,train
yt_0009_part_103,REAL,C:\Users\Harish\Downloads\AI deepfake detection\AI_VOICE_DEEPFAKE_DETECTION\data\processed\audio\yt_0009_part_103.npy,2.557,4.0,44100,16000,577fe6c158cd8858eef5172647531561446ef915031addb9c37cf775156f7c37,train
yt_0009_part_104,REAL,C:\Users\Harish\Downloads\AI deepfake detection\AI_VOICE_DEEPFAKE_DETECTION\data\processed\audio\yt_0009_part_104.npy,7.126,4.0,44100,16000,a1dd6dbd4035980950ef480efb1ce16f740167f9eec9d0045e7bfed973e3e50f,train
yt_0009_part_105,REAL,C:\Users\Harish\Downloads\AI deepfake detection\AI_VOICE_DEEPFAKE_DETECTION\data\processed\audio\yt_0009_part_105.npy,3.595,4.0,44100,16000,8334891df6fb9ada159d08575f7a4b3c0db3b38dce8bc8fdba16dd1e06849895,train
yt_0009_part_107,REAL,C:\Users\Harish\Downloads\AI deepfake detection\AI_VOICE_DEEPFAKE_DETECTION\data\processed\audio\yt_0009_part_107.npy,4.269,4.0,44100,16000,5c86e7f46bf2681ae542fb9aabc4c561c26a1882fa1c547a65b57fc9c3d11e3e,train
yt_0009_part_110,REAL,C:\Users\Harish\Downloads\AI deepfake detection\AI_VOICE_DEEPFAKE_DETECTION\data\processed\audio\yt_0009_part_110.npy,3.355,4.0,44100,16000,3af9cca3acaca10bc4a9fd300c9836b9ba4701cf386d00ad8d5eac6bc068842c,train
yt_0009_part_112,REAL,C:\Users\Harish\Downloads\AI deepfake detection\AI_VOICE_DEEPFAKE_DETECTION\data\processed\audio\yt_0009_part_112.npy,3.293,4.0,44100,16000,439d6ec37554b7905b31b6ee2905ce4f7c000f9391b5b01bfb0bae7b074a013c,train
yt_0009_part_114,REAL,C:\Users\Harish\Downloads\AI deepfake detection\AI_VOICE_DEEPFAKE_DETECTION\data\processed\audio\yt_0009_part_114.npy,3.553,4.0,44100,16000,86c4a58bb419045ab4e6d81e39c28c004c83d74220423421f2972b73cc3db4a8,train
yt_0009_part_117,REAL,C:\Users\Harish\Downloads\AI deepfake detection\AI_VOICE_DEEPFAKE_DETECTION\data\processed\audio\yt_0009_part_117.npy,3.337,4.0,44100,16000,a79c64d8a0c5d3ea582fa1a7308306fc7d6a975094ad9032dc5311065201ab5c,train
yt_0009_part_118,REAL,C:\Users\Harish\Downloads\AI deepfake detection\AI_VOICE_DEEPFAKE_DETECTION\data\processed\audio\yt_0009_part_118.npy,4.134,4.0,44100,16000,5a4b4ce784eb4a4e358fe707d6e3fa7b91e1d240cbf6cdb1c369087b1aba4101,train
yt_0009_part_119,REAL,C:\Users\Harish\Downloads\AI deepfake detection\AI_VOICE_DEEPFAKE_DETECTION\data\processed\audio\yt_0009_part_119.npy,4.558,4.0,44100,16000,6323dcef585e4c8d4292e0ed3c195781d6989cd296811c5e2da8d290585808a6,train
yt_0009_part_120,REAL,C:\Users\Harish\Downloads\AI deepfake detection\AI_VOICE_DEEPFAKE_DETECTION\data\processed\audio\yt_0009_part_120.npy,4.001,4.0,44100,16000,72c4e9f07843fe0ca7f8f9f95df1c448ed6411cd7630f173f5fa6268dfe08d9b,train
yt_0009_part_121,REAL,C:\Users\Harish\Downloads\AI deepfake detection\AI_VOICE_DEEPFAKE_DETECTION\data\processed\audio\yt_0009_part_121.npy,3.432,4.0,44100,16000,9b56a3447d451c22580127ebe0a0cd31dbe123f563d383ec971f66abf9c2d002,train
yt_0009_part_122,REAL,C:\Users\Harish\Downloads\AI deepfake detection\AI_VOICE_DEEPFAKE_DETECTION\data\processed\audio\yt_0009_part_122.npy,3.937,4.0,44100,16000,12a81a495598e219b13d9fb7172b113df4436a5fb603eee14b94af5d4d6ce163,train
yt_0009_part_127,REAL,C:\Users\Harish\Downloads\AI deepfake detection\AI_VOICE_DEEPFAKE_DETECTION\data\processed\audio\yt_0009_part_127.npy,2.529,4.0,44100,16000,58e0b534832dcc5559156515a80171758fd63924ba0a7911d11ca94bbcdc560c,train
yt_0009_part_128,REAL,C:\Users\Harish\Downloads\AI deepfake detection\AI_VOICE_DEEPFAKE_DETECTION\data\processed\audio\yt_0009_part_128.npy,4.527,4.0,44100,16000,6195a8c26628d8b66d2699c277764291f5a2db20d8ee1987d7b64e54dc52768f,train
yt_0009_part_134,REAL,C:\Users\Harish\Downloads\AI deepfake detection\AI_VOICE_DEEPFAKE_DETECTION\data\processed\audio\yt_0009_part_134.npy,4.513,4.0,44100,16000,e5fc5468b1d4501813b62e968b748d581e2d156a3396a3be46ef50e22c43273d,train
yt_0009_part_136,REAL,C:\Users\Harish\Downloads\AI deepfake detection\AI_VOICE_DEEPFAKE_DETECTION\data\processed\audio\yt_0009_part_136.npy,5.908,4.0,44100,16000,e77861b18e22080759859c3067c1f44a114111ec93d0637ccc63bae8564cfab7,train
yt_0009_part_138,REAL,C:\Users\Harish\Downloads\AI deepfake detection\AI_VOICE_DEEPFAKE_DETECTION\data\processed\audio\yt_0009_part_138.npy,3.255,4.0,44100,16000,740b02be53d68ee817871d635dfee1c0c90d0538daa707a7563d8c9c65875db7,train
yt_0009_part_139,REAL,C:\Users\Harish\Downloads\AI deepfake detection\AI_VOICE_DEEPFAKE_DETECTION\data\processed\audio\yt_0009_part_139.npy,6.673,4.0,44100,16000,461257e7c94ace81c495b882b4ce520235cff1b195851be5a06ee6322be90d80,train
yt_0009_part_143,REAL,C:\Users\Harish\Downloads\AI deepfake detection\AI_VOICE_DEEPFAKE_DETECTION\data\processed\audio\yt_0009_part_143.npy,2.848,4.0,44100,16000,944dc54076313bee88039c9493fab840c97a3eef13862ae44ccaf835bef82892,train
yt_0009_part_144,REAL,C:\Users\Harish\Downloads\AI deepfake detection\AI_VOICE_DEEPFAKE_DETECTION\data\processed\audio\yt_0009_part_144.npy,2.746,4.0,44100,16000,b6d102ce34acbc73b41ad55061ccbfc36766f78713e84aae477df883979059c4,train
yt_0009_part_150,REAL,C:\Users\Harish\Downloads\AI deepfake detection\AI_VOICE_DEEPFAKE_DETECTION\data\processed\audio\yt_0009_part_150.npy,3.77,4.0,44100,16000,f410d146801e5732b0f2ce67f6f5b88d12ec4edb62d1302ad13b7759adc31687,train
yt_0009_part_152,REAL,C:\Users\Harish\Downloads\AI deepfake detection\AI_VOICE_DEEPFAKE_DETECTION\data\processed\audio\yt_0009_part_152.npy,5.156,4.0,44100,16000,f28fa8e31a9ef0e1ad237ed5b893842b3b8d3c70686073da36c4ec1a9914fa36,train
yt_0009_part_153,REAL,C:\Users\Harish\Downloads\AI deepfake detection\AI_VOICE_DEEPFAKE_DETECTION\data\processed\audio\yt_0009_part_153.npy,9.454,4.0,44100,16000,58437eafc7f4a675d76e022420324c31bb910aae64f93e8e4ef6577082b0f682,train
yt_0009_part_157,REAL,C:\Users\Harish\Downloads\AI deepfake detection\AI_VOICE_DEEPFAKE_DETECTION\data\processed\audio\yt_0009_part_157.npy,2.925,4.0,44100,16000,bf857394768aff18c5f6f82b826102113ed1e9062d80c89d9e31db0714ef0fb3,train
yt_0009_part_161,REAL,C:\Users\Harish\Downloads\AI deepfake detection\AI_VOICE_DEEPFAKE_DETECTION\data\processed\audio\yt_0009_part_161.npy,4.608,4.0,44100,16000,be4f6e573e2861172b511cb680936b9b1aa3b52d27c20e2e13bc4755be361af2,train
yt_0009_part_164,REAL,C:\Users\Harish\Downloads\AI deepfake detection\AI_VOICE_DEEPFAKE_DETECTION\data\processed\audio\yt_0009_part_164.npy,3.761,4.0,44100,16000,ec6a00bcfc0aa1e12918e2665d697ddcdbafb357f625947cdc8fdb12434db88d,train
yt_0009_part_166,REAL,C:\Users\Harish\Downloads\AI deepfake detection\AI_VOICE_DEEPFAKE_DETECTION\data\processed\audio\yt_0009_part_166.npy,3.642,4.0,44100,16000,60f099b458c1601a2315c8336c9ed63016ac0a38961753efc99cc33cc250ebd9,train
yt_0009_part_167,REAL,C:\Users\Harish\Downloads\AI deepfake detection\AI_VOICE_DEEPFAKE_DETECTION\data\processed\audio\yt_0009_part_167.npy,2.763,4.0,44100,16000,52a52807e6f1168df612c3bbb63473a833fb584312f56d04bedfcf9820c067fe,train
yt_0009_part_168,REAL,C:\Users\Harish\Downloads\AI deepfake detection\AI_VOICE_DEEPFAKE_DETECTION\data\processed\audio\yt_0009_part_168.npy,4.395,4.0,44100,16000,bb7790f390996341a9aa59194f5e5b884943800dae156e136639335396682a5f,train
yt_0009_part_173,REAL,C:\Users\Harish\Downloads\AI deepfake detection\AI_VOICE_DEEPFAKE_DETECTION\data\processed\audio\yt_0009_part_173.npy,5.808,4.0,44100,16000,aa5c8aac2850118e66b2ff66bef7e02754cd69a854e18c194a5bf1c7808df87a,train
yt_0009_part_174,REAL,C:\Users\Harish\Downloads\AI deepfake detection\AI_VOICE_DEEPFAKE_DETECTION\data\processed\audio\yt_0009_part_174.npy,4.478,4.0,44100,16000,d9db423b556f593451f7c9835b80856849404c941b3b546c2e1bba8e420cec2b,train
yt_0009_part_175,REAL,C:\Users\Harish\Downloads\AI deepfake detection\AI_VOICE_DEEPFAKE_DETECTION\data\processed\audio\yt_0009_part_175.npy,3.175,4.0,44100,16000,2019e29579ed4ec1c4ea75fbfa3f3250395c6bd7d0a5afcbe1e600ca7ed763dd,train
yt_0009_part_182,REAL,C:\Users\Harish\Downloads\AI deepfake detection\AI_VOICE_DEEPFAKE_DETECTION\data\processed\audio\yt_0009_part_182.npy,2.858,4.0,44100,16000,a356bd87dde59aad29ef33c51ee09bac72d90c4ee0fa8eb3b67efd626c061bf5,train
yt_0009_part_186,REAL,C:\Users\Harish\Downloads\AI deepfake detection\AI_VOICE_DEEPFAKE_DETECTION\data\processed\audio\yt_0009_part_186.npy,6.009,4.0,44100,16000,9e2031cb80764167a3bf3a773e6c63eebc390c2f85ec2e26b337cc99a6749b36,train
yt_0009_part_190,REAL,C:\Users\Harish\Downloads\AI deepfake detection\AI_VOICE_DEEPFAKE_DETECTION\data\processed\audio\yt_0009_part_190.npy,5.367,4.0,44100,16000,3fa93b6feed663128fcc9b9158d608f5b5bc7184bcdfb835d58fd5f4bbb8bab6,train
yt_0009_part_192,REAL,C:\Users\Harish\Downloads\AI deepfake detection\AI_VOICE_DEEPFAKE_DETECTION\data\processed\audio\yt_0009_part_192.npy,3.0,4.0,44100,16000,5bd676c42a8871ef9bf5dbe39d9c6fc44b673e6a3f89924e65aa08f1c7da7dd9,train
yt_0009_part_195,REAL,C:\Users\Harish\Downloads\AI deepfake detection\AI_VOICE_DEEPFAKE_DETECTION\data\processed\audio\yt_0009_part_195.npy,3.074,4.0,44100,16000,ae29310ca106237c59f71a58ede39135b4e0c318eabae5c74172cc7722efbf0c,train
yt_0009_part_197,REAL,C:\Users\Harish\Downloads\AI deepfake detection\AI_VOICE_DEEPFAKE_DETECTION\data\processed\audio\yt_0009_part_197.npy,3.285,4.0,44100,16000,2541fa76168534bc95d4948bdc6a26a4d6618651cd541584161c44c52e4767b6,train
yt_0009_part_198,REAL,C:\Users\Harish\Downloads\AI deepfake detection\AI_VOICE_DEEPFAKE_DETECTION\data\processed\audio\yt_0009_part_198.npy,5.542,4.0,44100,16000,ae80104d2c8e4b80694cb4f5e8b6a1d0d9ba50a022d841201fb56da8d9c5e36c,train
yt_0009_part_199,REAL,C:\Users\Harish\Downloads\AI deepfake detection\AI_VOICE_DEEPFAKE_DETECTION\data\processed\audio\yt_0009_part_199.npy,3.209,4.0,44100,16000,1b7a1ba06bef1c346673e36fc8a81dee6c0160090066f7bc87fe337d6371b44a,train
yt_0009_part_209,REAL,C:\Users\Harish\Downloads\AI deepfake detection\AI_VOICE_DEEPFAKE_DETECTION\data\processed\audio\yt_0009_part_209.npy,3.473,4.0,44100,16000,73795f7ffef3ce1fb4782ebb840c47e7998884c6e6224cadcb5bee43596ae049,train
yt_0009_part_213,REAL,C:\Users\Harish\Downloads\AI deepfake detection\AI_VOICE_DEEPFAKE_DETECTION\data\processed\audio\yt_0009_part_213.npy,6.934,4.0,44100,16000,4e0739aaec2e0d534d04a129a70388aceee7b221965a3ec027e805fc04799d60,train
yt_0009_part_214,REAL,C:\Users\Harish\Downloads\AI deepfake detection\AI_VOICE_DEEPFAKE_DETECTION\data\processed\audio\yt_0009_part_214.npy,3.399,4.0,44100,16000,c60f4c3190b2bbcae2192c07e2e7405dae03d7368e4a0d9774e86c3daf8d98a0,train
yt_0009_part_216,REAL,C:\Users\Harish\Downloads\AI deepfake detection\AI_VOICE_DEEPFAKE_DETECTION\data\processed\audio\yt_0009_part_216.npy,2.783,4.0,44100,16000,13deab9e5f16c163a42966b2b9296b41c974ac3a9ebd11f0996cf77597c81486,train
yt_0009_part_218,REAL,C:\Users\Harish\Downloads\AI deepfake detection\AI_VOICE_DEEPFAKE_DETECTION\data\processed\audio\yt_0009_part_218.npy,4.533,4.0,44100,16000,3ebb7bb649920207b3999b6f40c70d6fd6bfebfa820930ae751911e44040dfee,train
yt_0009_part_219,REAL,C:\Users\Harish\Downloads\AI deepfake detection\AI_VOICE_DEEPFAKE_DETECTION\data\processed\audio\yt_0009_part_219.npy,3.31,4.0,44100,16000,dc710db94e40d48d826b3f3d6aafe5b72780fe4001117f430ebd49e07a877336,train
yt_0009_part_222,REAL,C:\Users\Harish\Downloads\AI deepfake detection\AI_VOICE_DEEPFAKE_DETECTION\data\processed\audio\yt_0009_part_222.npy,2.691,4.0,44100,16000,dc4487d8afb8bd28d145cd32838a56a5e6ac1401453f3aea8b7de2f76ec8d6f8,train
yt_0009_part_224,REAL,C:\Users\Harish\Downloads\AI deepfake detection\AI_VOICE_DEEPFAKE_DETECTION\data\processed\audio\yt_0009_part_224.npy,4.107,4.0,44100,16000,a7312ca8aa4c88869a912bd1b3e8543fd96eee780d4d730198a024ce6c88158f,train
yt_0009_part_225,REAL,C:\Users\Harish\Downloads\AI deepfake detection\AI_VOICE_DEEPFAKE_DETECTION\data\processed\audio\yt_0009_part_225.npy,3.855,4.0,44100,16000,171564798bad847e11f702250897c0016f903b0aa7f684c934ddfdb2bda23366,train
yt_0009_part_226,REAL,C:\Users\Harish\Downloads\AI deepfake detection\AI_VOICE_DEEPFAKE_DETECTION\data\processed\audio\yt_0009_part_226.npy,5.706,4.0,44100,16000,aba81711ee38c0cbb7604e35939a0c0bc61a9bdab389cffb5451c3f0921aff2d,train
yt_0009_part_227,REAL,C:\Users\Harish\Downloads\AI deepfake detection\AI_VOICE_DEEPFAKE_DETECTION\data\processed\audio\yt_0009_part_227.npy,2.893,4.0,44100,16000,c56a52671be561a0ea48cd81df132943a146791a0d2781fd80fb062956604798,train
yt_0009_part_229,REAL,C:\Users\Harish\Downloads\AI deepfake detection\AI_VOICE_DEEPFAKE_DETECTION\data\processed\audio\yt_0009_part_229.npy,3.845,4.0,44100,16000,130ad8835b53687a0544416dfa6cc2c6a7b7f40e4421f7cedd49b3fa1df3ee36,train
yt_0009_part_230,REAL,C:\Users\Harish\Downloads\AI deepfake detection\AI_VOICE_DEEPFAKE_DETECTION\data\processed\audio\yt_0009_part_230.npy,5.097,4.0,44100,16000,580a05e55118816cd288d60141cf4d81a16c8639c76e7593086fd1e0becda32d,train
yt_0009_part_231,REAL,C:\Users\Harish\Downloads\AI deepfake detection\AI_VOICE_DEEPFAKE_DETECTION\data\processed\audio\yt_0009_part_231.npy,6.039,4.0,44100,16000,c1972d6c94102b2d545debab1bdca161f24544ee98b0a9b2a8443b537b3bb797,train
yt_0009_part_235,REAL,C:\Users\Harish\Downloads\AI deepfake detection\AI_VOICE_DEEPFAKE_DETECTION\data\processed\audio\yt_0009_part_235.npy,3.654,4.0,44100,16000,831d1ac66f5a2c6ccc23865833f9c036038aeb780bd8d8f8d9f4b96f2dc984fa,train
yt_0009_part_240,REAL,C:\Users\Harish\Downloads\AI deepfake detection\AI_VOICE_DEEPFAKE_DETECTION\data\processed\audio\yt_0009_part_240.npy,8.655,4.0,44100,16000,56848533aac989418b44868bc1a267ab296e18fba661fc301861b0d5995915d1,train
yt_0009_part_242,REAL,C:\Users\Harish\Downloads\AI deepfake detection\AI_VOICE_DEEPFAKE_DETECTION\data\processed\audio\yt_0009_part_242.npy,3.86,4.0,44100,16000,c05b5c4f678b29e92345b2bba2067c45b335b1ac06b57b725374d6c134bdb360,train
yt_0009_part_243,REAL,C:\Users\Harish\Downloads\AI deepfake detection\AI_VOICE_DEEPFAKE_DETECTION\data\processed\audio\yt_0009_part_243.npy,3.066,4.0,44100,16000,0716a3d6dd19c9a1539e9868e5be7912b252b5a71b8e8f1494a25bbf2d56eb57,train
yt_0009_part_244,REAL,C:\Users\Harish\Downloads\AI deepfake detection\AI_VOICE_DEEPFAKE_DETECTION\data\processed\audio\yt_0009_part_244.npy,2.81,4.0,44100,16000,0237fd6e24e1e4eac83d2a3a8b3d97589b2cdcc52b430996872ad9fa225c1bfd,train
yt_0009_part_246,REAL,C:\Users\Harish\Downloads\AI deepfake detection\AI_VOICE_DEEPFAKE_DETECTION\data\processed\audio\yt_0009_part_246.npy,2.936,4.0,44100,16000,3c164ecdf2204e8892ce8a0d7f2544c9f6912789d1ba3a692f1f69df1f75a183,train
yt_0009_part_249,REAL,C:\Users\Harish\Downloads\AI deepfake detection\AI_VOICE_DEEPFAKE_DETECTION\data\processed\audio\yt_0009_part_249.npy,3.672,4.0,44100,16000,59c86da8ef6a338b3614fb6e9a3df59488def0c5e3a68f40b7568f150e3a5c72,train
yt_0009_part_251,REAL,C:\Users\Harish\Downloads\AI deepfake detection\AI_VOICE_DEEPFAKE_DETECTION\data\processed\audio\yt_0009_part_251.npy,3.544,4.0,44100,16000,22c4559b13b70e73bfc2cf228d1a0ad8b0e0f736ee5b4003d7728dc5f17c3925,train
yt_0009_part_252,REAL,C:\Users\Harish\Downloads\AI deepfake detection\AI_VOICE_DEEPFAKE_DETECTION\data\processed\audio\yt_0009_part_252.npy,5.334,4.0,44100,16000,df9cdda8aad0b6d1df14bcbdeb8278d5676e320e42282bbc100efbcd0f40825f,train
yt_0009_part_253,REAL,C:\Users\Harish\Downloads\AI deepfake detection\AI_VOICE_DEEPFAKE_DETECTION\data\processed\audio\yt_0009_part_253.npy,4.136,4.0,44100,16000,a2a7a8c8d1af52ac4acb42e8d2795dd05f96f7fb675a3c26e33627bc371ade27,train
yt_0009_part_256,REAL,C:\Users\Harish\Downloads\AI deepfake detection\AI_VOICE_DEEPFAKE_DETECTION\data\processed\audio\yt_0009_part_256.npy,2.574,4.0,44100,16000,bd84de38066cb7e1c63494b1ba9eaab71f7e975366d8a7f2d0d1af2432f7211e,train
yt_0009_part_258,REAL,C:\Users\Harish\Downloads\AI deepfake detection\AI_VOICE_DEEPFAKE_DETECTION\data\processed\audio\yt_0009_part_258.npy,3.071,4.0,44100,16000,ea1ca68a3b820d5285c9f7ffb8862050b7a589fb46d2d48aeef2217dacff59a4,train
yt_0009_part_262,REAL,C:\Users\Harish\Downloads\AI deepfake detection\AI_VOICE_DEEPFAKE_DETECTION\data\processed\audio\yt_0009_part_262.npy,3.029,4.0,44100,16000,19ad77091fb5bef5eb966cbe1b30199e43639ea019453c89bdad687c3943a025,train
yt_0009_part_266,REAL,C:\Users\Harish\Downloads\AI deepfake detection\AI_VOICE_DEEPFAKE_DETECTION\data\processed\audio\yt_0009_part_266.npy,3.379,4.0,44100,16000,fdbb6933ac2e6f7feb52b05865809576b18111aff628705b9f3f1a48e23612ba,train
yt_0009_part_267,REAL,C:\Users\Harish\Downloads\AI deepfake detection\AI_VOICE_DEEPFAKE_DETECTION\data\processed\audio\yt_0009_part_267.npy,2.837,4.0,44100,16000,6f8566131ebf81ce9ed83ef5175c747bac56d75843624f9e179cb1a0b571ef7d,train
yt_0009_part_268,REAL,C:\Users\Harish\Downloads\AI deepfake detection\AI_VOICE_DEEPFAKE_DETECTION\data\processed\audio\yt_0009_part_268.npy,2.856,4.0,44100,16000,07bbae2ac00d3b5586405f7cfff9ebbad4df6992200982b8305ff2ee1365e75e,train
yt_0009_part_269,REAL,C:\Users\Harish\Downloads\AI deepfake detection\AI_VOICE_DEEPFAKE_DETECTION\data\processed\audio\yt_0009_part_269.npy,3.495,4.0,44100,16000,c1d42dd072cb82b7ff026aafe4a75dea5ca72a3d98cc31631a033cb87563ddae,train
yt_0009_part_270,REAL,C:\Users\Harish\Downloads\AI deepfake detection\AI_VOICE_DEEPFAKE_DETECTION\data\processed\audio\yt_0009_part_270.npy,4.473,4.0,44100,16000,666ac07a164a2d8d02cc0c48c413cac091ddf4b123e9eef369463cb24a47bc29,train
yt_0009_part_271,REAL,C:\Users\Harish\Downloads\AI deepfake detection\AI_VOICE_DEEPFAKE_DETECTION\data\processed\audio\yt_0009_part_271.npy,4.167,4.0,44100,16000,d6ad2420ca2ebda72987ec7ef717d9d2f23ad863da824559eebadf906d80e693,train
yt_0009_part_273,REAL,C:\Users\Harish\Downloads\AI deepfake detection\AI_VOICE_DEEPFAKE_DETECTION\data\processed\audio\yt_0009_part_273.npy,6.573,4.0,44100,16000,f2057d33736194aa4e3118ce38549fa9fcb350d98a75b8e4e7243f0053ecf817,train
yt_0009_part_274,REAL,C:\Users\Harish\Downloads\AI deepfake detection\AI_VOICE_DEEPFAKE_DETECTION\data\processed\audio\yt_0009_part_274.npy,4.461,4.0,44100,16000,a2f05eaf59dbbbb99d88f32074355ea666cfbec41b523edff9b4b175682be689,train
yt_0010_part_003,REAL,C:\Users\Harish\Downloads\AI deepfake detection\AI_VOICE_DEEPFAKE_DETECTION\data\processed\audio\yt_0010_part_003.npy,2.625,4.0,44100,16000,87e325c391a1d259a37615f30f9b0d30fd4baa71e9a79b9d43980fb60397e66c,train
yt_0010_part_004,REAL,C:\Users\Harish\Downloads\AI deepfake detection\AI_VOICE_DEEPFAKE_DETECTION\data\processed\audio\yt_0010_part_004.npy,3.238,4.0,44100,16000,f82cf0eb54e6c686d2e9a7b0efae67186994c9ddbdc74fa801586265aed759ef,train
yt_0010_part_005,REAL,C:\Users\Harish\Downloads\AI deepfake detection\AI_VOICE_DEEPFAKE_DETECTION\data\processed\audio\yt_0010_part_005.npy,4.673,4.0,44100,16000,bc4475532f4410bb7036146cb26273f7581663e9f21ec80397390a8c2e564c03,train
yt_0010_part_006,REAL,C:\Users\Harish\Downloads\AI deepfake detection\AI_VOICE_DEEPFAKE_DETECTION\data\processed\audio\yt_0010_part_006.npy,8.743,4.0,44100,16000,757cd376bfa49b6b56e277f4c5146faffee30a520951ffb9194865de7a9e9c39,train
yt_0010_part_007,REAL,C:\Users\Harish\Downloads\AI deepfake detection\AI_VOICE_DEEPFAKE_DETECTION\data\processed\audio\yt_0010_part_007.npy,2.621,4.0,44100,16000,8654681299966db59d4b80b111464a9896e9df83b9b8340afc713f2eb4719258,train
yt_0010_part_009,REAL,C:\Users\Harish\Downloads\AI deepfake detection\AI_VOICE_DEEPFAKE_DETECTION\data\processed\audio\yt_0010_part_009.npy,3.469,4.0,44100,16000,55fabedd8b6726511a12646dc00cf3a6f97dc2aefb34ca27ddb1c6d9ecb6758b,train
yt_0010_part_010,REAL,C:\Users\Harish\Downloads\AI deepfake detection\AI_VOICE_DEEPFAKE_DETECTION\data\processed\audio\yt_0010_part_010.npy,3.071,4.0,44100,16000,2b550a0aae1105f32df91870e00cd84add8ef30c4137a975ca1ceb6cdf297788,train
yt_0010_part_013,REAL,C:\Users\Harish\Downloads\AI deepfake detection\AI_VOICE_DEEPFAKE_DETECTION\data\processed\audio\yt_0010_part_013.npy,5.105,4.0,44100,16000,b487412f3ed4489d9c8eece3becfd0c96d4882f12767041545bdec1570825840,train
yt_0010_part_014,REAL,C:\Users\Harish\Downloads\AI deepfake detection\AI_VOICE_DEEPFAKE_DETECTION\data\processed\audio\yt_0010_part_014.npy,2.515,4.0,44100,16000,79d8c4e6a68ae35bb88395cbedf1f6c1e875729262b1f7b472ed164e62832ba9,train
yt_0010_part_016,REAL,C:\Users\Harish\Downloads\AI deepfake detection\AI_VOICE_DEEPFAKE_DETECTION\data\processed\audio\yt_0010_part_016.npy,3.033,4.0,44100,16000,ed795a4d03ae26cc2093a634c1ef86f85235350e7409ac8826caa4f471ae6bab,train
yt_0010_part_021,REAL,C:\Users\Harish\Downloads\AI deepfake detection\AI_VOICE_DEEPFAKE_DETECTION\data\processed\audio\yt_0010_part_021.npy,2.534,4.0,44100,16000,f2ada0d8c70c064876602d121a9894596994dc1fe3c59a32129e25b633026625,train
yt_0010_part_022,REAL,C:\Users\Harish\Downloads\AI deepfake detection\AI_VOICE_DEEPFAKE_DETECTION\data\processed\audio\yt_0010_part_022.npy,3.637,4.0,44100,16000,57aa0b09b201a956e0fd296015f69a77fa7abf7029807915f15deb575ae98449,train
yt_0010_part_023,REAL,C:\Users\Harish\Downloads\AI deepfake detection\AI_VOICE_DEEPFAKE_DETECTION\data\processed\audio\yt_0010_part_023.npy,4.133,4.0,44100,16000,fbad4928d24951ceccd8bedeaac4c11e54f9e08a576f31374eccaade49f83d92,train
yt_0010_part_027,REAL,C:\Users\Harish\Downloads\AI deepfake detection\AI_VOICE_DEEPFAKE_DETECTION\data\processed\audio\yt_0010_part_027.npy,2.678,4.0,44100,16000,7967f84c3987a4e25d4fb6d747291c940a03abdf1543b7b3864221f84414e060,train
yt_0010_part_031,REAL,C:\Users\Harish\Downloads\AI deepfake detection\AI_VOICE_DEEPFAKE_DETECTION\data\processed\audio\yt_0010_part_031.npy,8.053,4.0,44100,16000,5345fedeefd5d862d219a0c29249c550eb2678bc7743fbd5f9a8ade96c54804c,train
yt_0010_part_035,REAL,C:\Users\Harish\Downloads\AI deepfake detection\AI_VOICE_DEEPFAKE_DETECTION\data\processed\audio\yt_0010_part_035.npy,3.324,4.0,44100,16000,0fd31583a528e946301239afe7d9c6974264736007cea864a5ca4514ce0209f5,train
yt_0010_part_036,REAL,C:\Users\Harish\Downloads\AI deepfake detection\AI_VOICE_DEEPFAKE_DETECTION\data\processed\audio\yt_0010_part_036.npy,2.652,4.0,44100,16000,635d544f3e7c97e39b90ce232f47086a5c38c9fbfe6433dd0c5d705fc07430b4,train
yt_0010_part_038,REAL,C:\Users\Harish\Downloads\AI deepfake detection\AI_VOICE_DEEPFAKE_DETECTION\data\processed\audio\yt_0010_part_038.npy,2.937,4.0,44100,16000,c53ce0f64368ea4919c425e640278f7a1f152fc049eca3e420d483d5778a8693,train
yt_0010_part_039,REAL,C:\Users\Harish\Downloads\AI deepfake detection\AI_VOICE_DEEPFAKE_DETECTION\data\processed\audio\yt_0010_part_039.npy,2.539,4.0,44100,16000,07ae09e104494f55db5cc676ec66c8d03bf2b917d3bdfa7a5eb4dc46d4985665,train
yt_0010_part_040,REAL,C:\Users\Harish\Downloads\AI deepfake detection\AI_VOICE_DEEPFAKE_DETECTION\data\processed\audio\yt_0010_part_040.npy,9.762,4.0,44100,16000,cdd2db5605b8f170a4db651babfe2b8cbc9cca4ba258cea30ba72a0690d411fa,train
yt_0010_part_041,REAL,C:\Users\Harish\Downloads\AI deepfake detection\AI_VOICE_DEEPFAKE_DETECTION\data\processed\audio\yt_0010_part_041.npy,3.556,4.0,44100,16000,fb4f1cf50e2e69e24a111ce61039cfe7c460357769798b90c9fde4ec58cf10c4,train
yt_0010_part_043,REAL,C:\Users\Harish\Downloads\AI deepfake detection\AI_VOICE_DEEPFAKE_DETECTION\data\processed\audio\yt_0010_part_043.npy,5.791,4.0,44100,16000,dd2c37803f5dc2c2fe0b82b9112421adc4c4e7e34de73bed379fb1136f2af54f,train
yt_0010_part_045,REAL,C:\Users\Harish\Downloads\AI deepfake detection\AI_VOICE_DEEPFAKE_DETECTION\data\processed\audio\yt_0010_part_045.npy,3.448,4.0,44100,16000,a479ee8e4d2f8010767509ce6638902c59da7f6b0c65431dfd33304bfa03eaa5,train
yt_0010_part_046,REAL,C:\Users\Harish\Downloads\AI deepfake detection\AI_VOICE_DEEPFAKE_DETECTION\data\processed\audio\yt_0010_part_046.npy,3.533,4.0,44100,16000,cac45ce029ced91872a59c22b633cee50c3e2e29680f453990daae6b6f4715de,train
yt_0010_part_047,REAL,C:\Users\Harish\Downloads\AI deepfake detection\AI_VOICE_DEEPFAKE_DETECTION\data\processed\audio\yt_0010_part_047.npy,4.026,4.0,44100,16000,e2465c58cdb86520417e14d5fd2349ff8d67640a8c2582e32c3e1017da7dcb89,train
yt_0010_part_050,REAL,C:\Users\Harish\Downloads\AI deepfake detection\AI_VOICE_DEEPFAKE_DETECTION\data\processed\audio\yt_0010_part_050.npy,2.724,4.0,44100,16000,9eaaf2a707ecb6977b80652a4641a2e5bb3b73fdeccd9d3586b4a8f25c2e2f8f,train
yt_0010_part_053,REAL,C:\Users\Harish\Downloads\AI deepfake detection\AI_VOICE_DEEPFAKE_DETECTION\data\processed\audio\yt_0010_part_053.npy,3.917,4.0,44100,16000,dfc3aa7cd78620f176782895aecfc35eeb199d0bd12aa435663df1dae3ed03e6,train
yt_0010_part_055,REAL,C:\Users\Harish\Downloads\AI deepfake detection\AI_VOICE_DEEPFAKE_DETECTION\data\processed\audio\yt_0010_part_055.npy,2.521,4.0,44100,16000,784ee7e7478e801da76c5e4f891dbbbd5bc62c4cd5f1012b7e30670e20ee2dda,train
yt_0011_p2_part_176,REAL,C:\Users\Harish\Downloads\AI deepfake detection\AI_VOICE_DEEPFAKE_DETECTION\data\processed\audio\yt_0011_p2_part_176.npy,6.841,4.0,44100,16000,dbd7fb08dddbfd9b359a6a5f7c35385cc8144cd56c32e3c54be1e539b53ebb45,train
yt_0011_p2_part_177,REAL,C:\Users\Harish\Downloads\AI deepfake detection\AI_VOICE_DEEPFAKE_DETECTION\data\processed\audio\yt_0011_p2_part_177.npy,6.842,4.0,44100,16000,6693025ffa37b9b22be574e11d07017fc25ffc6bbf61fa325098a71e779f6836,train
yt_0011_p2_part_178,REAL,C:\Users\Harish\Downloads\AI deepfake detection\AI_VOICE_DEEPFAKE_DETECTION\data\processed\audio\yt_0011_p2_part_178.npy,6.936,4.0,44100,16000,f36a59378b01692fbef97576542a07cc7da3ceab2b243f9d557de78cfc98c2d4,train
yt_0011_part_005,REAL,C:\Users\Harish\Downloads\AI deepfake detection\AI_VOICE_DEEPFAKE_DETECTION\data\processed\audio\yt_0011_part_005.npy,3.523,4.0,44100,16000,fd43841de6666a0f661fd7e951203dcdd489fcee60f23deb28debcb55bfe714c,train
yt_0011_part_006,REAL,C:\Users\Harish\Downloads\AI deepfake detection\AI_VOICE_DEEPFAKE_DETECTION\data\processed\audio\yt_0011_part_006.npy,3.608,4.0,44100,16000,dd16d2b95f4b922520f281044f1d77d69109ef183cb8bf786fc62c13a8e39954,train
yt_0011_part_009,REAL,C:\Users\Harish\Downloads\AI deepfake detection\AI_VOICE_DEEPFAKE_DETECTION\data\processed\audio\yt_0011_part_009.npy,4.414,4.0,44100,16000,0a396e9c61fede96530992fb4c38e26dc15a3306d8424731e7e89532a6f00b1d,train
yt_0011_part_013,REAL,C:\Users\Harish\Downloads\AI deepfake detection\AI_VOICE_DEEPFAKE_DETECTION\data\processed\audio\yt_0011_part_013.npy,3.946,4.0,44100,16000,84c3db288f8ad0810711e5bfb81cf6b43a13b46fbbc6e25064281bd8d1771fa8,train
yt_0011_part_016,REAL,C:\Users\Harish\Downloads\AI deepfake detection\AI_VOICE_DEEPFAKE_DETECTION\data\processed\audio\yt_0011_part_016.npy,3.61,4.0,44100,16000,cd0b510f269ddb1d1eb20a0ecd9d27d16f5308437204fb6ade0c69828dd96e2e,train
yt_0011_part_017,REAL,C:\Users\Harish\Downloads\AI deepfake detection\AI_VOICE_DEEPFAKE_DETECTION\data\processed\audio\yt_0011_part_017.npy,6.803,4.0,44100,16000,eb3350d410983e4ff4d5f4f4ce014dd42035589ca4874864d3b84a766c7ba228,train
yt_0011_part_020,REAL,C:\Users\Harish\Downloads\AI deepfake detection\AI_VOICE_DEEPFAKE_DETECTION\data\processed\audio\yt_0011_part_020.npy,6.684,4.0,44100,16000,3f4730d80c0128fd75938c5599689332ea470a0a701b76edd1e06bfa539d3e10,train
yt_0011_part_022,REAL,C:\Users\Harish\Downloads\AI deepfake detection\AI_VOICE_DEEPFAKE_DETECTION\data\processed\audio\yt_0011_part_022.npy,2.861,4.0,44100,16000,0c4de99e492d09faa038b1d826183dc6d4dba1a3ed2471399f3f412d3a58836a,train
yt_0011_part_023,REAL,C:\Users\Harish\Downloads\AI deepfake detection\AI_VOICE_DEEPFAKE_DETECTION\data\processed\audio\yt_0011_part_023.npy,2.608,4.0,44100,16000,ca4a1a96540b165f74c39cc3cc40c606495468b3f1eb5f1f2bcb8d5fb874f4dc,train
yt_0011_part_028,REAL,C:\Users\Harish\Downloads\AI deepfake detection\AI_VOICE_DEEPFAKE_DETECTION\data\processed\audio\yt_0011_part_028.npy,2.923,4.0,44100,16000,189edfa784d8b3f27dc283c794d7f590eb9c70b8e9cd429adda76fdd070f1ac2,train
yt_0011_part_033,REAL,C:\Users\Harish\Downloads\AI deepfake detection\AI_VOICE_DEEPFAKE_DETECTION\data\processed\audio\yt_0011_part_033.npy,4.39,4.0,44100,16000,b82242a4d3054923bd6d950cc5a1ab18875ca40bf71e9227469d08b176e8d8eb,train
yt_0011_part_034,REAL,C:\Users\Harish\Downloads\AI deepfake detection\AI_VOICE_DEEPFAKE_DETECTION\data\processed\audio\yt_0011_part_034.npy,4.035,4.0,44100,16000,6001fb4139b70f0d332cc2b70b797dafff07d23a992e2c1c1c3f940bf52967eb,train
yt_0011_part_036,REAL,C:\Users\Harish\Downloads\AI deepfake detection\AI_VOICE_DEEPFAKE_DETECTION\data\processed\audio\yt_0011_part_036.npy,4.967,4.0,44100,16000,4bc3d558461e66f28c31515b0d7a459805a95aa25b632524987fef42c5953306,train
yt_0011_part_041,REAL,C:\Users\Harish\Downloads\AI deepfake detection\AI_VOICE_DEEPFAKE_DETECTION\data\processed\audio\yt_0011_part_041.npy,8.1,4.0,44100,16000,32eb2b6296d312b9685f7a70c4ff11de9342ccd9a6b7b2803148aec90d6f2461,train
yt_0011_part_042,REAL,C:\Users\Harish\Downloads\AI deepfake detection\AI_VOICE_DEEPFAKE_DETECTION\data\processed\audio\yt_0011_part_042.npy,4.032,4.0,44100,16000,60e102371f96c6d130d33cc084fe714faedf5578827bbc037a8fdf7e7e21504e,train
yt_0011_part_043,REAL,C:\Users\Harish\Downloads\AI deepfake detection\AI_VOICE_DEEPFAKE_DETECTION\data\processed\audio\yt_0011_part_043.npy,3.843,4.0,44100,16000,9d865990ab748a16275a5343776e648f98346bb1780e5ed59d98ff3dd033c177,train
yt_0011_part_046,REAL,C:\Users\Harish\Downloads\AI deepfake detection\AI_VOICE_DEEPFAKE_DETECTION\data\processed\audio\yt_0011_part_046.npy,2.606,4.0,44100,16000,a7b08b23c1ccd627d373a87b1b1e12560ab355bdc001461f5be2db53320d3fd0,train
yt_0011_part_048,REAL,C:\Users\Harish\Downloads\AI deepfake detection\AI_VOICE_DEEPFAKE_DETECTION\data\processed\audio\yt_0011_part_048.npy,3.267,4.0,44100,16000,e28934e72c1aa4b8a4c1f76e73ade8589b0c5b85d1af9520f317396501b999f5,train
yt_0011_part_049,REAL,C:\Users\Harish\Downloads\AI deepfake detection\AI_VOICE_DEEPFAKE_DETECTION\data\processed\audio\yt_0011_part_049.npy,8.809,4.0,44100,16000,963d92cc6a5d5dce12d5d29fb1faf5afe76d1206519b46737d0ddf826c635b36,train
yt_0011_part_050,REAL,C:\Users\Harish\Downloads\AI deepfake detection\AI_VOICE_DEEPFAKE_DETECTION\data\processed\audio\yt_0011_part_050.npy,2.635,4.0,44100,16000,bb8cc0c28dfbf643f840b6f133d72fa9aa3cc997b88dadb1e717b2305a45eca4,train
yt_0011_part_054,REAL,C:\Users\Harish\Downloads\AI deepfake detection\AI_VOICE_DEEPFAKE_DETECTION\data\processed\audio\yt_0011_part_054.npy,3.238,4.0,44100,16000,ff46faee47de04c650e897d48c05dd04ac119d253fce18fe913622c077ee9a27,train
yt_0011_part_056,REAL,C:\Users\Harish\Downloads\AI deepfake detection\AI_VOICE_DEEPFAKE_DETECTION\data\processed\audio\yt_0011_part_056.npy,3.928,4.0,44100,16000,ad23f1be800c2aa6df1c11b3d189f349291360d7cb65b51943e269cd3f0acbcd,train
yt_0011_part_060,REAL,C:\Users\Harish\Downloads\AI deepfake detection\AI_VOICE_DEEPFAKE_DETECTION\data\processed\audio\yt_0011_part_060.npy,4.448,4.0,44100,16000,3a1e0e6a8b7e1a4c6bc92284e78a837c6d3d077a770c0d4da5dd6f874007528a,train
yt_0011_part_064,REAL,C:\Users\Harish\Downloads\AI deepfake detection\AI_VOICE_DEEPFAKE_DETECTION\data\processed\audio\yt_0011_part_064.npy,7.094,4.0,44100,16000,db363d19ef3ae5a1b4624abcc0a014d8e2b1085e523d466827c798ece7b77426,train
yt_0011_part_065,REAL,C:\Users\Harish\Downloads\AI deepfake detection\AI_VOICE_DEEPFAKE_DETECTION\data\processed\audio\yt_0011_part_065.npy,3.983,4.0,44100,16000,8228d95cd9b466f929d85ccdc9b7d1672f9346950693f00825caf34610a7fee5,train
yt_0011_part_071,REAL,C:\Users\Harish\Downloads\AI deepfake detection\AI_VOICE_DEEPFAKE_DETECTION\data\processed\audio\yt_0011_part_071.npy,2.52,4.0,44100,16000,5450f16f89bc813d287969be50a58c9db2323e3f3e2795c3859785ac60032f2d,train
yt_0011_part_073,REAL,C:\Users\Harish\Downloads\AI deepfake detection\AI_VOICE_DEEPFAKE_DETECTION\data\processed\audio\yt_0011_part_073.npy,4.142,4.0,44100,16000,fa0d8351c2b079414c40a3fd6bf39e7fd775db4ca3689f4f7e150e8c6fcab0d3,train
yt_0011_part_075,REAL,C:\Users\Harish\Downloads\AI deepfake detection\AI_VOICE_DEEPFAKE_DETECTION\data\processed\audio\yt_0011_part_075.npy,7.095,4.0,44100,16000,3a00493ad72b5c062458a2a49b9be720aa3a31f6a3b933ffed646b863edf1254,train
yt_0011_part_080,REAL,C:\Users\Harish\Downloads\AI deepfake detection\AI_VOICE_DEEPFAKE_DETECTION\data\processed\audio\yt_0011_part_080.npy,4.242,4.0,44100,16000,22c519dd660894010d30492942647794cb48957fe43a7254f7cbce0ff4a91fd6,train
yt_0011_part_083,REAL,C:\Users\Harish\Downloads\AI deepfake detection\AI_VOICE_DEEPFAKE_DETECTION\data\processed\audio\yt_0011_part_083.npy,3.043,4.0,44100,16000,744fff4a49eaca4b6159588f3c29910f73c93d6194fe7a530887d2ba5f47fce9,train
yt_0011_part_086,REAL,C:\Users\Harish\Downloads\AI deepfake detection\AI_VOICE_DEEPFAKE_DETECTION\data\processed\audio\yt_0011_part_086.npy,5.743,4.0,44100,16000,642e0258f9c19de679e2e308891707704eaa270d60308658e20e03b013da15cb,train
yt_0011_part_087,REAL,C:\Users\Harish\Downloads\AI deepfake detection\AI_VOICE_DEEPFAKE_DETECTION\data\processed\audio\yt_0011_part_087.npy,4.709,4.0,44100,16000,aa773560e4c1578fcedaa38271a803eb07269fc9da839da70959b00c8c113744,train
yt_0011_part_088,REAL,C:\Users\Harish\Downloads\AI deepfake detection\AI_VOICE_DEEPFAKE_DETECTION\data\processed\audio\yt_0011_part_088.npy,4.115,4.0,44100,16000,2d327bdfb8b091e8a06e9a816528cc50b15b9a07d137222c97dc7f4120140444,train
yt_0011_part_090,REAL,C:\Users\Harish\Downloads\AI deepfake detection\AI_VOICE_DEEPFAKE_DETECTION\data\processed\audio\yt_0011_part_090.npy,2.502,4.0,44100,16000,faeaae73ce540141d46a05d75e968673f52572ce285d8137baa322e7adb35740,train
yt_0011_part_092,REAL,C:\Users\Harish\Downloads\AI deepfake detection\AI_VOICE_DEEPFAKE_DETECTION\data\processed\audio\yt_0011_part_092.npy,3.61,4.0,44100,16000,ed67dcfdecc17ed8d0c84e784880a10f068f1bf484b013da045f9cd9a174023d,train
yt_0011_part_096,REAL,C:\Users\Harish\Downloads\AI deepfake detection\AI_VOICE_DEEPFAKE_DETECTION\data\processed\audio\yt_0011_part_096.npy,4.402,4.0,44100,16000,7c032760d0bf08499698ecb59fdb6749ce9226e87091543afcffb991eeca311e,train
yt_0011_part_098,REAL,C:\Users\Harish\Downloads\AI deepfake detection\AI_VOICE_DEEPFAKE_DETECTION\data\processed\audio\yt_0011_part_098.npy,10.861,4.0,44100,16000,c1298c166ad3066ae061e2033f7aa9c9046bce65efb9d7f39fed817a30b698ae,train
yt_0011_part_099,REAL,C:\Users\Harish\Downloads\AI deepfake detection\AI_VOICE_DEEPFAKE_DETECTION\data\processed\audio\yt_0011_part_099.npy,6.078,4.0,44100,16000,5f47fde477fb0faeb43e9aaa9e08f7fffcd64cd26edc166d12a2d0672c709a45,train
yt_0011_part_102,REAL,C:\Users\Harish\Downloads\AI deepfake detection\AI_VOICE_DEEPFAKE_DETECTION\data\processed\audio\yt_0011_part_102.npy,5.132,4.0,44100,16000,8d9788e9822fba7e9c4ad1cf28572530f6b7e8d668ceb36655617b3d8f0fdb80,train
yt_0011_part_103,REAL,C:\Users\Harish\Downloads\AI deepfake detection\AI_VOICE_DEEPFAKE_DETECTION\data\processed\audio\yt_0011_part_103.npy,7.565,4.0,44100,16000,0a483adf64343d7f7bd318948cb9a534198d48fb41d9d7cd801a345b122c3687,train
yt_0011_part_107,REAL,C:\Users\Harish\Downloads\AI deepfake detection\AI_VOICE_DEEPFAKE_DETECTION\data\processed\audio\yt_0011_part_107.npy,6.565,4.0,44100,16000,f7b08e365641ff0aa90cb4103a2c0260a669e4eff86a5e625e8c397b281b894e,train
yt_0011_part_109,REAL,C:\Users\Harish\Downloads\AI deepfake detection\AI_VOICE_DEEPFAKE_DETECTION\data\processed\audio\yt_0011_part_109.npy,4.936,4.0,44100,16000,d667f392383717f721a990a44395a15257a08e1b53db0806580ac4e552462739,train
yt_0011_part_112,REAL,C:\Users\Harish\Downloads\AI deepfake detection\AI_VOICE_DEEPFAKE_DETECTION\data\processed\audio\yt_0011_part_112.npy,3.192,4.0,44100,16000,f8dfab365c181f9f83febfc676905f5bc3ddd8d00c0142c4c0e010d414a5732b,train
yt_0011_part_115,REAL,C:\Users\Harish\Downloads\AI deepfake detection\AI_VOICE_DEEPFAKE_DETECTION\data\processed\audio\yt_0011_part_115.npy,5.833,4.0,44100,16000,a3abb4c546cf985295e610e6fc257292b3810057e426bee9ef2049966fa82f3e,train
yt_0011_part_116,REAL,C:\Users\Harish\Downloads\AI deepfake detection\AI_VOICE_DEEPFAKE_DETECTION\data\processed\audio\yt_0011_part_116.npy,3.869,4.0,44100,16000,13e9c8749bb23f9b6db73fa3efefc580c4bd43807a2a85f4e999aae87fa81849,train
yt_0011_part_117,REAL,C:\Users\Harish\Downloads\AI deepfake detection\AI_VOICE_DEEPFAKE_DETECTION\data\processed\audio\yt_0011_part_117.npy,9.489,4.0,44100,16000,4c4f6de1e9e9f670ef29b2b320acac19599e7698b82c68afcddd53c55a100bef,train
yt_0011_part_118,REAL,C:\Users\Harish\Downloads\AI deepfake detection\AI_VOICE_DEEPFAKE_DETECTION\data\processed\audio\yt_0011_part_118.npy,6.278,4.0,44100,16000,8c63fe95752057264f6f31a0cc1cda3961f4fee37471b6c4547d133d7801839d,train
yt_0011_part_121,REAL,C:\Users\Harish\Downloads\AI deepfake detection\AI_VOICE_DEEPFAKE_DETECTION\data\processed\audio\yt_0011_part_121.npy,2.913,4.0,44100,16000,243b8089689e1a21269e7ec64eefd7ce6cd701cef35657379f6301e939c169b0,train
yt_0011_part_122,REAL,C:\Users\Harish\Downloads\AI deepfake detection\AI_VOICE_DEEPFAKE_DETECTION\data\processed\audio\yt_0011_part_122.npy,3.552,4.0,44100,16000,7b7b4ba2c7c5fbdb556a8a974496edfa2ff43d3a04c04e9be4b1e7763d12cb4c,train
yt_0011_part_127,REAL,C:\Users\Harish\Downloads\AI deepfake detection\AI_VOICE_DEEPFAKE_DETECTION\data\processed\audio\yt_0011_part_127.npy,5.099,4.0,44100,16000,c2e3aa12c1f56ca9a85360668b38d3a14cd7d2e3b3da1544a6b3ecfd4cf820c5,train
yt_0011_part_128,REAL,C:\Users\Harish\Downloads\AI deepfake detection\AI_VOICE_DEEPFAKE_DETECTION\data\processed\audio\yt_0011_part_128.npy,9.951,4.0,44100,16000,f3fe9ef4ea10d0a0371f2698dedaeaf44363440c1de31912fe3f9e0a372b0c64,train
yt_0011_part_135,REAL,C:\Users\Harish\Downloads\AI deepfake detection\AI_VOICE_DEEPFAKE_DETECTION\data\processed\audio\yt_0011_part_135.npy,3.334,4.0,44100,16000,784b635c191ab8da4a7a2edd4e57a68b20b176b9dc3caeaa1f6e8b2cfc4a9a44,train
yt_0011_part_136,REAL,C:\Users\Harish\Downloads\AI deepfake detection\AI_VOICE_DEEPFAKE_DETECTION\data\processed\audio\yt_0011_part_136.npy,2.94,4.0,44100,16000,199e2064688768d626098ccf3876a264e703efc461d3a8c61da70b5fe07182b2,train
yt_0011_part_139,REAL,C:\Users\Harish\Downloads\AI deepfake detection\AI_VOICE_DEEPFAKE_DETECTION\data\processed\audio\yt_0011_part_139.npy,3.693,4.0,44100,16000,b05a3eab1b24ef2f3ee872f757cb78b32c3c976fbae24aed45f663ad3739da37,train
yt_0011_part_141,REAL,C:\Users\Harish\Downloads\AI deepfake detection\AI_VOICE_DEEPFAKE_DETECTION\data\processed\audio\yt_0011_part_141.npy,4.709,4.0,44100,16000,0e2385925c1603fbe903a365229de59190c8e7f3c0019adabca9e582127d43ef,train
yt_0011_part_142,REAL,C:\Users\Harish\Downloads\AI deepfake detection\AI_VOICE_DEEPFAKE_DETECTION\data\processed\audio\yt_0011_part_142.npy,6.451,4.0,44100,16000,38eb17ddcc9b29a009e38bd042907e773694e39adfa5447c299dd8f3875c74c9,train
yt_0011_part_144,REAL,C:\Users\Harish\Downloads\AI deepfake detection\AI_VOICE_DEEPFAKE_DETECTION\data\processed\audio\yt_0011_part_144.npy,5.72,4.0,44100,16000,13ff785de95be0154e2a61aefcece3b7cad9063b59843b3d481d04362d8f1c80,train
yt_0011_part_146,REAL,C:\Users\Harish\Downloads\AI deepfake detection\AI_VOICE_DEEPFAKE_DETECTION\data\processed\audio\yt_0011_part_146.npy,5.109,4.0,44100,16000,773631acdda6fdff2bc0234a9c03bbf007864bfb24b2e546dc1f077816f6d61b,train
yt_0011_part_150,REAL,C:\Users\Harish\Downloads\AI deepfake detection\AI_VOICE_DEEPFAKE_DETECTION\data\processed\audio\yt_0011_part_150.npy,2.885,4.0,44100,16000,3aa8dde478231453e32bde08c6eac77a4a254167ec258516de6eafa55a72595b,train
yt_0011_part_151,REAL,C:\Users\Harish\Downloads\AI deepfake detection\AI_VOICE_DEEPFAKE_DETECTION\data\processed\audio\yt_0011_part_151.npy,5.477,4.0,44100,16000,77d40f2beb260faa9eaa895b3f9360c8c8f49347458b5da2cec23e37df60c79d,train
yt_0011_part_153,REAL,C:\Users\Harish\Downloads\AI deepfake detection\AI_VOICE_DEEPFAKE_DETECTION\data\processed\audio\yt_0011_part_153.npy,2.663,4.0,44100,16000,991b0de854cea9ee232be519ceef23e377728ae848b9de50192e8322310f47d7,train
yt_0011_part_156,REAL,C:\Users\Harish\Downloads\AI deepfake detection\AI_VOICE_DEEPFAKE_DETECTION\data\processed\audio\yt_0011_part_156.npy,3.87,4.0,44100,16000,14d38610a76921b88db5defdd124c1b8d56940c9dfafd32c8e98435dcfff9e13,train
yt_0011_part_159,REAL,C:\Users\Harish\Downloads\AI deepfake detection\AI_VOICE_DEEPFAKE_DETECTION\data\processed\audio\yt_0011_part_159.npy,4.292,4.0,44100,16000,6dc6abd900d95c2a2a69f0da4589f1835bfaf10fd9a807c66383038079d53837,train
yt_0011_part_161,REAL,C:\Users\Harish\Downloads\AI deepfake detection\AI_VOICE_DEEPFAKE_DETECTION\data\processed\audio\yt_0011_part_161.npy,5.06,4.0,44100,16000,5e54f9426022f5ab70be48125318cfcf0905449291c6893e107fbd54e0eea561,train
yt_0011_part_163,REAL,C:\Users\Harish\Downloads\AI deepfake detection\AI_VOICE_DEEPFAKE_DETECTION\data\processed\audio\yt_0011_part_163.npy,6.819,4.0,44100,16000,aad2ba3216e6bd78aad038f32a9472428e6912324b0ccd86d230310ba887dcf9,train
yt_0011_part_165,REAL,C:\Users\Harish\Downloads\AI deepfake detection\AI_VOICE_DEEPFAKE_DETECTION\data\processed\audio\yt_0011_part_165.npy,5.814,4.0,44100,16000,b23ca34a7a32b654bdb7ab8eb0ef6428f00e44de596fa3a7d783c7b971e94433,train
yt_0011_part_166,REAL,C:\Users\Harish\Downloads\AI deepfake detection\AI_VOICE_DEEPFAKE_DETECTION\data\processed\audio\yt_0011_part_166.npy,3.18,4.0,44100,16000,3caf617053d3ae6394acc432a6bfff83bdc47242ca10dc869c70ed6645bf9c3c,train
yt_0011_part_167,REAL,C:\Users\Harish\Downloads\AI deepfake detection\AI_VOICE_DEEPFAKE_DETECTION\data\processed\audio\yt_0011_part_167.npy,3.923,4.0,44100,16000,e8bde0c08f4d4ce197a45e6f84ce5b5530177155eae53a7643b9386b57967baf,train
yt_0011_part_168,REAL,C:\Users\Harish\Downloads\AI deepfake detection\AI_VOICE_DEEPFAKE_DETECTION\data\processed\audio\yt_0011_part_168.npy,3.255,4.0,44100,16000,6607bcd9be3bfa52ad3b8e8c810f8eee21640849f5ed791cc68feb43d83dbec8,train
yt_0011_part_173,REAL,C:\Users\Harish\Downloads\AI deepfake detection\AI_VOICE_DEEPFAKE_DETECTION\data\processed\audio\yt_0011_part_173.npy,3.216,4.0,44100,16000,66749003723c5ba878440eb27d24ec5bedbbf0d38b574104b7951d4930d1223c,train
yt_0012_p2_part_173,REAL,C:\Users\Harish\Downloads\AI deepfake detection\AI_VOICE_DEEPFAKE_DETECTION\data\processed\audio\yt_0012_p2_part_173.npy,5.483,4.0,44100,16000,cfdd9f733f47b5f44d8d9413c8323ade99a16a185b0fafa5c4ef5dda289ab1e5,train
yt_0012_p2_part_174,REAL,C:\Users\Harish\Downloads\AI deepfake detection\AI_VOICE_DEEPFAKE_DETECTION\data\processed\audio\yt_0012_p2_part_174.npy,5.483,4.0,44100,16000,6f7b7f737223b94dfb391d11a8a13c66705975f119cbfa7b53280fcf0e7941b2,train
yt_0012_p2_part_176,REAL,C:\Users\Harish\Downloads\AI deepfake detection\AI_VOICE_DEEPFAKE_DETECTION\data\processed\audio\yt_0012_p2_part_176.npy,6.651,4.0,44100,16000,48bcbba8548d5744b2b27a5eed7b46317a82050974df1e9a245ecc03e4605c4d,train
yt_0012_part_002,REAL,C:\Users\Harish\Downloads\AI deepfake detection\AI_VOICE_DEEPFAKE_DETECTION\data\processed\audio\yt_0012_part_002.npy,6.82,4.0,44100,16000,1957f1917779e95fb652414e96ae86061aed1264c369260b298b46935ff610c9,train
yt_0012_part_005,REAL,C:\Users\Harish\Downloads\AI deepfake detection\AI_VOICE_DEEPFAKE_DETECTION\data\processed\audio\yt_0012_part_005.npy,5.569,4.0,44100,16000,99794aacb41d36c0497de805b352a82f926c07cde230992c22545cc690bde33c,train
yt_0012_part_006,REAL,C:\Users\Harish\Downloads\AI deepfake detection\AI_VOICE_DEEPFAKE_DETECTION\data\processed\audio\yt_0012_part_006.npy,4.647,4.0,44100,16000,85d79f03a63a3e44b0364b6859d1066a6715e78079f0dcfd7ccdd373952b9d6e,train
yt_0012_part_007,REAL,C:\Users\Harish\Downloads\AI deepfake detection\AI_VOICE_DEEPFAKE_DETECTION\data\processed\audio\yt_0012_part_007.npy,6.174,4.0,44100,16000,7120ab055d31bccd3dbee13626a5d06c4a158ca9053084f156b5f3052fd511d9,train
yt_0012_part_015,REAL,C:\Users\Harish\Downloads\AI deepfake detection\AI_VOICE_DEEPFAKE_DETECTION\data\processed\audio\yt_0012_part_015.npy,5.115,4.0,44100,16000,3692cbd4e017fd2887b5022cae8a2eaa3739168dd7e20091b180bc05b29885fb,train
yt_0012_part_016,REAL,C:\Users\Harish\Downloads\AI deepfake detection\AI_VOICE_DEEPFAKE_DETECTION\data\processed\audio\yt_0012_part_016.npy,3.49,4.0,44100,16000,3a423a97b0f3da5e354ffc7560ebdc30c90e1ae76bdec9cf5e7813b14c3a62b9,train
yt_0012_part_022,REAL,C:\Users\Harish\Downloads\AI deepfake detection\AI_VOICE_DEEPFAKE_DETECTION\data\processed\audio\yt_0012_part_022.npy,3.463,4.0,44100,16000,2ab1877ac4cfd6658625090ef89e40c9ec8a9d0da4689755355f0897a96aef57,train
yt_0012_part_023,REAL,C:\Users\Harish\Downloads\AI deepfake detection\AI_VOICE_DEEPFAKE_DETECTION\data\processed\audio\yt_0012_part_023.npy,4.019,4.0,44100,16000,f3b7914d100ebac7c83e5ff920c85b6f397a29c2944e2ecf62321d2fa00b56f0,train
yt_0012_part_027,REAL,C:\Users\Harish\Downloads\AI deepfake detection\AI_VOICE_DEEPFAKE_DETECTION\data\processed\audio\yt_0012_part_027.npy,3.562,4.0,44100,16000,fa46ae394c75554089b81e3a622c98c8e5bfcfa9f4561fb0d1ed991c1cf72f57,train
yt_0012_part_030,REAL,C:\Users\Harish\Downloads\AI deepfake detection\AI_VOICE_DEEPFAKE_DETECTION\data\processed\audio\yt_0012_part_030.npy,10.042,4.0,44100,16000,724f9155538933155a0784a78d41e511bb37c4d68bdb6f80bf3d250f5bf22ddd,train
yt_0012_part_034,REAL,C:\Users\Harish\Downloads\AI deepfake detection\AI_VOICE_DEEPFAKE_DETECTION\data\processed\audio\yt_0012_part_034.npy,6.351,4.0,44100,16000,10d5f8b2d30bcc1988ce9981ad62046984cbaae9b0550d0ab00be38c4569244b,train
yt_0012_part_038,REAL,C:\Users\Harish\Downloads\AI deepfake detection\AI_VOICE_DEEPFAKE_DETECTION\data\processed\audio\yt_0012_part_038.npy,5.044,4.0,44100,16000,7470ac28f51de9d6df65dbbe7f60d05b2ad2c2a8eae9350bf9e6abfbb1d250d0,train
yt_0012_part_039,REAL,C:\Users\Harish\Downloads\AI deepfake detection\AI_VOICE_DEEPFAKE_DETECTION\data\processed\audio\yt_0012_part_039.npy,4.078,4.0,44100,16000,6a0e0fd79556b8f39ec32a970070debbd02b7658dbcf404573da336a8888797d,train
yt_0012_part_041,REAL,C:\Users\Harish\Downloads\AI deepfake detection\AI_VOICE_DEEPFAKE_DETECTION\data\processed\audio\yt_0012_part_041.npy,4.248,4.0,44100,16000,4435285495f81cabe392bf069d32ff3ee136f2be5c893654721c277243d847e8,train
yt_0012_part_042,REAL,C:\Users\Harish\Downloads\AI deepfake detection\AI_VOICE_DEEPFAKE_DETECTION\data\processed\audio\yt_0012_part_042.npy,4.691,4.0,44100,16000,e63b30d0acd2460c584f8f1ddba97bd98f0b904eee76d8554a207abd39b17764,train
yt_0012_part_043,REAL,C:\Users\Harish\Downloads\AI deepfake detection\AI_VOICE_DEEPFAKE_DETECTION\data\processed\audio\yt_0012_part_043.npy,8.428,4.0,44100,16000,c294c18db55a91f96936212447ff232313d0e836f8aa604dcd94560cd134325d,train
yt_0012_part_050,REAL,C:\Users\Harish\Downloads\AI deepfake detection\AI_VOICE_DEEPFAKE_DETECTION\data\processed\audio\yt_0012_part_050.npy,3.717,4.0,44100,16000,806e1419e6b0578fd0804f36467ebcf3cda71060be512869ace004355a7651ac,train
yt_0012_part_059,REAL,C:\Users\Harish\Downloads\AI deepfake detection\AI_VOICE_DEEPFAKE_DETECTION\data\processed\audio\yt_0012_part_059.npy,3.212,4.0,44100,16000,05effe769f083ad0720dec92a98341ac39826308dff3651e8b9987bae816c80b,train
yt_0012_part_061,REAL,C:\Users\Harish\Downloads\AI deepfake detection\AI_VOICE_DEEPFAKE_DETECTION\data\processed\audio\yt_0012_part_061.npy,8.092,4.0,44100,16000,eb2e0e77ce1aeb9ba75f42c2b94363d06c99186e0cf13c85b4c57d0ad6349dc9,train
yt_0012_part_062,REAL,C:\Users\Harish\Downloads\AI deepfake detection\AI_VOICE_DEEPFAKE_DETECTION\data\processed\audio\yt_0012_part_062.npy,8.45,4.0,44100,16000,b56fde86e3e9cec8390674a58f63142584c1d3df808bc14334d5499c6e8474f9,train
yt_0012_part_066,REAL,C:\Users\Harish\Downloads\AI deepfake detection\AI_VOICE_DEEPFAKE_DETECTION\data\processed\audio\yt_0012_part_066.npy,4.064,4.0,44100,16000,d3fcacfc2b0e490a057dd937deff9f34555deb7dce95cd9ce54f90d1b5ed5ba1,train
yt_0012_part_069,REAL,C:\Users\Harish\Downloads\AI deepfake detection\AI_VOICE_DEEPFAKE_DETECTION\data\processed\audio\yt_0012_part_069.npy,3.082,4.0,44100,16000,d650815cb3308db8f963014cd5248bcf0523f9ccd27551dc18c0b25740f1d4b3,train
yt_0012_part_070,REAL,C:\Users\Harish\Downloads\AI deepfake detection\AI_VOICE_DEEPFAKE_DETECTION\data\processed\audio\yt_0012_part_070.npy,4.847,4.0,44100,16000,b76d50758ea440f1ebd2f49e4f9ca427fce8706f17257ae7890b6949d24a5e93,train
yt_0012_part_071,REAL,C:\Users\Harish\Downloads\AI deepfake detection\AI_VOICE_DEEPFAKE_DETECTION\data\processed\audio\yt_0012_part_071.npy,5.905,4.0,44100,16000,81b994cc6ba92444b69e234319b613b8894839189d331d14c8fa3116b2d4d8ee,train
yt_0012_part_073,REAL,C:\Users\Harish\Downloads\AI deepfake detection\AI_VOICE_DEEPFAKE_DETECTION\data\processed\audio\yt_0012_part_073.npy,2.986,4.0,44100,16000,1cf47d3dcf9a63b05e2f365510fe6f78a84984561b2228180554a6a2699fc0be,train
yt_0012_part_074,REAL,C:\Users\Harish\Downloads\AI deepfake detection\AI_VOICE_DEEPFAKE_DETECTION\data\processed\audio\yt_0012_part_074.npy,2.615,4.0,44100,16000,a3a9c413fc5c727b795fe494329375e00b48e405a243eb3c3c29b6d2fb123cf5,train
yt_0012_part_080,REAL,C:\Users\Harish\Downloads\AI deepfake detection\AI_VOICE_DEEPFAKE_DETECTION\data\processed\audio\yt_0012_part_080.npy,4.282,4.0,44100,16000,81ffef9e6e697a36b19f1e3799e3fb90fd12d628293ef6330145f3f65c511729,train
yt_0012_part_082,REAL,C:\Users\Harish\Downloads\AI deepfake detection\AI_VOICE_DEEPFAKE_DETECTION\data\processed\audio\yt_0012_part_082.npy,3.15,4.0,44100,16000,220bdab4a5f8f0426ad2a9d6ae34910386e2bf23a7c64d82a3bf7892987932aa,train
yt_0012_part_083,REAL,C:\Users\Harish\Downloads\AI deepfake detection\AI_VOICE_DEEPFAKE_DETECTION\data\processed\audio\yt_0012_part_083.npy,4.097,4.0,44100,16000,15d028310dbd4fd572a226468b105b1c4b3db72b9e5d393fe678e7680f7d4015,train
yt_0012_part_084,REAL,C:\Users\Harish\Downloads\AI deepfake detection\AI_VOICE_DEEPFAKE_DETECTION\data\processed\audio\yt_0012_part_084.npy,2.942,4.0,44100,16000,a95ba18981443dc5a2206eaa43339061911a435e00fad9f02f4f5e9e0a6b13e0,train
yt_0012_part_086,REAL,C:\Users\Harish\Downloads\AI deepfake detection\AI_VOICE_DEEPFAKE_DETECTION\data\processed\audio\yt_0012_part_086.npy,11.325,4.0,44100,16000,dee39120b7a50a323753becc657ecc1e4590dfb859ac77e4ed0e9e4000e2ac64,train
yt_0012_part_087,REAL,C:\Users\Harish\Downloads\AI deepfake detection\AI_VOICE_DEEPFAKE_DETECTION\data\processed\audio\yt_0012_part_087.npy,4.832,4.0,44100,16000,430eb5863305eab2f268b77897ac94695afc10fb5e1c77e829ebcccb7dd54063,train
yt_0012_part_088,REAL,C:\Users\Harish\Downloads\AI deepfake detection\AI_VOICE_DEEPFAKE_DETECTION\data\processed\audio\yt_0012_part_088.npy,2.561,4.0,44100,16000,b5532e46cef7c424629dece3b5027007e50ede5b8ba769c16f77a60eee85e63a,train
yt_0012_part_091,REAL,C:\Users\Harish\Downloads\AI deepfake detection\AI_VOICE_DEEPFAKE_DETECTION\data\processed\audio\yt_0012_part_091.npy,2.965,4.0,44100,16000,a8f584977c01b05d4eb349a80acf2c024a8f0a906e1a43241a65f6890cc0057e,train
yt_0012_part_093,REAL,C:\Users\Harish\Downloads\AI deepfake detection\AI_VOICE_DEEPFAKE_DETECTION\data\processed\audio\yt_0012_part_093.npy,6.483,4.0,44100,16000,801f65cf6a233dd9019f1d3a6f1ae9ef7b8a8b525700b5a345e8e63d83b1d765,train
yt_0012_part_094,REAL,C:\Users\Harish\Downloads\AI deepfake detection\AI_VOICE_DEEPFAKE_DETECTION\data\processed\audio\yt_0012_part_094.npy,5.726,4.0,44100,16000,92b97b1df1017c30ae86c09d376f1a6dae26f46f1c20edb86323f2325474a8e2,train
yt_0012_part_095,REAL,C:\Users\Harish\Downloads\AI deepfake detection\AI_VOICE_DEEPFAKE_DETECTION\data\processed\audio\yt_0012_part_095.npy,3.329,4.0,44100,16000,6e79b35209960a0ec7bc78968a1dc8b6d5937d11fb8c02d7c07d574df71d0333,train
yt_0012_part_096,REAL,C:\Users\Harish\Downloads\AI deepfake detection\AI_VOICE_DEEPFAKE_DETECTION\data\processed\audio\yt_0012_part_096.npy,4.581,4.0,44100,16000,4f94f0836434e710f13ee7741d23eeff65bb799a6b1fdab4cf6e5cc67bbc95df,train
yt_0012_part_097,REAL,C:\Users\Harish\Downloads\AI deepfake detection\AI_VOICE_DEEPFAKE_DETECTION\data\processed\audio\yt_0012_part_097.npy,3.322,4.0,44100,16000,5256f96dcb16801d16204fc9ebd5fb5f986145376955d2bf78dc2fa811ca2a2e,train
yt_0012_part_098,REAL,C:\Users\Harish\Downloads\AI deepfake detection\AI_VOICE_DEEPFAKE_DETECTION\data\processed\audio\yt_0012_part_098.npy,4.587,4.0,44100,16000,98dcc0b2264e51ca3d2a9d0a426c7d677a5da14bba34dde11c74100f5d803c19,train
yt_0012_part_100,REAL,C:\Users\Harish\Downloads\AI deepfake detection\AI_VOICE_DEEPFAKE_DETECTION\data\processed\audio\yt_0012_part_100.npy,3.716,4.0,44100,16000,240da5bc7e9f444a37a586b8729944bc76f764322810166eeb65669c7e9222ac,train
yt_0012_part_103,REAL,C:\Users\Harish\Downloads\AI deepfake detection\AI_VOICE_DEEPFAKE_DETECTION\data\processed\audio\yt_0012_part_103.npy,7.301,4.0,44100,16000,73feeff6f385434d9e3a6d83a66108f14126bba1e98ac635699657d0a53479ce,train
yt_0012_part_105,REAL,C:\Users\Harish\Downloads\AI deepfake detection\AI_VOICE_DEEPFAKE_DETECTION\data\processed\audio\yt_0012_part_105.npy,3.978,4.0,44100,16000,0e3139f07b593536749dc35a946ab5360e84040ab1d6bcc3b1cbf3b4f595cca0,train
yt_0012_part_108,REAL,C:\Users\Harish\Downloads\AI deepfake detection\AI_VOICE_DEEPFAKE_DETECTION\data\processed\audio\yt_0012_part_108.npy,3.215,4.0,44100,16000,fe6b00e7d914b7b5a75b52d6a1a7e63c7590ad1bb91115a8c23337e80f325862,train
yt_0012_part_109,REAL,C:\Users\Harish\Downloads\AI deepfake detection\AI_VOICE_DEEPFAKE_DETECTION\data\processed\audio\yt_0012_part_109.npy,4.085,4.0,44100,16000,a3cd1667ba85836d3041c7bb7c1d820deea867b5b8294530469fff3d731b3084,train
yt_0012_part_111,REAL,C:\Users\Harish\Downloads\AI deepfake detection\AI_VOICE_DEEPFAKE_DETECTION\data\processed\audio\yt_0012_part_111.npy,7.621,4.0,44100,16000,e27c9809d0956e3f9970441c9520fc69745da2d4a61e15d4da323eae308c01be,train
yt_0012_part_112,REAL,C:\Users\Harish\Downloads\AI deepfake detection\AI_VOICE_DEEPFAKE_DETECTION\data\processed\audio\yt_0012_part_112.npy,5.291,4.0,44100,16000,dd7d285c3c9cb78c43704fe69f5cb5e58ef6055de1fa9c73c5c111ec59b1ce45,train
yt_0012_part_115,REAL,C:\Users\Harish\Downloads\AI deepfake detection\AI_VOICE_DEEPFAKE_DETECTION\data\processed\audio\yt_0012_part_115.npy,2.903,4.0,44100,16000,d30572b825b0480dd763285acbba5ab168dbd864b71402d9c8ce71c4924f9d5f,train
yt_0012_part_121,REAL,C:\Users\Harish\Downloads\AI deepfake detection\AI_VOICE_DEEPFAKE_DETECTION\data\processed\audio\yt_0012_part_121.npy,3.639,4.0,44100,16000,9511a2779d4daefd8d1bd59f7837e53f4195c3e4d64cd19cf7f5e885d9d79d0e,train
yt_0012_part_124,REAL,C:\Users\Harish\Downloads\AI deepfake detection\AI_VOICE_DEEPFAKE_DETECTION\data\processed\audio\yt_0012_part_124.npy,5.547,4.0,44100,16000,f343371517413a71a1ff3ffed2e1d0a1a15522e02e956604b44b6cd9383e0e72,train
yt_0012_part_126,REAL,C:\Users\Harish\Downloads\AI deepfake detection\AI_VOICE_DEEPFAKE_DETECTION\data\processed\audio\yt_0012_part_126.npy,5.261,4.0,44100,16000,354bb75941e409b2a9a403f03c75d03b73d7f2f52efb3f67aa772b2bce02d9c1,train
yt_0012_part_128,REAL,C:\Users\Harish\Downloads\AI deepfake detection\AI_VOICE_DEEPFAKE_DETECTION\data\processed\audio\yt_0012_part_128.npy,3.186,4.0,44100,16000,9033957791efc78570640f2b12b7df397b64c4529e79a9f3184bfe938c894cc5,train
yt_0012_part_130,REAL,C:\Users\Harish\Downloads\AI deepfake detection\AI_VOICE_DEEPFAKE_DETECTION\data\processed\audio\yt_0012_part_130.npy,4.879,4.0,44100,16000,968b941eff0bc177565e319fbf7ef4cd596a038048422c154ce1df9496ce5318,train
yt_0012_part_131,REAL,C:\Users\Harish\Downloads\AI deepfake detection\AI_VOICE_DEEPFAKE_DETECTION\data\processed\audio\yt_0012_part_131.npy,4.935,4.0,44100,16000,85b22cf80db25c8654d9c74b51b81b0df2ccfaaffbb674f71f2d9fb44b8cf854,train
yt_0012_part_136,REAL,C:\Users\Harish\Downloads\AI deepfake detection\AI_VOICE_DEEPFAKE_DETECTION\data\processed\audio\yt_0012_part_136.npy,3.445,4.0,44100,16000,666b56620cde40be8d74a2ddf6328eebc62b7787a341a3c96e223e395d2c6d31,train
yt_0012_part_137,REAL,C:\Users\Harish\Downloads\AI deepfake detection\AI_VOICE_DEEPFAKE_DETECTION\data\processed\audio\yt_0012_part_137.npy,4.823,4.0,44100,16000,8c37085de6e8b83dcb9829486fd30457ac206502e6f296a12fccbd8c0b9e8101,train
yt_0012_part_138,REAL,C:\Users\Harish\Downloads\AI deepfake detection\AI_VOICE_DEEPFAKE_DETECTION\data\processed\audio\yt_0012_part_138.npy,2.5,4.0,44100,16000,98303def44adc987944e40f7ed20b119e01936b63807cc08d3da241d5628de5c,train
yt_0012_part_140,REAL,C:\Users\Harish\Downloads\AI deepfake detection\AI_VOICE_DEEPFAKE_DETECTION\data\processed\audio\yt_0012_part_140.npy,2.98,4.0,44100,16000,16d3ac25699b15c734a8a6a852bf91d907eab3984a3ce435f1d7168f69a94264,train
yt_0012_part_143,REAL,C:\Users\Harish\Downloads\AI deepfake detection\AI_VOICE_DEEPFAKE_DETECTION\data\processed\audio\yt_0012_part_143.npy,2.701,4.0,44100,16000,9e8f149ea98d69eeedc24c28a47db209520a82b84ffa3d1e3b44437564fdf80e,train
yt_0012_part_148,REAL,C:\Users\Harish\Downloads\AI deepfake detection\AI_VOICE_DEEPFAKE_DETECTION\data\processed\audio\yt_0012_part_148.npy,4.386,4.0,44100,16000,7da2dceafd24aba94d7af07ada3dc787723319b3f259ca567816f75259fcbdc0,train
yt_0012_part_149,REAL,C:\Users\Harish\Downloads\AI deepfake detection\AI_VOICE_DEEPFAKE_DETECTION\data\processed\audio\yt_0012_part_149.npy,4.232,4.0,44100,16000,b53c287188d652911dcc682b3b2fec753e826e76567f3d7fc4e0c8d41cb8ed2d,train
yt_0012_part_153,REAL,C:\Users\Harish\Downloads\AI deepfake detection\AI_VOICE_DEEPFAKE_DETECTION\data\processed\audio\yt_0012_part_153.npy,6.43,4.0,44100,16000,f3d7f6684f4e3447a59ac1bfa757d08c0772b188a8f6ef45191dd26192ec1db2,train
yt_0012_part_154,REAL,C:\Users\Harish\Downloads\AI deepfake detection\AI_VOICE_DEEPFAKE_DETECTION\data\processed\audio\yt_0012_part_154.npy,6.102,4.0,44100,16000,357c4de35236a59bb4f55e5eeca09224756f9cc49ca84ad18ba238ace388e86c,train
yt_0012_part_159,REAL,C:\Users\Harish\Downloads\AI deepfake detection\AI_VOICE_DEEPFAKE_DETECTION\data\processed\audio\yt_0012_part_159.npy,5.839,4.0,44100,16000,f150733a2cc7ac5e9eac62399c687229075030e26a44b21b5216e159c6f749bb,train
yt_0012_part_160,REAL,C:\Users\Harish\Downloads\AI deepfake detection\AI_VOICE_DEEPFAKE_DETECTION\data\processed\audio\yt_0012_part_160.npy,3.558,4.0,44100,16000,0085b1b26891f1df90f81f8ced0baed837dcb5170b1f7c85e0f3ab3a0390a321,train
yt_0012_part_161,REAL,C:\Users\Harish\Downloads\AI deepfake detection\AI_VOICE_DEEPFAKE_DETECTION\data\processed\audio\yt_0012_part_161.npy,5.739,4.0,44100,16000,ced8efce66cd46e7640b023c20b9008ee7af2dda4692ab65e1d024a7cf3576d8,train
yt_0012_part_165,REAL,C:\Users\Harish\Downloads\AI deepfake detection\AI_VOICE_DEEPFAKE_DETECTION\data\processed\audio\yt_0012_part_165.npy,4.063,4.0,44100,16000,67972572a8d4830527083185ae35ff337f379aacd58fb63343e6de8730097f6c,train
yt_0012_part_167,REAL,C:\Users\Harish\Downloads\AI deepfake detection\AI_VOICE_DEEPFAKE_DETECTION\data\processed\audio\yt_0012_part_167.npy,6.734,4.0,44100,16000,730d2dc4a17b1b7316ecc79470fc4d93dbd9c7bdf6b405e86cd0b67f9537d445,train
yt_0012_part_169,REAL,C:\Users\Harish\Downloads\AI deepfake detection\AI_VOICE_DEEPFAKE_DETECTION\data\processed\audio\yt_0012_part_169.npy,5.713,4.0,44100,16000,f3594de1e9e1309a2d39ea9a73348aee46052ab6578a8257d37825f25cdc5be8,train
yt_0012_part_170,REAL,C:\Users\Harish\Downloads\AI deepfake detection\AI_VOICE_DEEPFAKE_DETECTION\data\processed\audio\yt_0012_part_170.npy,7.18,4.0,44100,16000,c63095d5179c9f990122df2f864ab4c2979af6c4cf582f62141d7c2d9758d432,train
yt_0013_p2_part_113,REAL,C:\Users\Harish\Downloads\AI deepfake detection\AI_VOICE_DEEPFAKE_DETECTION\data\processed\audio\yt_0013_p2_part_113.npy,6.768,4.0,44100,16000,e9f472af9600f9e8018706a778063b54035689b77b9fa8f7b053890b9fa8dca2,train
yt_0013_part_003,REAL,C:\Users\Harish\Downloads\AI deepfake detection\AI_VOICE_DEEPFAKE_DETECTION\data\processed\audio\yt_0013_part_003.npy,5.699,4.0,44100,16000,eadf5878c83ddeacdb3080c7240415acf7b344b619031d3201d0117bbdd7d7d7,train
yt_0013_part_004,REAL,C:\Users\Harish\Downloads\AI deepfake detection\AI_VOICE_DEEPFAKE_DETECTION\data\processed\audio\yt_0013_part_004.npy,3.574,4.0,44100,16000,1d68bc6c2954eff888f0f7e45dae565120886ce364444c3d465bfbd70d6a1219,train
yt_0013_part_005,REAL,C:\Users\Harish\Downloads\AI deepfake detection\AI_VOICE_DEEPFAKE_DETECTION\data\processed\audio\yt_0013_part_005.npy,3.88,4.0,44100,16000,9a340582eac7f6614819490dc1d93af9acbedf2d346ca31be0105bd83b1b2249,train
yt_0013_part_008,REAL,C:\Users\Harish\Downloads\AI deepfake detection\AI_VOICE_DEEPFAKE_DETECTION\data\processed\audio\yt_0013_part_008.npy,2.967,4.0,44100,16000,35fe5a347caf2d56c3f71a635110e60184cb47e4b6334aaa9acaaa9ac76ea9d3,train
yt_0013_part_011,REAL,C:\Users\Harish\Downloads\AI deepfake detection\AI_VOICE_DEEPFAKE_DETECTION\data\processed\audio\yt_0013_part_011.npy,4.786,4.0,44100,16000,702034af01413a422d8f85288544c60533271a2cd29d71b21fffc809b73b424c,train
yt_0013_part_012,REAL,C:\Users\Harish\Downloads\AI deepfake detection\AI_VOICE_DEEPFAKE_DETECTION\data\processed\audio\yt_0013_part_012.npy,5.562,4.0,44100,16000,7ca90917e7fa717fc07338e3a1ffabe71ec014b4eef35a31eb0f58f896cdf3a8,train
yt_0013_part_013,REAL,C:\Users\Harish\Downloads\AI deepfake detection\AI_VOICE_DEEPFAKE_DETECTION\data\processed\audio\yt_0013_part_013.npy,2.826,4.0,44100,16000,bc7852c084fa2bad95770b9486199e310fe0972fe630845dbee2cefb334962e6,train
yt_0013_part_014,REAL,C:\Users\Harish\Downloads\AI deepfake detection\AI_VOICE_DEEPFAKE_DETECTION\data\processed\audio\yt_0013_part_014.npy,3.732,4.0,44100,16000,1322a800827f0d0f8b3382f274958f08dbe16a03f7ad25cfd74631e408c55ee7,train
yt_0013_part_017,REAL,C:\Users\Harish\Downloads\AI deepfake detection\AI_VOICE_DEEPFAKE_DETECTION\data\processed\audio\yt_0013_part_017.npy,2.834,4.0,44100,16000,6a9190d968a6078a5e179f5c32f3e81c579b6d45173b201a2e73b829076ccdd4,train
yt_0013_part_018,REAL,C:\Users\Harish\Downloads\AI deepfake detection\AI_VOICE_DEEPFAKE_DETECTION\data\processed\audio\yt_0013_part_018.npy,4.391,4.0,44100,16000,e895b538f0f6fa538cc52de4d90a801435e9cae2de244d349c1726cdd5da0c38,train
yt_0013_part_022,REAL,C:\Users\Harish\Downloads\AI deepfake detection\AI_VOICE_DEEPFAKE_DETECTION\data\processed\audio\yt_0013_part_022.npy,2.663,4.0,44100,16000,b20aad973df00abbb16e537645dfd299619949cf000d70c216ddce2518747287,train
yt_0013_part_023,REAL,C:\Users\Harish\Downloads\AI deepfake detection\AI_VOICE_DEEPFAKE_DETECTION\data\processed\audio\yt_0013_part_023.npy,3.643,4.0,44100,16000,36edb1aa10bcca4e31fcca11491b3e1743156c0a50a659842b685f65e98bb714,train
yt_0013_part_025,REAL,C:\Users\Harish\Downloads\AI deepfake detection\AI_VOICE_DEEPFAKE_DETECTION\data\processed\audio\yt_0013_part_025.npy,6.865,4.0,44100,16000,cc7488333ffd02385e8c9324af6f1c63c723958865f6da75065ff3f6bb38f082,train
yt_0013_part_027,REAL,C:\Users\Harish\Downloads\AI deepfake detection\AI_VOICE_DEEPFAKE_DETECTION\data\processed\audio\yt_0013_part_027.npy,3.659,4.0,44100,16000,f76e5a9c446b483813b68376c13ae940f95f5ea7907ffce8ef61c940b3632c3f,train
yt_0013_part_029,REAL,C:\Users\Harish\Downloads\AI deepfake detection\AI_VOICE_DEEPFAKE_DETECTION\data\processed\audio\yt_0013_part_029.npy,3.18,4.0,44100,16000,2f3eb7f9e6131acd89f03ac8b87d2217c2440604ec4942b1d82781a66abf2bd5,train
yt_0013_part_030,REAL,C:\Users\Harish\Downloads\AI deepfake detection\AI_VOICE_DEEPFAKE_DETECTION\data\processed\audio\yt_0013_part_030.npy,3.473,4.0,44100,16000,9db089e56c0a08709d12dd62f69d142bbf6a9834cd94628468e66398c96027c0,train
yt_0013_part_032,REAL,C:\Users\Harish\Downloads\AI deepfake detection\AI_VOICE_DEEPFAKE_DETECTION\data\processed\audio\yt_0013_part_032.npy,2.938,4.0,44100,16000,8db29a065fa6e0c74560274ea588db575c1f732259fbb4da28b22a42ef86cc3a,train
yt_0013_part_035,REAL,C:\Users\Harish\Downloads\AI deepfake detection\AI_VOICE_DEEPFAKE_DETECTION\data\processed\audio\yt_0013_part_035.npy,6.27,4.0,44100,16000,e0b2947a4ae24ac06ea696d6eaca01bf0e744cdbedd43221c233654304774718,train
yt_0013_part_036,REAL,C:\Users\Harish\Downloads\AI deepfake detection\AI_VOICE_DEEPFAKE_DETECTION\data\processed\audio\yt_0013_part_036.npy,4.969,4.0,44100,16000,6529bee3a89149b902a0c1cb8a91577a8f8a2104955e6daa93ea4c6a0b011a40,train
yt_0013_part_038,REAL,C:\Users\Harish\Downloads\AI deepfake detection\AI_VOICE_DEEPFAKE_DETECTION\data\processed\audio\yt_0013_part_038.npy,6.734,4.0,44100,16000,aaddaf6d63f771093e88e718435ab70e636bbdd51d8ec259152940dd3116e9ab,train
yt_0013_part_042,REAL,C:\Users\Harish\Downloads\AI deepfake detection\AI_VOICE_DEEPFAKE_DETECTION\data\processed\audio\yt_0013_part_042.npy,3.893,4.0,44100,16000,e6e7f554272fc3b9e4f23bd4922dcabb63bdc943c2fa4b1ead71282e2de74427,train
yt_0013_part_043,REAL,C:\Users\Harish\Downloads\AI deepfake detection\AI_VOICE_DEEPFAKE_DETECTION\data\processed\audio\yt_0013_part_043.npy,5.787,4.0,44100,16000,839dadb2cce38de2564949c483e83e6427b8826b4ca2e7123b187a9487c6f017,train
yt_0013_part_045,REAL,C:\Users\Harish\Downloads\AI deepfake detection\AI_VOICE_DEEPFAKE_DETECTION\data\processed\audio\yt_0013_part_045.npy,4.101,4.0,44100,16000,1d6dfc15d9866905af27c0617dc97b2f3900bd6466796971b1aa9a3fb686f873,train
yt_0013_part_050,REAL,C:\Users\Harish\Downloads\AI deepfake detection\AI_VOICE_DEEPFAKE_DETECTION\data\processed\audio\yt_0013_part_050.npy,3.262,4.0,44100,16000,a4a9c89bfd4dfbd78d7316f801e203c49fc9a64f90ba9067c29788a3386f488a,train
yt_0013_part_051,REAL,C:\Users\Harish\Downloads\AI deepfake detection\AI_VOICE_DEEPFAKE_DETECTION\data\processed\audio\yt_0013_part_051.npy,4.106,4.0,44100,16000,847928c55b4f510795b11c18c01aef98005d2e137c9ad024f5f521c2a9f5fd01,train
yt_0013_part_054,REAL,C:\Users\Harish\Downloads\AI deepfake detection\AI_VOICE_DEEPFAKE_DETECTION\data\processed\audio\yt_0013_part_054.npy,4.044,4.0,44100,16000,e6a2df72cc9d64e40b12adf17e914cdda9eb919cdb9b6e22be8b0bc340723f25,train
yt_0013_part_058,REAL,C:\Users\Harish\Downloads\AI deepfake detection\AI_VOICE_DEEPFAKE_DETECTION\data\processed\audio\yt_0013_part_058.npy,6.258,4.0,44100,16000,3320dfaa6e0d168a8c5e28c998c82631fb457bddc778a5d88f41758db086c38f,train
yt_0013_part_060,REAL,C:\Users\Harish\Downloads\AI deepfake detection\AI_VOICE_DEEPFAKE_DETECTION\data\processed\audio\yt_0013_part_060.npy,4.237,4.0,44100,16000,cafdce3a443ecbd7d8f8394dd08373c6e73d40151f9518880bae57b6407e48a7,train
yt_0013_part_066,REAL,C:\Users\Harish\Downloads\AI deepfake detection\AI_VOICE_DEEPFAKE_DETECTION\data\processed\audio\yt_0013_part_066.npy,5.776,4.0,44100,16000,4fac47636e511e97b0a017c5f15c508306fa972d4ec02160c73931ab9d112aa7,train
yt_0013_part_068,REAL,C:\Users\Harish\Downloads\AI deepfake detection\AI_VOICE_DEEPFAKE_DETECTION\data\processed\audio\yt_0013_part_068.npy,2.615,4.0,44100,16000,52803a82b05d76742613455bd9fa4de0e0ee52382acd4214886d98b756661241,train
yt_0013_part_075,REAL,C:\Users\Harish\Downloads\AI deepfake detection\AI_VOICE_DEEPFAKE_DETECTION\data\processed\audio\yt_0013_part_075.npy,4.532,4.0,44100,16000,d4c2bbdc18b75b545727ed298a0bfd3f85a8782cef75930ce334ba5ea369212c,train
yt_0013_part_077,REAL,C:\Users\Harish\Downloads\AI deepfake detection\AI_VOICE_DEEPFAKE_DETECTION\data\processed\audio\yt_0013_part_077.npy,4.232,4.0,44100,16000,01117989b6e5df6cc3ea54e14877a770f56e93b6aee4018a415ea6847326ad20,train
yt_0013_part_078,REAL,C:\Users\Harish\Downloads\AI deepfake detection\AI_VOICE_DEEPFAKE_DETECTION\data\processed\audio\yt_0013_part_078.npy,4.679,4.0,44100,16000,6aa281b28987d1f44ec88446a9d28dc9d68e5d085660c8ae553d329b44d88fd6,train
yt_0013_part_080,REAL,C:\Users\Harish\Downloads\AI deepfake detection\AI_VOICE_DEEPFAKE_DETECTION\data\processed\audio\yt_0013_part_080.npy,4.92,4.0,44100,16000,21d0290b99984bb84501a9863d37526fd70a0f145b2976e83189a3b0c4f43d8a,train
yt_0013_part_083,REAL,C:\Users\Harish\Downloads\AI deepfake detection\AI_VOICE_DEEPFAKE_DETECTION\data\processed\audio\yt_0013_part_083.npy,6.624,4.0,44100,16000,df40afd73e27639530af8d184699d80c607655538bda5f2d1c63092ab0b0ebc5,train
yt_0013_part_084,REAL,C:\Users\Harish\Downloads\AI deepfake detection\AI_VOICE_DEEPFAKE_DETECTION\data\processed\audio\yt_0013_part_084.npy,6.909,4.0,44100,16000,f784637d29c87c6f79ed82c91ed409b9fc997c7e8a14672bc23cfb578b4024a1,train
yt_0013_part_087,REAL,C:\Users\Harish\Downloads\AI deepfake detection\AI_VOICE_DEEPFAKE_DETECTION\data\processed\audio\yt_0013_part_087.npy,3.918,4.0,44100,16000,055395b36d176aaf2f01f08bf0ca36ad981d94866f706fa03ee1117550df9ef7,train
yt_0013_part_088,REAL,C:\Users\Harish\Downloads\AI deepfake detection\AI_VOICE_DEEPFAKE_DETECTION\data\processed\audio\yt_0013_part_088.npy,3.79,4.0,44100,16000,fd4e06c4d5a04a1b5e6b7f766862bda1cf4c8b57e15f139246bd6a6a2169dcb0,train
yt_0013_part_093,REAL,C:\Users\Harish\Downloads\AI deepfake detection\AI_VOICE_DEEPFAKE_DETECTION\data\processed\audio\yt_0013_part_093.npy,3.379,4.0,44100,16000,0c2d45291c436509e1c33b1472a3c46d431d2e37c162efe9592d852a4ea04eb7,train
yt_0013_part_097,REAL,C:\Users\Harish\Downloads\AI deepfake detection\AI_VOICE_DEEPFAKE_DETECTION\data\processed\audio\yt_0013_part_097.npy,8.56,4.0,44100,16000,39a7816fdbc59a2f4ba962f40dfcb3d63c9c74e8193df0f0d4f7cf6f46216f0d,train
yt_0013_part_099,REAL,C:\Users\Harish\Downloads\AI deepfake detection\AI_VOICE_DEEPFAKE_DETECTION\data\processed\audio\yt_0013_part_099.npy,4.332,4.0,44100,16000,61ea5b55c0050b819cfd3c846a3e37380ad8ef75c9e291cd1928084860acb664,train
yt_0013_part_104,REAL,C:\Users\Harish\Downloads\AI deepfake detection\AI_VOICE_DEEPFAKE_DETECTION\data\processed\audio\yt_0013_part_104.npy,4.892,4.0,44100,16000,e78beff3b4706bf24e4de5382116be06729026c5378f4eb986ab83d3fe47296f,train
yt_0013_part_107,REAL,C:\Users\Harish\Downloads\AI deepfake detection\AI_VOICE_DEEPFAKE_DETECTION\data\processed\audio\yt_0013_part_107.npy,3.582,4.0,44100,16000,75e5ffe50f97638617dcab0aec80ac01d8504b907e242f8954ddc5cc5b037e37,train
el_0001_c_part_002,FAKE,C:\Users\Harish\Downloads\AI deepfake detection\AI_VOICE_DEEPFAKE_DETECTION\data\processed\audio\el_0001_c_part_002.npy,3.612,4.0,16000,16000,fc03bde119dcf49942ca94c96f3528d544af2f7141fcd0463caf56dcf912b920,train
el_0001_c_part_003,FAKE,C:\Users\Harish\Downloads\AI deepfake detection\AI_VOICE_DEEPFAKE_DETECTION\data\processed\audio\el_0001_c_part_003.npy,3.309,4.0,16000,16000,26b8b07aadd353ffb7867a81781243bb5e36019a62aa4bdfd26b07e87623a3a6,train
el_0001_c_part_004,FAKE,C:\Users\Harish\Downloads\AI deepfake detection\AI_VOICE_DEEPFAKE_DETECTION\data\processed\audio\el_0001_c_part_004.npy,3.679,4.0,16000,16000,b417e2898f8dc0e62faeeaadb5774d26d23eeda17758e2ffbacb990f1300df9b,train
el_0001_c_part_005,FAKE,C:\Users\Harish\Downloads\AI deepfake detection\AI_VOICE_DEEPFAKE_DETECTION\data\processed\audio\el_0001_c_part_005.npy,3.568,4.0,16000,16000,47f467760cca37c59c9c29492112449e2a5db436651d3d3bc87359d320655f2a,train
el_0001_part_001,FAKE,C:\Users\Harish\Downloads\AI deepfake detection\AI_VOICE_DEEPFAKE_DETECTION\data\processed\audio\el_0001_part_001.npy,3.934,4.0,16000,16000,5e77dd881ff5562462303e92d37840abe164e7bc56b24616d32fada61d8a85fc,train
el_0002_c_part_001,FAKE,C:\Users\Harish\Downloads\AI deepfake detection\AI_VOICE_DEEPFAKE_DETECTION\data\processed\audio\el_0002_c_part_001.npy,2.694,4.0,16000,16000,2a25c09d00620c707f153c0d59cf2a9c2f3fc4fa2b8d073236ab499b903cdf06,train
el_0003_c_part_004,FAKE,C:\Users\Harish\Downloads\AI deepfake detection\AI_VOICE_DEEPFAKE_DETECTION\data\processed\audio\el_0003_c_part_004.npy,3.303,4.0,16000,16000,63eb751637b67b4dc13545bfea13880fb20eb4245d66f96278de7a08d7280bdd,train
el_0003_part_001,FAKE,C:\Users\Harish\Downloads\AI deepfake detection\AI_VOICE_DEEPFAKE_DETECTION\data\processed\audio\el_0003_part_001.npy,2.562,4.0,16000,16000,905b1205cac5cc5f2e23eda6a64edf67f8de47b5467e39a3193688a3d7633824,train
el_0004_c_part_001,FAKE,C:\Users\Harish\Downloads\AI deepfake detection\AI_VOICE_DEEPFAKE_DETECTION\data\processed\audio\el_0004_c_part_001.npy,3.824,4.0,16000,16000,d893faa9dfd56d62b830c9165f91d630d093f64e3bca2e574fed888013bb64c4,train
el_0004_c_part_003,FAKE,C:\Users\Harish\Downloads\AI deepfake detection\AI_VOICE_DEEPFAKE_DETECTION\data\processed\audio\el_0004_c_part_003.npy,4.118,4.0,16000,16000,78998e8898d4e5a863565ab071c9cb1564c6a00a52e5058dcdbb27c42f7c3de5,train
el_0005_part_001,FAKE,C:\Users\Harish\Downloads\AI deepfake detection\AI_VOICE_DEEPFAKE_DETECTION\data\processed\audio\el_0005_part_001.npy,4.264,4.0,16000,16000,29e83eb4721574cb5856adfcde2c8ca86bed5a16e28e9bcbe991aa8ec011ff78,train
el_0005_part_002,FAKE,C:\Users\Harish\Downloads\AI deepfake detection\AI_VOICE_DEEPFAKE_DETECTION\data\processed\audio\el_0005_part_002.npy,3.133,4.0,16000,16000,aa47ddbe0e9202f70d6664957baf2c7c38b79750a80bc2f49bf57fe55b84e6b2,train
el_0006_c_part_002,FAKE,C:\Users\Harish\Downloads\AI deepfake detection\AI_VOICE_DEEPFAKE_DETECTION\data\processed\audio\el_0006_c_part_002.npy,2.6,4.0,16000,16000,b0f309f5b5668aadbeadbe7edb8a440ae280993bf44a49a334719e0a936d5a90,train
el_0006_c_part_003,FAKE,C:\Users\Harish\Downloads\AI deepfake detection\AI_VOICE_DEEPFAKE_DETECTION\data\processed\audio\el_0006_c_part_003.npy,3.517,4.0,16000,16000,810b033f668bd0ee1acb6ba146cf547463e1a1f9216ba6053abdd3315e717f82,train
el_0006_part_001,FAKE,C:\Users\Harish\Downloads\AI deepfake detection\AI_VOICE_DEEPFAKE_DETECTION\data\processed\audio\el_0006_part_001.npy,3.075,4.0,16000,16000,db2bb59ddb825e2b132ff1ff2204719ffb15b5c9c87c4919a394d91f63318aea,train
el_0007_c_part_002,FAKE,C:\Users\Harish\Downloads\AI deepfake detection\AI_VOICE_DEEPFAKE_DETECTION\data\processed\audio\el_0007_c_part_002.npy,4.306,4.0,16000,16000,c166242c80f31c6f5754c77b236dcbc64f0b233bd7ac20273211f307c20ac848,train
el_0008_c_part_003,FAKE,C:\Users\Harish\Downloads\AI deepfake detection\AI_VOICE_DEEPFAKE_DETECTION\data\processed\audio\el_0008_c_part_003.npy,4.048,4.0,16000,16000,2a068bba182881ff325ac3ed6194f2f448235d65659dd2a2104e278347a3d358,train
el_0008_c_part_004,FAKE,C:\Users\Harish\Downloads\AI deepfake detection\AI_VOICE_DEEPFAKE_DETECTION\data\processed\audio\el_0008_c_part_004.npy,3.775,4.0,16000,16000,a17ba54734e7da641eb7330bd248d0cec7ebce926953d7d756472ac241b61e68,train
el_0008_c_part_005,FAKE,C:\Users\Harish\Downloads\AI deepfake detection\AI_VOICE_DEEPFAKE_DETECTION\data\processed\audio\el_0008_c_part_005.npy,2.692,4.0,16000,16000,309017c14d1f55c2ad3f5f68961488cba46f97127e4049735abf6748e2a24197,train
el_0008_c_part_006,FAKE,C:\Users\Harish\Downloads\AI deepfake detection\AI_VOICE_DEEPFAKE_DETECTION\data\processed\audio\el_0008_c_part_006.npy,2.925,4.0,16000,16000,4c3747f90e38857d4a53a2c0acbe83c525a52f77cb3e239bfe46c03e410e17fe,train
el_0008_part_001,FAKE,C:\Users\Harish\Downloads\AI deepfake detection\AI_VOICE_DEEPFAKE_DETECTION\data\processed\audio\el_0008_part_001.npy,4.249,4.0,16000,16000,f7a226748c24ebab5d2913d543a57fe0dc255a328b6a9d9c2397a02155f6a1a9,train
el_0008_part_002,FAKE,C:\Users\Harish\Downloads\AI deepfake detection\AI_VOICE_DEEPFAKE_DETECTION\data\processed\audio\el_0008_part_002.npy,2.526,4.0,16000,16000,6d8471e73a830106f932bf93240eb4e8a97b1f16afe0af30a289ab841d5672df,train
el_0009_c_part_007,FAKE,C:\Users\Harish\Downloads\AI deepfake detection\AI_VOICE_DEEPFAKE_DETECTION\data\processed\audio\el_0009_c_part_007.npy,2.915,4.0,16000,16000,27d9c4257eb4d75fe0ffd9c275c463e28ab1813b4b8a3a34848a4eae2f1ba57d,train
el_0009_c_part_008,FAKE,C:\Users\Harish\Downloads\AI deepfake detection\AI_VOICE_DEEPFAKE_DETECTION\data\processed\audio\el_0009_c_part_008.npy,3.712,4.0,16000,16000,dfa4e403ab682ac1bbfce11d97deadedc7ceddae6a812fbff2243f5751a10d90,train
el_0009_c_part_009,FAKE,C:\Users\Harish\Downloads\AI deepfake detection\AI_VOICE_DEEPFAKE_DETECTION\data\processed\audio\el_0009_c_part_009.npy,2.515,4.0,16000,16000,5d8609c0fea7c835866913a3de1df28022d6ca9dc430e49677a54c30b66ae9c3,train
el_0009_c_part_011,FAKE,C:\Users\Harish\Downloads\AI deepfake detection\AI_VOICE_DEEPFAKE_DETECTION\data\processed\audio\el_0009_c_part_011.npy,3.733,4.0,16000,16000,ba3a661ce4ebed668a9036fec584c10e44086b2082673c1c0c47d714f9577b42,train
el_0009_part_001,FAKE,C:\Users\Harish\Downloads\AI deepfake detection\AI_VOICE_DEEPFAKE_DETECTION\data\processed\audio\el_0009_part_001.npy,3.293,4.0,16000,16000,5717ebe98fd179ea7132514246d0a3df0b4ca6aecf0774c94a47f259549f6734,train
el_0009_part_003,FAKE,C:\Users\Harish\Downloads\AI deepfake detection\AI_VOICE_DEEPFAKE_DETECTION\data\processed\audio\el_0009_part_003.npy,3.762,4.0,16000,16000,a0f671a3e1786218b3b54a1059fcbdb2d732ae4bcccb927d5ec05f934d6be41c,train
el_0010_c_part_005,FAKE,C:\Users\Harish\Downloads\AI deepfake detection\AI_VOICE_DEEPFAKE_DETECTION\data\processed\audio\el_0010_c_part_005.npy,2.673,4.0,16000,16000,2c7026bd6008762fb716d94f9bd11a273cad6e12774ed34bea3e49531c015008,train
el_0010_c_part_006,FAKE,C:\Users\Harish\Downloads\AI deepfake detection\AI_VOICE_DEEPFAKE_DETECTION\data\processed\audio\el_0010_c_part_006.npy,3.444,4.0,16000,16000,adf9f42bc83a1483cef6b410e2c8ac242dfb2dd1bc22543fcdcfd5f35c2fc17c,train
el_0010_c_part_007,FAKE,C:\Users\Harish\Downloads\AI deepfake detection\AI_VOICE_DEEPFAKE_DETECTION\data\processed\audio\el_0010_c_part_007.npy,2.588,4.0,16000,16000,2ac9e19de7dcc80f229c2ac5f30434e7466a65cfe152a76f1a598d0e81d0e630,train
el_0010_c_part_008,FAKE,C:\Users\Harish\Downloads\AI deepfake detection\AI_VOICE_DEEPFAKE_DETECTION\data\processed\audio\el_0010_c_part_008.npy,2.62,4.0,16000,16000,46a292e9ac129fb926f37bdaf1c5cddcf3af047a9cd333a2663bdb22d825f6da,train
el_0010_c_part_009,FAKE,C:\Users\Harish\Downloads\AI deepfake detection\AI_VOICE_DEEPFAKE_DETECTION\data\processed\audio\el_0010_c_part_009.npy,3.513,4.0,16000,16000,28f8d19682f63e417b42d8bac91b787dd5cd1b6bc814e27e789cf995a6cfb2e1,train
el_0010_c_part_010,FAKE,C:\Users\Harish\Downloads\AI deepfake detection\AI_VOICE_DEEPFAKE_DETECTION\data\processed\audio\el_0010_c_part_010.npy,3.554,4.0,16000,16000,59c635d3d6034aa75afb373ea6c8dac141f2280fa6e600783a130b3999bbb6bc,train
el_0010_c_part_012,FAKE,C:\Users\Harish\Downloads\AI deepfake detection\AI_VOICE_DEEPFAKE_DETECTION\data\processed\audio\el_0010_c_part_012.npy,2.541,4.0,16000,16000,76298429deaae483185c78e4668f4d535b544bad4040612112185ee596d46329,train
el_0010_c_part_014,FAKE,C:\Users\Harish\Downloads\AI deepfake detection\AI_VOICE_DEEPFAKE_DETECTION\data\processed\audio\el_0010_c_part_014.npy,3.009,4.0,16000,16000,511223dd79204558d9d9a0140ccb001e42f37c8e79966bf98c4a64537912ead2,train
el_0010_c_part_015,FAKE,C:\Users\Harish\Downloads\AI deepfake detection\AI_VOICE_DEEPFAKE_DETECTION\data\processed\audio\el_0010_c_part_015.npy,2.9,4.0,16000,16000,d29ad4b6b2a81d3a4125e5e722aaa4a76e2322f02ef26a8893b8a12758aa7517,train
el_0010_c_part_017,FAKE,C:\Users\Harish\Downloads\AI deepfake detection\AI_VOICE_DEEPFAKE_DETECTION\data\processed\audio\el_0010_c_part_017.npy,3.195,4.0,16000,16000,9742f024b8ece14206c94bbf13ade5ceab95f35f827858670abdcc90712d96ba,train
el_0010_c_part_019,FAKE,C:\Users\Harish\Downloads\AI deepfake detection\AI_VOICE_DEEPFAKE_DETECTION\data\processed\audio\el_0010_c_part_019.npy,3.07,4.0,16000,16000,7529a784b431245ac790945f8e43e868a7ae3d65335cf91d017f5c4cb758f33f,train
el_0010_c_part_021,FAKE,C:\Users\Harish\Downloads\AI deepfake detection\AI_VOICE_DEEPFAKE_DETECTION\data\processed\audio\el_0010_c_part_021.npy,3.527,4.0,16000,16000,6f6408ccc92bee97cae04dc26eb64b06387db973d68f4461e619726e08f63cca,train
el_0010_part_001,FAKE,C:\Users\Harish\Downloads\AI deepfake detection\AI_VOICE_DEEPFAKE_DETECTION\data\processed\audio\el_0010_part_001.npy,2.789,4.0,16000,16000,26df6f5a0657156d7cb43a600f38f9626bc149e4f7ec0348ddca3874558b55bc,train
el_0010_part_002,FAKE,C:\Users\Harish\Downloads\AI deepfake detection\AI_VOICE_DEEPFAKE_DETECTION\data\processed\audio\el_0010_part_002.npy,3.175,4.0,16000,16000,d8a15b596eec37458afa5a41d4d9a2ad55ae6a06b6691c0e0133f988b8c51b2e,train
el_0010_part_003,FAKE,C:\Users\Harish\Downloads\AI deepfake detection\AI_VOICE_DEEPFAKE_DETECTION\data\processed\audio\el_0010_part_003.npy,3.196,4.0,16000,16000,f7ed1193c64efd3707d68c0f50d34f850adb952e53ce3a485d2b5856e80b0089,train
el_0010_part_004,FAKE,C:\Users\Harish\Downloads\AI deepfake detection\AI_VOICE_DEEPFAKE_DETECTION\data\processed\audio\el_0010_part_004.npy,2.758,4.0,16000,16000,6d6da84ab907b4f582c6cbb622a05a3f4f64804c44cfce13dffbe4ee1863c2ec,train
el_0011_c_part_010,FAKE,C:\Users\Harish\Downloads\AI deepfake detection\AI_VOICE_DEEPFAKE_DETECTION\data\processed\audio\el_0011_c_part_010.npy,2.757,4.0,16000,16000,dd0f8cced80d763d3a9ab501882d03e5c3283841fa4448fe5e93467fcb0f3ad1,train
el_0011_c_part_011,FAKE,C:\Users\Harish\Downloads\AI deepfake detection\AI_VOICE_DEEPFAKE_DETECTION\data\processed\audio\el_0011_c_part_011.npy,3.238,4.0,16000,16000,b912fe57053ff0b76c917c25f14cb44b47e44f8fb2d30442abc25132e7f58335,train
el_0011_c_part_012,FAKE,C:\Users\Harish\Downloads\AI deepfake detection\AI_VOICE_DEEPFAKE_DETECTION\data\processed\audio\el_0011_c_part_012.npy,3.815,4.0,16000,16000,67b5c9b269507ecbf6bb22c31de7933fd4d82feb7754ba75cd4a92576424a294,train
el_0011_c_part_013,FAKE,C:\Users\Harish\Downloads\AI deepfake detection\AI_VOICE_DEEPFAKE_DETECTION\data\processed\audio\el_0011_c_part_013.npy,3.089,4.0,16000,16000,f050efece21b3d1e94b15505ca1e97e938fdeaa50078198ed71d7fe9bbe14a11,train
el_0011_c_part_014,FAKE,C:\Users\Harish\Downloads\AI deepfake detection\AI_VOICE_DEEPFAKE_DETECTION\data\processed\audio\el_0011_c_part_014.npy,4.052,4.0,16000,16000,539f83f6975c16e10ca71d66c5a5a8c741a5febf306eab3c6dba47b025a5882f,train
el_0011_c_part_015,FAKE,C:\Users\Harish\Downloads\AI deepfake detection\AI_VOICE_DEEPFAKE_DETECTION\data\processed\audio\el_0011_c_part_015.npy,4.445,4.0,16000,16000,c63b5d10f707d71c939d36a829e51a8246ae46dc272d01f10df7205a19ab112d,train
el_0011_c_part_017,FAKE,C:\Users\Harish\Downloads\AI deepfake detection\AI_VOICE_DEEPFAKE_DETECTION\data\processed\audio\el_0011_c_part_017.npy,3.64,4.0,16000,16000,177e4a97290c88ddbeae82574d4cb8be12734dfe0144fe15ece56901490b7d35,train
el_0011_c_part_018,FAKE,C:\Users\Harish\Downloads\AI deepfake detection\AI_VOICE_DEEPFAKE_DETECTION\data\processed\audio\el_0011_c_part_018.npy,4.384,4.0,16000,16000,9dff45a86a2abffc88a7235e27681780e533d419fde9a4df78f5e05ff2dc8580,train
el_0011_part_001,FAKE,C:\Users\Harish\Downloads\AI deepfake detection\AI_VOICE_DEEPFAKE_DETECTION\data\processed\audio\el_0011_part_001.npy,5.99,4.0,16000,16000,332ac01a3eeb1c27ad1381776e5b1be4ab9290c07531f8c71d06ff2d1f3af628,train
el_0011_part_002,FAKE,C:\Users\Harish\Downloads\AI deepfake detection\AI_VOICE_DEEPFAKE_DETECTION\data\processed\audio\el_0011_part_002.npy,2.533,4.0,16000,16000,46fb4e740dd9e1033774b6f60d78f9ecf6ea4134360a3040781033c6f14be8a7,train
el_0011_part_003,FAKE,C:\Users\Harish\Downloads\AI deepfake detection\AI_VOICE_DEEPFAKE_DETECTION\data\processed\audio\el_0011_part_003.npy,4.219,4.0,16000,16000,1236e671bbed22462eaa37cc96b29299ece7967c7c811d126029fc8977cdab2a,train
el_0011_part_005,FAKE,C:\Users\Harish\Downloads\AI deepfake detection\AI_VOICE_DEEPFAKE_DETECTION\data\processed\audio\el_0011_part_005.npy,2.648,4.0,16000,16000,fbbe2f6f796f6495bd42981da71ffd0c464263c7c0e2f74a3f5467e2c26c95b1,train
el_0011_part_006,FAKE,C:\Users\Harish\Downloads\AI deepfake detection\AI_VOICE_DEEPFAKE_DETECTION\data\processed\audio\el_0011_part_006.npy,3.493,4.0,16000,16000,100aefd9796d8eeca524088731cbc864ab008ae4c6ad44031c048c1f57aeb2de,train
el_0011_part_008,FAKE,C:\Users\Harish\Downloads\AI deepfake detection\AI_VOICE_DEEPFAKE_DETECTION\data\processed\audio\el_0011_part_008.npy,2.645,4.0,16000,16000,866d1acc0be0b42346bc64dd0ed77e404fd2a25e6905efc694c968cc8667ae84,train
el_0012_c_part_010,FAKE,C:\Users\Harish\Downloads\AI deepfake detection\AI_VOICE_DEEPFAKE_DETECTION\data\processed\audio\el_0012_c_part_010.npy,3.49,4.0,16000,16000,35225b8a0b8a6c30ef16ba7e92c2f659f2e25e774908ecf01e3b5e96bb4d67ae,train
el_0012_c_part_011,FAKE,C:\Users\Harish\Downloads\AI deepfake detection\AI_VOICE_DEEPFAKE_DETECTION\data\processed\audio\el_0012_c_part_011.npy,3.271,4.0,16000,16000,e04ce08120c8cc31f63f14df177193884b14a897d6b07e2e2786ff713ce611be,train
el_0012_c_part_012,FAKE,C:\Users\Harish\Downloads\AI deepfake detection\AI_VOICE_DEEPFAKE_DETECTION\data\processed\audio\el_0012_c_part_012.npy,3.676,4.0,16000,16000,8f9cca1cdce815b459660c8f1b93118a6b42605de333444da17b29bda831a2c4,train
el_0012_part_004,FAKE,C:\Users\Harish\Downloads\AI deepfake detection\AI_VOICE_DEEPFAKE_DETECTION\data\processed\audio\el_0012_part_004.npy,5.201,4.0,16000,16000,0b8634827d9bfa166cd8ab4cd5011caa714408ebb5e03f5520a46110b2ae2e39,train
el_0012_part_005,FAKE,C:\Users\Harish\Downloads\AI deepfake detection\AI_VOICE_DEEPFAKE_DETECTION\data\processed\audio\el_0012_part_005.npy,3.173,4.0,16000,16000,9dccf6278fca5b4cc19b36a5919e18b48443587358e8a33bcee26d6b92b1a49d,train
el_0012_part_006,FAKE,C:\Users\Harish\Downloads\AI deepfake detection\AI_VOICE_DEEPFAKE_DETECTION\data\processed\audio\el_0012_part_006.npy,2.5,4.0,16000,16000,c52afcef4c9e9d999f5cbeb4ee1eef94635afa93d636b4716feb35647fe206b0,train
el_0012_part_007,FAKE,C:\Users\Harish\Downloads\AI deepfake detection\AI_VOICE_DEEPFAKE_DETECTION\data\processed\audio\el_0012_part_007.npy,2.97,4.0,16000,16000,7df03f2437bc4ea19cec3d1c899a8c76cb7b860aac9a438a1c9ac303ad7fa8c7,train
el_0013_c_part_007,FAKE,C:\Users\Harish\Downloads\AI deepfake detection\AI_VOICE_DEEPFAKE_DETECTION\data\processed\audio\el_0013_c_part_007.npy,3.959,4.0,16000,16000,a5be9b500028f25f6b16d4c58ab7bf6fc8e1bd3339d3922f34b3898cab37a243,train
el_0013_c_part_009,FAKE,C:\Users\Harish\Downloads\AI deepfake detection\AI_VOICE_DEEPFAKE_DETECTION\data\processed\audio\el_0013_c_part_009.npy,4.677,4.0,16000,16000,2d476ad2175416abd571e2d0ccc80bf0503ae4493579d45509abdaf9cc933166,train
el_0013_c_part_012,FAKE,C:\Users\Harish\Downloads\AI deepfake detection\AI_VOICE_DEEPFAKE_DETECTION\data\processed\audio\el_0013_c_part_012.npy,3.13,4.0,16000,16000,7feac93ce6de7bcbde5a59d826d3fd9e04c28b9d5ee41d922c9626b4617c795e,train
el_0013_c_part_013,FAKE,C:\Users\Harish\Downloads\AI deepfake detection\AI_VOICE_DEEPFAKE_DETECTION\data\processed\audio\el_0013_c_part_013.npy,4.331,4.0,16000,16000,dedb554f3ecfc13838a569676b0d45330ed46bbfed4307d1fd38a729f517a534,train
el_0013_c_part_014,FAKE,C:\Users\Harish\Downloads\AI deepfake detection\AI_VOICE_DEEPFAKE_DETECTION\data\processed\audio\el_0013_c_part_014.npy,3.191,4.0,16000,16000,0c01eeb0d2068bae2848cfb4ce5b68b7e750ef68828c5c37c68e2430a003f494,train
el_0013_c_part_016,FAKE,C:\Users\Harish\Downloads\AI deepfake detection\AI_VOICE_DEEPFAKE_DETECTION\data\processed\audio\el_0013_c_part_016.npy,3.026,4.0,16000,16000,f8106c20ce74edd3e4ace1cbd4521bb893ba7cca91ea37e535a48b6227e33cf6,train
el_0013_part_001,FAKE,C:\Users\Harish\Downloads\AI deepfake detection\AI_VOICE_DEEPFAKE_DETECTION\data\processed\audio\el_0013_part_001.npy,3.283,4.0,16000,16000,16dfbe588fc361a1eb776e9e30c60ba68a61bf59a8de1f2da90483b9a7d19e5c,train
el_0013_part_002,FAKE,C:\Users\Harish\Downloads\AI deepfake detection\AI_VOICE_DEEPFAKE_DETECTION\data\processed\audio\el_0013_part_002.npy,3.349,4.0,16000,16000,18046860fb3a3428125a34dfc48fd5f610f2b3176678b7dfe951f14208719421,train
el_0013_part_003,FAKE,C:\Users\Harish\Downloads\AI deepfake detection\AI_VOICE_DEEPFAKE_DETECTION\data\processed\audio\el_0013_part_003.npy,2.536,4.0,16000,16000,3ed279b2dfb9d4e66cf67250722053e36e6e0cfe2bdf8e4282aea17ea8cd81b7,train
el_0013_part_004,FAKE,C:\Users\Harish\Downloads\AI deepfake detection\AI_VOICE_DEEPFAKE_DETECTION\data\processed\audio\el_0013_part_004.npy,3.883,4.0,16000,16000,59aa26465ac253b2d47e80206fca81f4369c326cbb95f056cbcee182565b980f,train
el_0013_part_005,FAKE,C:\Users\Harish\Downloads\AI deepfake detection\AI_VOICE_DEEPFAKE_DETECTION\data\processed\audio\el_0013_part_005.npy,2.886,4.0,16000,16000,70f2ba40f553cdbf96c2460fc85d1ef633a31ecfaba9eb58a266ada003cef313,train
el_0013_part_006,FAKE,C:\Users\Harish\Downloads\AI deepfake detection\AI_VOICE_DEEPFAKE_DETECTION\data\processed\audio\el_0013_part_006.npy,3.278,4.0,16000,16000,0b1cbb0f1ba6c7dd276968a8da153deb162cd3415feb92436c5061ff1808cc0f,train
el_0014_c_part_004,FAKE,C:\Users\Harish\Downloads\AI deepfake detection\AI_VOICE_DEEPFAKE_DETECTION\data\processed\audio\el_0014_c_part_004.npy,3.026,4.0,16000,16000,19ee390ad91552ce15e07af7ff96f007f91f40459022675167239c7431429320,train
el_0014_c_part_005,FAKE,C:\Users\Harish\Downloads\AI deepfake detection\AI_VOICE_DEEPFAKE_DETECTION\data\processed\audio\el_0014_c_part_005.npy,3.812,4.0,16000,16000,f7ddc13db87d04333572f7bf35b8cc90858dd770dab728bae9e70b2c01f76773,train
el_0014_c_part_006,FAKE,C:\Users\Harish\Downloads\AI deepfake detection\AI_VOICE_DEEPFAKE_DETECTION\data\processed\audio\el_0014_c_part_006.npy,4.231,4.0,16000,16000,2a99588dd86c4baf7480717d30e1db4e6e32f04b61e8df0c2205686f505fa5ff,train
el_0014_c_part_008,FAKE,C:\Users\Harish\Downloads\AI deepfake detection\AI_VOICE_DEEPFAKE_DETECTION\data\processed\audio\el_0014_c_part_008.npy,3.979,4.0,16000,16000,abb11a6d13199a6761e698f76a6c951ed9a3be7c04ee71e2768383fcd13ec85c,train
el_0014_c_part_009,FAKE,C:\Users\Harish\Downloads\AI deepfake detection\AI_VOICE_DEEPFAKE_DETECTION\data\processed\audio\el_0014_c_part_009.npy,2.915,4.0,16000,16000,42e134854361175c17ce29472100b950c38b722aaa8551e70201a766e8a180f7,train
el_0014_c_part_011,FAKE,C:\Users\Harish\Downloads\AI deepfake detection\AI_VOICE_DEEPFAKE_DETECTION\data\processed\audio\el_0014_c_part_011.npy,2.997,4.0,16000,16000,d4feb1c49e14fd9c21fcd523a207f65f925ef405e15eba05f814d3da1501cbbf,train
el_0014_c_part_012,FAKE,C:\Users\Harish\Downloads\AI deepfake detection\AI_VOICE_DEEPFAKE_DETECTION\data\processed\audio\el_0014_c_part_012.npy,3.064,4.0,16000,16000,79b24eadab8bb42a46f60e69f6e431063a5b3a3f8eb2e640e4024a6815340bb3,train
el_0014_c_part_013,FAKE,C:\Users\Harish\Downloads\AI deepfake detection\AI_VOICE_DEEPFAKE_DETECTION\data\processed\audio\el_0014_c_part_013.npy,3.653,4.0,16000,16000,48b02bf70d93d6267cdf54fe34273860d5f232a1cd02edd80eaab249b2b89139,train
el_0014_part_002,FAKE,C:\Users\Harish\Downloads\AI deepfake detection\AI_VOICE_DEEPFAKE_DETECTION\data\processed\audio\el_0014_part_002.npy,2.553,4.0,16000,16000,679501ab334f789651cba111f9a7150a755339f300487c8b36d713de26f046bc,train
el_0014_part_003,FAKE,C:\Users\Harish\Downloads\AI deepfake detection\AI_VOICE_DEEPFAKE_DETECTION\data\processed\audio\el_0014_part_003.npy,2.803,4.0,16000,16000,380b4bb4208d1457175bc21b1c24d1ba8400e8289599d25da3e2b0c563259f35,train
el_0015_c_part_011,FAKE,C:\Users\Harish\Downloads\AI deepfake detection\AI_VOICE_DEEPFAKE_DETECTION\data\processed\audio\el_0015_c_part_011.npy,2.553,4.0,16000,16000,8a89e599d56f69c7d1fd7d1f304b7a712e3d72d82704032bb63b1d728e5c38a5,train
el_0015_c_part_013,FAKE,C:\Users\Harish\Downloads\AI deepfake detection\AI_VOICE_DEEPFAKE_DETECTION\data\processed\audio\el_0015_c_part_013.npy,2.866,4.0,16000,16000,a1f5a09b4abdb8d13f923ce51bb47f31793ac4ded88f6cc68d1d18fbd1808f3e,train
el_0015_c_part_014,FAKE,C:\Users\Harish\Downloads\AI deepfake detection\AI_VOICE_DEEPFAKE_DETECTION\data\processed\audio\el_0015_c_part_014.npy,3.105,4.0,16000,16000,37a888c69de134f2207fc46522b4b378b73eb9c553f1456edd40c5fe26d89a88,train
el_0015_c_part_016,FAKE,C:\Users\Harish\Downloads\AI deepfake detection\AI_VOICE_DEEPFAKE_DETECTION\data\processed\audio\el_0015_c_part_016.npy,3.339,4.0,16000,16000,a3ee7fcdd616b8b3babc67dc1c649ec15902ca75756bef368e33fac67ff114e5,train
el_0015_c_part_018,FAKE,C:\Users\Harish\Downloads\AI deepfake detection\AI_VOICE_DEEPFAKE_DETECTION\data\processed\audio\el_0015_c_part_018.npy,2.869,4.0,16000,16000,81e8d27b4c20d9c41796aea31a7c52f926c85ebc8c3f3fe6c093df5ae78c45e1,train
el_0015_c_part_019,FAKE,C:\Users\Harish\Downloads\AI deepfake detection\AI_VOICE_DEEPFAKE_DETECTION\data\processed\audio\el_0015_c_part_019.npy,3.952,4.0,16000,16000,402df28721a033b13f30c42adb8182ac8fe1316cbdc80ff373eaf0ea047ba344,train
el_0015_c_part_020,FAKE,C:\Users\Harish\Downloads\AI deepfake detection\AI_VOICE_DEEPFAKE_DETECTION\data\processed\audio\el_0015_c_part_020.npy,3.932,4.0,16000,16000,c9da4c29e9e91dab01d8ce5e8dff9a0d848b47e2d4fe1d0f34f6a6e8f675e205,train
el_0015_c_part_022,FAKE,C:\Users\Harish\Downloads\AI deepfake detection\AI_VOICE_DEEPFAKE_DETECTION\data\processed\audio\el_0015_c_part_022.npy,2.948,4.0,16000,16000,dd69974082d34b5414abccaa2ab749e15a5004dddc7591b0af2386ad41ac643a,train
el_0015_c_part_023,FAKE,C:\Users\Harish\Downloads\AI deepfake detection\AI_VOICE_DEEPFAKE_DETECTION\data\processed\audio\el_0015_c_part_023.npy,3.007,4.0,16000,16000,5eaf4f763bcc6dd75303623e8fe70125c4608ec1ad077b457b360360bd2b9c53,train
el_0015_c_part_025,FAKE,C:\Users\Harish\Downloads\AI deepfake detection\AI_VOICE_DEEPFAKE_DETECTION\data\processed\audio\el_0015_c_part_025.npy,3.883,4.0,16000,16000,c42acd5ad451c20bfcce56953395738c99f36fa289dc968811b493c25345ac5e,train
el_0015_c_part_026,FAKE,C:\Users\Harish\Downloads\AI deepfake detection\AI_VOICE_DEEPFAKE_DETECTION\data\processed\audio\el_0015_c_part_026.npy,2.868,4.0,16000,16000,e094ec0706524237b4ac8b3c35a4709964ecb8edc5419aae0a31c81a96283a73,train
el_0015_part_002,FAKE,C:\Users\Harish\Downloads\AI deepfake detection\AI_VOICE_DEEPFAKE_DETECTION\data\processed\audio\el_0015_part_002.npy,3.153,4.0,16000,16000,efb1be329a3a1f14f6e16532a070c26265a5d78547329895d14f9464f46cbae7,train
el_0015_part_004,FAKE,C:\Users\Harish\Downloads\AI deepfake detection\AI_VOICE_DEEPFAKE_DETECTION\data\processed\audio\el_0015_part_004.npy,2.846,4.0,16000,16000,6c83f94cb66714921eef6b40077aa176b5675fd48f74f036158394c0a688008c,train
el_0015_part_005,FAKE,C:\Users\Harish\Downloads\AI deepfake detection\AI_VOICE_DEEPFAKE_DETECTION\data\processed\audio\el_0015_part_005.npy,2.752,4.0,16000,16000,972515e43a73c633fa22fc7d88d0fa85004e840f31b825de5a7aefc7558478c2,train
el_0015_part_006,FAKE,C:\Users\Harish\Downloads\AI deepfake detection\AI_VOICE_DEEPFAKE_DETECTION\data\processed\audio\el_0015_part_006.npy,2.777,4.0,16000,16000,216e11cde4340f8eee206de6f72a276716ab8de0cda7f8d5162638bed2f63f4b,train
el_0015_part_007,FAKE,C:\Users\Harish\Downloads\AI deepfake detection\AI_VOICE_DEEPFAKE_DETECTION\data\processed\audio\el_0015_part_007.npy,3.217,4.0,16000,16000,eaa8626636170bb596778dcd648e5699ab22cd524da69f800ca7f29b66fbf718,train
el_0015_part_008,FAKE,C:\Users\Harish\Downloads\AI deepfake detection\AI_VOICE_DEEPFAKE_DETECTION\data\processed\audio\el_0015_part_008.npy,3.325,4.0,16000,16000,447038c8a9ae3cede6fe2644bcc0c7f1b035e356e144058cf4f51215d7f9ef99,train
el_0017_c_part_002,FAKE,C:\Users\Harish\Downloads\AI deepfake detection\AI_VOICE_DEEPFAKE_DETECTION\data\processed\audio\el_0017_c_part_002.npy,3.188,4.0,16000,16000,74974ac8d0dad96a1c3ee73b66ad8710ade05ba455e08c1d9c953b7c045ee983,train
el_0017_c_part_003,FAKE,C:\Users\Harish\Downloads\AI deepfake detection\AI_VOICE_DEEPFAKE_DETECTION\data\processed\audio\el_0017_c_part_003.npy,3.348,4.0,16000,16000,f96a8a16a53494992bb6b7172ff9ab6361376f5fd4abde2084f38f250297b0e6,train
el_0017_part_001,FAKE,C:\Users\Harish\Downloads\AI deepfake detection\AI_VOICE_DEEPFAKE_DETECTION\data\processed\audio\el_0017_part_001.npy,2.751,4.0,16000,16000,1d091b0f1ac75b8ece8aa49140494530fb5458131760359862ed6e66a81afb09,train
el_0018_c_part_001,FAKE,C:\Users\Harish\Downloads\AI deepfake detection\AI_VOICE_DEEPFAKE_DETECTION\data\processed\audio\el_0018_c_part_001.npy,3.834,4.0,16000,16000,6295b7ed74ba1f4e5f1a51e1ca58cfc261a568ca14d995f7a19e99d2244bfb51,train
el_0018_c_part_002,FAKE,C:\Users\Harish\Downloads\AI deepfake detection\AI_VOICE_DEEPFAKE_DETECTION\data\processed\audio\el_0018_c_part_002.npy,3.515,4.0,16000,16000,fa007b7eb5a4b2d89cb85d48144f2fadced94a7cac3444aa57764828f7734d83,train
el_0019_c_part_002,FAKE,C:\Users\Harish\Downloads\AI deepfake detection\AI_VOICE_DEEPFAKE_DETECTION\data\processed\audio\el_0019_c_part_002.npy,3.893,4.0,16000,16000,fa03c308a06d370b8c67cd269d1a6293fbaf4ed5f20d52637f85ab278a1e2c05,train
el_0019_part_001,FAKE,C:\Users\Harish\Downloads\AI deepfake detection\AI_VOICE_DEEPFAKE_DETECTION\data\processed\audio\el_0019_part_001.npy,3.327,4.0,16000,16000,228195a0d2c3c98402096d5a14ae364e718f6c09c92a45457f9dc4ce368ff8d2,train
el_0022_c_part_002,FAKE,C:\Users\Harish\Downloads\AI deepfake detection\AI_VOICE_DEEPFAKE_DETECTION\data\processed\audio\el_0022_c_part_002.npy,3.728,4.0,16000,16000,d8203e5a2ab5555583328d49940e79cb365ae27cb8470234e691c85d1760b931,train
el_0022_part_001,FAKE,C:\Users\Harish\Downloads\AI deepfake detection\AI_VOICE_DEEPFAKE_DETECTION\data\processed\audio\el_0022_part_001.npy,3.926,4.0,16000,16000,013d4302817f86bfa90f5d8f6c3848283efdc991bc7813a30d4c8afa984873d7,train
el_0023_part_001,FAKE,C:\Users\Harish\Downloads\AI deepfake detection\AI_VOICE_DEEPFAKE_DETECTION\data\processed\audio\el_0023_part_001.npy,2.738,4.0,16000,16000,dda19e3c139cbb25887b29b010f0b699f7ebb75c71edd78b6d0de224aebe4d5a,train
el_0024_part_001,FAKE,C:\Users\Harish\Downloads\AI deepfake detection\AI_VOICE_DEEPFAKE_DETECTION\data\processed\audio\el_0024_part_001.npy,3.033,4.0,16000,16000,0e36a229619eaa48695e0a6c4b6fe36e948afeb30c9d4be6d45ed8084c6d8583,train
el_0024_part_002,FAKE,C:\Users\Harish\Downloads\AI deepfake detection\AI_VOICE_DEEPFAKE_DETECTION\data\processed\audio\el_0024_part_002.npy,3.742,4.0,16000,16000,7c0126a51fb04fc7c73f0273942fad0d65c471fe99e6e3f54d14d5ebfe90f7b2,train
el_0024_part_003,FAKE,C:\Users\Harish\Downloads\AI deepfake detection\AI_VOICE_DEEPFAKE_DETECTION\data\processed\audio\el_0024_part_003.npy,4.175,4.0,16000,16000,a02463ba561919352cd8cdd819f43d6842067ca6e52a6e84e9d1236dfb4970ba,train
el_0024_part_004,FAKE,C:\Users\Harish\Downloads\AI deepfake detection\AI_VOICE_DEEPFAKE_DETECTION\data\processed\audio\el_0024_part_004.npy,8.328,4.0,16000,16000,a36be355271247ed355b0f4a4ea6ac36425b3c405c5e2470ddf98b699cf41171,train
el_0026_part_001,FAKE,C:\Users\Harish\Downloads\AI deepfake detection\AI_VOICE_DEEPFAKE_DETECTION\data\processed\audio\el_0026_part_001.npy,7.131,4.0,16000,16000,635e29a7cf6403f642a76e77597ea86097f65967c13752f0e431c644750e934c,train
el_0028_part_001,FAKE,C:\Users\Harish\Downloads\AI deepfake detection\AI_VOICE_DEEPFAKE_DETECTION\data\processed\audio\el_0028_part_001.npy,2.903,4.0,16000,16000,6483e5ddd1c592aafd9cd484d131f59d5019b4b556ed476732584a939b1850e1,train
hg_0001_c_part_005,FAKE,C:\Users\Harish\Downloads\AI deepfake detection\AI_VOICE_DEEPFAKE_DETECTION\data\processed\audio\hg_0001_c_part_005.npy,3.375,4.0,16000,16000,83b30af15e34632525039e53fdcc9097efb89ce07d8cdd2a3d50609957f38798,train
hg_0001_part_001,FAKE,C:\Users\Harish\Downloads\AI deepfake detection\AI_VOICE_DEEPFAKE_DETECTION\data\processed\audio\hg_0001_part_001.npy,6.453,4.0,16000,16000,7bdf7577d16089c82bd5fc13143e9250e4b2555ccf73b256776de10de278859c,train
hg_0001_part_002,FAKE,C:\Users\Harish\Downloads\AI deepfake detection\AI_VOICE_DEEPFAKE_DETECTION\data\processed\audio\hg_0001_part_002.npy,3.076,4.0,16000,16000,991849ff96bb4e6ddb983680aaaec6f42d82b2602b9a2b37648180dd9cb08e96,train
hg_0001_part_003,FAKE,C:\Users\Harish\Downloads\AI deepfake detection\AI_VOICE_DEEPFAKE_DETECTION\data\processed\audio\hg_0001_part_003.npy,3.511,4.0,16000,16000,20297958026fd64586798485b32c9a6fa9f4da9addbbe79e96c02b316b31421e,train
hg_0001_part_004,FAKE,C:\Users\Harish\Downloads\AI deepfake detection\AI_VOICE_DEEPFAKE_DETECTION\data\processed\audio\hg_0001_part_004.npy,3.332,4.0,16000,16000,23726410e1f5e599bb8792421daf29c3c23367654ddaea0ce39c1f0fbdc06f3b,train
hg_0002_c_part_006,FAKE,C:\Users\Harish\Downloads\AI deepfake detection\AI_VOICE_DEEPFAKE_DETECTION\data\processed\audio\hg_0002_c_part_006.npy,3.662,4.0,16000,16000,d6ad0ba74cdd83b172407e9d1889c78f0b77514485708198ee90cf97fe78f038,train
hg_0002_part_004,FAKE,C:\Users\Harish\Downloads\AI deepfake detection\AI_VOICE_DEEPFAKE_DETECTION\data\processed\audio\hg_0002_part_004.npy,3.041,4.0,16000,16000,3224cee018ae284f25314b15d8c217eece25276e29dc7e72d12e4f1acb343ad6,train
hg_0002_part_005,FAKE,C:\Users\Harish\Downloads\AI deepfake detection\AI_VOICE_DEEPFAKE_DETECTION\data\processed\audio\hg_0002_part_005.npy,2.979,4.0,16000,16000,abcc1cd408407e6e34832be59f7cdb0bb6a58fa8f62de52dd4fc2292b7e6c8b0,train
hg_0003_c_part_004,FAKE,C:\Users\Harish\Downloads\AI deepfake detection\AI_VOICE_DEEPFAKE_DETECTION\data\processed\audio\hg_0003_c_part_004.npy,3.903,4.0,16000,16000,d2503a724188d4d74a0a98cfc464d5137d4794a7f894b8be08d7b93680115735,train
hg_0003_part_001,FAKE,C:\Users\Harish\Downloads\AI deepfake detection\AI_VOICE_DEEPFAKE_DETECTION\data\processed\audio\hg_0003_part_001.npy,5.995,4.0,16000,16000,1271ea7a92ddee38c30281f20af542ffbda681eb69f774dbad1760699ad83495,train
hg_0003_part_002,FAKE,C:\Users\Harish\Downloads\AI deepfake detection\AI_VOICE_DEEPFAKE_DETECTION\data\processed\audio\hg_0003_part_002.npy,7.576,4.0,16000,16000,f305a7f5cc92d69dc427f3d60b0f4a38f032e2772393a0a686ab830e5cdb9010,train
hg_0003_part_003,FAKE,C:\Users\Harish\Downloads\AI deepfake detection\AI_VOICE_DEEPFAKE_DETECTION\data\processed\audio\hg_0003_part_003.npy,3.54,4.0,16000,16000,a661b93185434139111ddf0cbb969778516481377268898ac8127133c17925a8,train
hg_0004_c_part_004,FAKE,C:\Users\Harish\Downloads\AI deepfake detection\AI_VOICE_DEEPFAKE_DETECTION\data\processed\audio\hg_0004_c_part_004.npy,4.362,4.0,16000,16000,35b9d8af78d90a0f3a452750e1816890cb903fbca3e9009e94a27f0942681458,train
hg_0004_c_part_005,FAKE,C:\Users\Harish\Downloads\AI deepfake detection\AI_VOICE_DEEPFAKE_DETECTION\data\processed\audio\hg_0004_c_part_005.npy,3.534,4.0,16000,16000,6efb156a0cd724127b1677cfac11cd71df5ca2daf19d363ff8dfb51f5121943e,train
hg_0004_part_001,FAKE,C:\Users\Harish\Downloads\AI deepfake detection\AI_VOICE_DEEPFAKE_DETECTION\data\processed\audio\hg_0004_part_001.npy,4.142,4.0,16000,16000,073c1066a2d52c4f33aef05c0178c5ac3a81624c643e6827b860e53e8bf80a91,train
hg_0005_c_part_006,FAKE,C:\Users\Harish\Downloads\AI deepfake detection\AI_VOICE_DEEPFAKE_DETECTION\data\processed\audio\hg_0005_c_part_006.npy,3.711,4.0,16000,16000,c3e7069aa3893be32994b81b3660c2360e516d2faf94e78b9723ced013e3d2a6,train
hg_0005_part_003,FAKE,C:\Users\Harish\Downloads\AI deepfake detection\AI_VOICE_DEEPFAKE_DETECTION\data\processed\audio\hg_0005_part_003.npy,3.693,4.0,16000,16000,d9eb92400d3662d6e8afc6a6ca1f4600de7a33a22ffe13a1694da5c070b445b0,train
hg_0006_c_part_005,FAKE,C:\Users\Harish\Downloads\AI deepfake detection\AI_VOICE_DEEPFAKE_DETECTION\data\processed\audio\hg_0006_c_part_005.npy,3.139,4.0,16000,16000,f68dfec838cb30e6b91dd62ab93bbc2b771d0fc43b97813f046bf2e921f9f1e4,train
hg_0006_part_001,FAKE,C:\Users\Harish\Downloads\AI deepfake detection\AI_VOICE_DEEPFAKE_DETECTION\data\processed\audio\hg_0006_part_001.npy,2.622,4.0,16000,16000,06920c39f52e60c9feb8776afa70d99d745143c0783b213e493aec81c1263efb,train
hg_0006_part_002,FAKE,C:\Users\Harish\Downloads\AI deepfake detection\AI_VOICE_DEEPFAKE_DETECTION\data\processed\audio\hg_0006_part_002.npy,2.935,4.0,16000,16000,b632bf56282d28047302ce7bb0ecee49f39cda4808cc0cb33685b7a1e45837ec,train
hg_0006_part_003,FAKE,C:\Users\Harish\Downloads\AI deepfake detection\AI_VOICE_DEEPFAKE_DETECTION\data\processed\audio\hg_0006_part_003.npy,3.225,4.0,16000,16000,442cf455ec92a926d2c6ee5bf3a9d00c1a8853425782c9fd39a379a330bb61ec,train
hg_0006_part_004,FAKE,C:\Users\Harish\Downloads\AI deepfake detection\AI_VOICE_DEEPFAKE_DETECTION\data\processed\audio\hg_0006_part_004.npy,5.73,4.0,16000,16000,0951d9c5484a5d34530e1bf12200f332e0f9001cf8d194897bb20433b09e192b,train
hg_0007_part_001,FAKE,C:\Users\Harish\Downloads\AI deepfake detection\AI_VOICE_DEEPFAKE_DETECTION\data\processed\audio\hg_0007_part_001.npy,5.538,4.0,16000,16000,cb2dee493b26a6d39be5153fa5c9b8e44201a6cf57bb5eb51efdc6c25bfbea9d,train
hg_0007_part_002,FAKE,C:\Users\Harish\Downloads\AI deepfake detection\AI_VOICE_DEEPFAKE_DETECTION\data\processed\audio\hg_0007_part_002.npy,4.547,4.0,16000,16000,d6a184159245605e7f04f6601d539d7848050a6862c9ac0cc9b139fca22a9b36,train
hg_0007_part_003,FAKE,C:\Users\Harish\Downloads\AI deepfake detection\AI_VOICE_DEEPFAKE_DETECTION\data\processed\audio\hg_0007_part_003.npy,6.646,4.0,16000,16000,12f474b5e974b0ea12a100b279b1503033e4c13ccb1d6014a9d713110d9d5e6c,train
hg_0008_c_part_005,FAKE,C:\Users\Harish\Downloads\AI deepfake detection\AI_VOICE_DEEPFAKE_DETECTION\data\processed\audio\hg_0008_c_part_005.npy,3.163,4.0,16000,16000,c2ff0f4ce7890f23958a1d5d77b9089f465c84bb089e18450560e512e9eecfe2,train
hg_0008_part_001,FAKE,C:\Users\Harish\Downloads\AI deepfake detection\AI_VOICE_DEEPFAKE_DETECTION\data\processed\audio\hg_0008_part_001.npy,5.939,4.0,16000,16000,06c37eec957a6b44446f4e85da8e8c29411aeda4799a4ebd4d2517897e16e059,train
hg_0008_part_002,FAKE,C:\Users\Harish\Downloads\AI deepfake detection\AI_VOICE_DEEPFAKE_DETECTION\data\processed\audio\hg_0008_part_002.npy,2.969,4.0,16000,16000,29d23ce8719271535ab859b9c493ed5687165dc1c208f176cfe0d06b67a6aa40,train
hg_0008_part_003,FAKE,C:\Users\Harish\Downloads\AI deepfake detection\AI_VOICE_DEEPFAKE_DETECTION\data\processed\audio\hg_0008_part_003.npy,2.975,4.0,16000,16000,782ce29a67212d43515e2b1b6b99f71a52598f251d0d3f33f19396bf2b6cb91c,train
hg_0008_part_004,FAKE,C:\Users\Harish\Downloads\AI deepfake detection\AI_VOICE_DEEPFAKE_DETECTION\data\processed\audio\hg_0008_part_004.npy,2.867,4.0,16000,16000,7378db297aebd9739e4fac36409dd589b8b8060293f47ef0d7902ed79029cd49,train
hg_0009_c_part_004,FAKE,C:\Users\Harish\Downloads\AI deepfake detection\AI_VOICE_DEEPFAKE_DETECTION\data\processed\audio\hg_0009_c_part_004.npy,3.782,4.0,16000,16000,f10c0c674bd7e4977c5874a6ec685e4d259ae738e180b985c1cc65ca49346394,train
hg_0009_c_part_006,FAKE,C:\Users\Harish\Downloads\AI deepfake detection\AI_VOICE_DEEPFAKE_DETECTION\data\processed\audio\hg_0009_c_part_006.npy,3.368,4.0,16000,16000,22f040bdf5fb2d650ffd76270444590bcd520e934ca2bfb47cfbc581a2e24199,train
hg_0009_part_001,FAKE,C:\Users\Harish\Downloads\AI deepfake detection\AI_VOICE_DEEPFAKE_DETECTION\data\processed\audio\hg_0009_part_001.npy,11.571,4.0,16000,16000,d776b85cab3a1bc12a07ca71a4c5022bee784cd7339f6df6232d8e0aedda8032,train
hg_0009_part_002,FAKE,C:\Users\Harish\Downloads\AI deepfake detection\AI_VOICE_DEEPFAKE_DETECTION\data\processed\audio\hg_0009_part_002.npy,5.661,4.0,16000,16000,4c80911fa4dc758a39e17ccbf8b37ec16e463ba0cfa3a824a6edd28302acab54,train
hg_0010_c_part_005,FAKE,C:\Users\Harish\Downloads\AI deepfake detection\AI_VOICE_DEEPFAKE_DETECTION\data\processed\audio\hg_0010_c_part_005.npy,2.648,4.0,16000,16000,4869884dbd0dea910ae75aa596f8efcae5177725c45e9c5e74316202c614a90b,train
hg_0010_part_002,FAKE,C:\Users\Harish\Downloads\AI deepfake detection\AI_VOICE_DEEPFAKE_DETECTION\data\processed\audio\hg_0010_part_002.npy,3.32,4.0,16000,16000,a8a905fbc96ccb82093cc7ff7b2b2bdc02f1eb7a6385731538dfb0380f436678,train
hg_0010_part_003,FAKE,C:\Users\Harish\Downloads\AI deepfake detection\AI_VOICE_DEEPFAKE_DETECTION\data\processed\audio\hg_0010_part_003.npy,5.094,4.0,16000,16000,6085474d870bef7813ef3842943dad7091c9369fdf7cff19e574e3a31c2b484b,train
hg_0011_c_part_005,FAKE,C:\Users\Harish\Downloads\AI deepfake detection\AI_VOICE_DEEPFAKE_DETECTION\data\processed\audio\hg_0011_c_part_005.npy,3.373,4.0,16000,16000,38718ff0d1a89a695269e7e1b7e41f1c00dc8c3c2e385d8e56eb79d9877b9043,train
hg_0011_part_001,FAKE,C:\Users\Harish\Downloads\AI deepfake detection\AI_VOICE_DEEPFAKE_DETECTION\data\processed\audio\hg_0011_part_001.npy,4.529,4.0,16000,16000,5352b2ffb5af7e02a8dd377053243641e7f5348b23913ecf1e0fa59d937bab15,train
hg_0011_part_002,FAKE,C:\Users\Harish\Downloads\AI deepfake detection\AI_VOICE_DEEPFAKE_DETECTION\data\processed\audio\hg_0011_part_002.npy,4.461,4.0,16000,16000,b1284d17ac678b2f8f4266f5f415834b8e7a69bf6c62a439a0a19f5b01f6be4b,train
hg_0011_part_004,FAKE,C:\Users\Harish\Downloads\AI deepfake detection\AI_VOICE_DEEPFAKE_DETECTION\data\processed\audio\hg_0011_part_004.npy,4.386,4.0,16000,16000,198c527c16d236987da6f9e9cd3cb7f8a7e3fa2ba827790d975f175f0d92198c,train
hg_0012_part_002,FAKE,C:\Users\Harish\Downloads\AI deepfake detection\AI_VOICE_DEEPFAKE_DETECTION\data\processed\audio\hg_0012_part_002.npy,2.671,4.0,16000,16000,06c613111ab2397685c973e81817310f5fc27904ae1ecdf542076297f4705d73,train
hg_0012_part_003,FAKE,C:\Users\Harish\Downloads\AI deepfake detection\AI_VOICE_DEEPFAKE_DETECTION\data\processed\audio\hg_0012_part_003.npy,3.43,4.0,16000,16000,3e477bacdc4b7c5ef2978e0aa1a6dc0cc84b1482b2f1a94e7f0fcb1492af8c05,train
hg_0012_part_005,FAKE,C:\Users\Harish\Downloads\AI deepfake detection\AI_VOICE_DEEPFAKE_DETECTION\data\processed\audio\hg_0012_part_005.npy,2.713,4.0,16000,16000,d8e43e7371b6a209cd92d6583a7c7206d1f702814c79e5014ca7da7185f89a9e,train
hg_0013_c_part_005,FAKE,C:\Users\Harish\Downloads\AI deepfake detection\AI_VOICE_DEEPFAKE_DETECTION\data\processed\audio\hg_0013_c_part_005.npy,3.129,4.0,16000,16000,a25c1a78913cfd397f4fd7cc74ade0972cdc6c810bbd020a8d0e68d903fc8bb8,train
hg_0013_c_part_006,FAKE,C:\Users\Harish\Downloads\AI deepfake detection\AI_VOICE_DEEPFAKE_DETECTION\data\processed\audio\hg_0013_c_part_006.npy,3.163,4.0,16000,16000,5608765180f37d5574f2899fca1be9a4826cb8b7efeeee362fb24f9a86647e23,train
hg_0013_part_003,FAKE,C:\Users\Harish\Downloads\AI deepfake detection\AI_VOICE_DEEPFAKE_DETECTION\data\processed\audio\hg_0013_part_003.npy,5.851,4.0,16000,16000,991ca2a04902289b1d4bfdcdeb3c36fd3ec5ad4b21fdbcb28e09529d3e810f03,train
hg_0013_part_004,FAKE,C:\Users\Harish\Downloads\AI deepfake detection\AI_VOICE_DEEPFAKE_DETECTION\data\processed\audio\hg_0013_part_004.npy,2.674,4.0,16000,16000,98cf4da4bfbdd15584bab208fdf37d1e547cd585fad0835c3d37d79d57856bac,train
hu_0001_c_part_012,FAKE,C:\Users\Harish\Downloads\AI deepfake detection\AI_VOICE_DEEPFAKE_DETECTION\data\processed\audio\hu_0001_c_part_012.npy,3.321,4.0,16000,16000,9edaf3c8831e9138b05673af238a4469f853518f07fb6a1b198fb42cd75512f4,train
hu_0001_c_part_014,FAKE,C:\Users\Harish\Downloads\AI deepfake detection\AI_VOICE_DEEPFAKE_DETECTION\data\processed\audio\hu_0001_c_part_014.npy,4.061,4.0,16000,16000,b58a9b3b38e99d1cf8cdc0402f8413767ba2ae82cbd7f734c130ef94e998341c,train
hu_0001_part_001,FAKE,C:\Users\Harish\Downloads\AI deepfake detection\AI_VOICE_DEEPFAKE_DETECTION\data\processed\audio\hu_0001_part_001.npy,8.831,4.0,16000,16000,4def42c9d5bed57b7c6d352a9ca7a3b4c9be8580eef566a1b2700d24c49b2510,train
hu_0001_part_002,FAKE,C:\Users\Harish\Downloads\AI deepfake detection\AI_VOICE_DEEPFAKE_DETECTION\data\processed\audio\hu_0001_part_002.npy,3.689,4.0,16000,16000,5031b839c518cdcdcaf0d67816219df521dcc2388f18273de48c6ed492a0b68a,train
hu_0001_part_003,FAKE,C:\Users\Harish\Downloads\AI deepfake detection\AI_VOICE_DEEPFAKE_DETECTION\data\processed\audio\hu_0001_part_003.npy,8.691,4.0,16000,16000,b963b7bc26b65f326288e66ac7a76ad9f287bb81f2e0e2173febf21c4193b49a,train
hu_0001_part_004,FAKE,C:\Users\Harish\Downloads\AI deepfake detection\AI_VOICE_DEEPFAKE_DETECTION\data\processed\audio\hu_0001_part_004.npy,3.631,4.0,16000,16000,1ca3ec896f07efae3c1da158aa50b32f5622404d65961fd16f1f812ffcc41c26,train
hu_0001_part_006,FAKE,C:\Users\Harish\Downloads\AI deepfake detection\AI_VOICE_DEEPFAKE_DETECTION\data\processed\audio\hu_0001_part_006.npy,2.618,4.0,16000,16000,9c7837ee6e6df37b2543d2c310c184505dd544a00f44547d17319759ba3256ed,train
hu_0001_part_007,FAKE,C:\Users\Harish\Downloads\AI deepfake detection\AI_VOICE_DEEPFAKE_DETECTION\data\processed\audio\hu_0001_part_007.npy,3.253,4.0,16000,16000,fec557771a684c11983c5147d1899aeed063b09f71209110e430a8a705a2c093,train
hu_0001_part_009,FAKE,C:\Users\Harish\Downloads\AI deepfake detection\AI_VOICE_DEEPFAKE_DETECTION\data\processed\audio\hu_0001_part_009.npy,4.137,4.0,16000,16000,3147321edb3c0c752a1655f69ebb3c3c5214a888affeefa153cec1121f9931a9,train
hu_0001_part_010,FAKE,C:\Users\Harish\Downloads\AI deepfake detection\AI_VOICE_DEEPFAKE_DETECTION\data\processed\audio\hu_0001_part_010.npy,3.79,4.0,16000,16000,fef66569d27851db0bd0573992712bdecd7980e09f08502fcb868d49a62a15ab,train
hu_0001_part_011,FAKE,C:\Users\Harish\Downloads\AI deepfake detection\AI_VOICE_DEEPFAKE_DETECTION\data\processed\audio\hu_0001_part_011.npy,2.911,4.0,16000,16000,17ec0c906ef3adc1b294859eeba72a2597ad6ac2df854103add2ba874667ee60,train
hu_0002_c_part_011,FAKE,C:\Users\Harish\Downloads\AI deepfake detection\AI_VOICE_DEEPFAKE_DETECTION\data\processed\audio\hu_0002_c_part_011.npy,2.933,4.0,16000,16000,50c1bdf08123c3e3a069ef5738dd68aa2fda289afdf99fdb3e89d44a889c3125,train
hu_0002_c_part_012,FAKE,C:\Users\Harish\Downloads\AI deepfake detection\AI_VOICE_DEEPFAKE_DETECTION\data\processed\audio\hu_0002_c_part_012.npy,3.802,4.0,16000,16000,2711da6b32f86f08433abaefe6d9b112494984a37bb5ce1f9f2787f5789408f9,train
hu_0002_c_part_013,FAKE,C:\Users\Harish\Downloads\AI deepfake detection\AI_VOICE_DEEPFAKE_DETECTION\data\processed\audio\hu_0002_c_part_013.npy,2.698,4.0,16000,16000,2b8fcd7a2c6d26bdf7c77df7f63c60a317ba463229664ade5d5d291a83935a20,train
hu_0002_part_001,FAKE,C:\Users\Harish\Downloads\AI deepfake detection\AI_VOICE_DEEPFAKE_DETECTION\data\processed\audio\hu_0002_part_001.npy,4.795,4.0,16000,16000,be28f2637abc0784f925516f9c000bb1abba59ea8f7b06bbce34162e581b7677,train
hu_0002_part_002,FAKE,C:\Users\Harish\Downloads\AI deepfake detection\AI_VOICE_DEEPFAKE_DETECTION\data\processed\audio\hu_0002_part_002.npy,3.735,4.0,16000,16000,b493bacf2231901b138de28cbece72299afd7efd66ec4028f859044a4936a4c7,train
hu_0002_part_006,FAKE,C:\Users\Harish\Downloads\AI deepfake detection\AI_VOICE_DEEPFAKE_DETECTION\data\processed\audio\hu_0002_part_006.npy,4.104,4.0,16000,16000,e78f56748cabc89d1d507b1c3f1139784b3b00257f73bd7d6395fbadc7725ba1,train
hu_0002_part_007,FAKE,C:\Users\Harish\Downloads\AI deepfake detection\AI_VOICE_DEEPFAKE_DETECTION\data\processed\audio\hu_0002_part_007.npy,3.067,4.0,16000,16000,da9e4a259f80360654b0cf50b555f9b1be602d4cd1f23fdd012bb4b59ab01a85,train
hu_0002_part_008,FAKE,C:\Users\Harish\Downloads\AI deepfake detection\AI_VOICE_DEEPFAKE_DETECTION\data\processed\audio\hu_0002_part_008.npy,3.409,4.0,16000,16000,f04c4ce374055c2b0057245a35b6aa8d62b3a4d239ef30acbbbe77dd76d8ba6f,train
hu_0003_c_part_003,FAKE,C:\Users\Harish\Downloads\AI deepfake detection\AI_VOICE_DEEPFAKE_DETECTION\data\processed\audio\hu_0003_c_part_003.npy,4.437,4.0,16000,16000,939c5176b64bfa8ade921cc8f1c99c85c603643be1a111c7ce94bff830dca92a,train
hu_0003_c_part_004,FAKE,C:\Users\Harish\Downloads\AI deepfake detection\AI_VOICE_DEEPFAKE_DETECTION\data\processed\audio\hu_0003_c_part_004.npy,4.397,4.0,16000,16000,a66b40f4b2330ec5fcc911c8b2a7be4ec0f518bbfc8753f632366c268dd6d610,train
hu_0003_c_part_005,FAKE,C:\Users\Harish\Downloads\AI deepfake detection\AI_VOICE_DEEPFAKE_DETECTION\data\processed\audio\hu_0003_c_part_005.npy,3.964,4.0,16000,16000,7af9af9a6c3f55f3f9cf14f536f1976a6ef18b151dabb534cd1e1ada73c2ba07,train
hu_0003_c_part_007,FAKE,C:\Users\Harish\Downloads\AI deepfake detection\AI_VOICE_DEEPFAKE_DETECTION\data\processed\audio\hu_0003_c_part_007.npy,4.227,4.0,16000,16000,418a9286ac2498bb0fad53087569da90469b370c84eca0db8ae9881a949b01b3,train
hu_0003_part_001,FAKE,C:\Users\Harish\Downloads\AI deepfake detection\AI_VOICE_DEEPFAKE_DETECTION\data\processed\audio\hu_0003_part_001.npy,2.577,4.0,16000,16000,656a24d2f8bbacb8b45f998dd60969267df5b110b18a6ba9e375a3437066be8e,train
hu_0004_c_part_012,FAKE,C:\Users\Harish\Downloads\AI deepfake detection\AI_VOICE_DEEPFAKE_DETECTION\data\processed\audio\hu_0004_c_part_012.npy,4.253,4.0,16000,16000,ca3c7386937d465cd11a2f73611ae1daf2c985333e5330baacaf9bcc15dc8ee2,train
hu_0004_c_part_013,FAKE,C:\Users\Harish\Downloads\AI deepfake detection\AI_VOICE_DEEPFAKE_DETECTION\data\processed\audio\hu_0004_c_part_013.npy,2.741,4.0,16000,16000,fa542821fed2d49387d3d16b00e3357ba630bae6b11f3190a61108b8801a2379,train
hu_0004_c_part_015,FAKE,C:\Users\Harish\Downloads\AI deepfake detection\AI_VOICE_DEEPFAKE_DETECTION\data\processed\audio\hu_0004_c_part_015.npy,3.06,4.0,16000,16000,8e87ff983614a52ed93618b95601fd1bb171e74a389e142db7278f4dcd8b068b,train
hu_0004_c_part_016,FAKE,C:\Users\Harish\Downloads\AI deepfake detection\AI_VOICE_DEEPFAKE_DETECTION\data\processed\audio\hu_0004_c_part_016.npy,2.68,4.0,16000,16000,aa0d9cf4cb66a369da38bab8a8755646990f1b1c90263004fef8ade39fb8e2ab,train
hu_0004_c_part_017,FAKE,C:\Users\Harish\Downloads\AI deepfake detection\AI_VOICE_DEEPFAKE_DETECTION\data\processed\audio\hu_0004_c_part_017.npy,3.241,4.0,16000,16000,60c9840cde76649bb3ed045661c3ac6ff527c04b7aafa67c499473400e0330de,train
hu_0004_part_003,FAKE,C:\Users\Harish\Downloads\AI deepfake detection\AI_VOICE_DEEPFAKE_DETECTION\data\processed\audio\hu_0004_part_003.npy,2.552,4.0,16000,16000,0d4748b2780d2485d14e7bbb9168a116ae7d05a8e1bbf81fb123d76382d3a6de,train
hu_0004_part_006,FAKE,C:\Users\Harish\Downloads\AI deepfake detection\AI_VOICE_DEEPFAKE_DETECTION\data\processed\audio\hu_0004_part_006.npy,3.375,4.0,16000,16000,e5970735d77a16e0c2643a4ad3b0360f17208f0fcd4357205db5417167e70837,train
hu_0004_part_008,FAKE,C:\Users\Harish\Downloads\AI deepfake detection\AI_VOICE_DEEPFAKE_DETECTION\data\processed\audio\hu_0004_part_008.npy,3.723,4.0,16000,16000,6a35478a639b5a836ecd36d8fab1fde7663ab8b5a1de9f3585869eb65afdce64,train
hu_0004_part_009,FAKE,C:\Users\Harish\Downloads\AI deepfake detection\AI_VOICE_DEEPFAKE_DETECTION\data\processed\audio\hu_0004_part_009.npy,2.826,4.0,16000,16000,1b7e484ad682beedf0605bff8b827196a3d16c7636451dea6bd9c9d264f43b1b,train
hu_0004_part_010,FAKE,C:\Users\Harish\Downloads\AI deepfake detection\AI_VOICE_DEEPFAKE_DETECTION\data\processed\audio\hu_0004_part_010.npy,2.864,4.0,16000,16000,365f9095cc241ae7e3047e1da53f7a9e0a413709cb5e5b06a0e5571e35088457,train
hu_0004_part_011,FAKE,C:\Users\Harish\Downloads\AI deepfake detection\AI_VOICE_DEEPFAKE_DETECTION\data\processed\audio\hu_0004_part_011.npy,3.986,4.0,16000,16000,3d3875dbb8f350ec1a3a84503fe39153d6a393a4fc14cce850c9f392bc43317b,train
hu_0005_c_part_014,FAKE,C:\Users\Harish\Downloads\AI deepfake detection\AI_VOICE_DEEPFAKE_DETECTION\data\processed\audio\hu_0005_c_part_014.npy,2.744,4.0,16000,16000,6dc34aa35c3b65431c4376e61c6262d70885f9a7b64feed072c8927fbe0ad71c,train
hu_0005_c_part_015,FAKE,C:\Users\Harish\Downloads\AI deepfake detection\AI_VOICE_DEEPFAKE_DETECTION\data\processed\audio\hu_0005_c_part_015.npy,3.199,4.0,16000,16000,30e8820c84ad3517256a74bb4bcbc2527b005165c43cacba7ea1ea88fb1609b3,train
hu_0005_c_part_016,FAKE,C:\Users\Harish\Downloads\AI deepfake detection\AI_VOICE_DEEPFAKE_DETECTION\data\processed\audio\hu_0005_c_part_016.npy,2.719,4.0,16000,16000,0c54511574bedf74a7733a14ab1de5b3f429973327620b427968d7e22f640752,train
hu_0005_c_part_017,FAKE,C:\Users\Harish\Downloads\AI deepfake detection\AI_VOICE_DEEPFAKE_DETECTION\data\processed\audio\hu_0005_c_part_017.npy,3.137,4.0,16000,16000,645f3bb4973816a4441a590a788a01ca8b02974f08227a7a973a6c3d531aa7fc,train
hu_0005_c_part_018,FAKE,C:\Users\Harish\Downloads\AI deepfake detection\AI_VOICE_DEEPFAKE_DETECTION\data\processed\audio\hu_0005_c_part_018.npy,3.604,4.0,16000,16000,256b1dd540559aeeaa8a4df9a172044cee7221c6d18aa8c1e85f259ef5a838cb,train
hu_0005_part_001,FAKE,C:\Users\Harish\Downloads\AI deepfake detection\AI_VOICE_DEEPFAKE_DETECTION\data\processed\audio\hu_0005_part_001.npy,4.522,4.0,16000,16000,2c167a7222478208ddf0b8a529f80c4fa5bee2d693827a56e07c7b6dd76143bd,train
hu_0005_part_002,FAKE,C:\Users\Harish\Downloads\AI deepfake detection\AI_VOICE_DEEPFAKE_DETECTION\data\processed\audio\hu_0005_part_002.npy,4.252,4.0,16000,16000,1c5080e81b1bab211fbedd907846a0c26d86e6dc782312671960e4d659efeb35,train
hu_0005_part_003,FAKE,C:\Users\Harish\Downloads\AI deepfake detection\AI_VOICE_DEEPFAKE_DETECTION\data\processed\audio\hu_0005_part_003.npy,4.999,4.0,16000,16000,32d729a31e5d89a095414a2b0c96f0850eae00ad7c5d7c9b72d2bb0c3817dd22,train
hu_0005_part_005,FAKE,C:\Users\Harish\Downloads\AI deepfake detection\AI_VOICE_DEEPFAKE_DETECTION\data\processed\audio\hu_0005_part_005.npy,3.432,4.0,16000,16000,83082ec9ffa867e0fa3cd9709146439914578bf16b5dfd3befa16d067d757cab,train
hu_0005_part_006,FAKE,C:\Users\Harish\Downloads\AI deepfake detection\AI_VOICE_DEEPFAKE_DETECTION\data\processed\audio\hu_0005_part_006.npy,3.376,4.0,16000,16000,3aee0062b72589cf31ce4f75b75703eb8d3dc281a2cf1590be1dfd8275f197a1,train
hu_0005_part_007,FAKE,C:\Users\Harish\Downloads\AI deepfake detection\AI_VOICE_DEEPFAKE_DETECTION\data\processed\audio\hu_0005_part_007.npy,2.702,4.0,16000,16000,fe51ed4d66e6b9618487dae923756be28fca98c34c3e01e31dada014f3a68b93,train
hu_0005_part_008,FAKE,C:\Users\Harish\Downloads\AI deepfake detection\AI_VOICE_DEEPFAKE_DETECTION\data\processed\audio\hu_0005_part_008.npy,3.509,4.0,16000,16000,d796f05f0595d4ef41feb61b0161634eb8b10bfe3e00b28a472ee9b8877e5cd9,train
hu_0005_part_009,FAKE,C:\Users\Harish\Downloads\AI deepfake detection\AI_VOICE_DEEPFAKE_DETECTION\data\processed\audio\hu_0005_part_009.npy,2.802,4.0,16000,16000,c2c7bc61cd2511636f44a2ee2ce5aaef4d4927f9b16bdb50a5a7dfc6d73722dc,train
hu_0005_part_010,FAKE,C:\Users\Harish\Downloads\AI deepfake detection\AI_VOICE_DEEPFAKE_DETECTION\data\processed\audio\hu_0005_part_010.npy,2.779,4.0,16000,16000,188c7183f3d6339713f04f7781d6847a8f97e2334eb60c0d34eb630e9f54f1d4,train
hu_0005_part_011,FAKE,C:\Users\Harish\Downloads\AI deepfake detection\AI_VOICE_DEEPFAKE_DETECTION\data\processed\audio\hu_0005_part_011.npy,4.304,4.0,16000,16000,9548239ebaa461063f201990e2063c20937476fc43f06a4b3ccca395edc1940f,train
hu_0006_c_part_006,FAKE,C:\Users\Harish\Downloads\AI deepfake detection\AI_VOICE_DEEPFAKE_DETECTION\data\processed\audio\hu_0006_c_part_006.npy,4.413,4.0,16000,16000,0bf936604568089a2f2a23dcf11e65ed3481d821923a5a8a55c53764cae5bd65,train
hu_0006_part_002,FAKE,C:\Users\Harish\Downloads\AI deepfake detection\AI_VOICE_DEEPFAKE_DETECTION\data\processed\audio\hu_0006_part_002.npy,7.583,4.0,16000,16000,2aa5b89e33a85d24b837d40023af4aaac31376d4bf6d4c8a407a11d75adde77f,train
hu_0006_part_003,FAKE,C:\Users\Harish\Downloads\AI deepfake detection\AI_VOICE_DEEPFAKE_DETECTION\data\processed\audio\hu_0006_part_003.npy,3.004,4.0,16000,16000,8e375f33ad271425959c8ca5e8d88d0488cb6de4794bd4fc44b8e28c0140fa32,train
hu_0006_part_004,FAKE,C:\Users\Harish\Downloads\AI deepfake detection\AI_VOICE_DEEPFAKE_DETECTION\data\processed\audio\hu_0006_part_004.npy,3.136,4.0,16000,16000,c4115510476e2ed21c801561d2b937531395353399b3dd6c9cc31202348c44e6,train
hu_0006_part_005,FAKE,C:\Users\Harish\Downloads\AI deepfake detection\AI_VOICE_DEEPFAKE_DETECTION\data\processed\audio\hu_0006_part_005.npy,2.724,4.0,16000,16000,dde568404090aff29b1006ec2bf899f13686d13f972c8ec1f79788a9b025a103,train
hu_0007_c_part_006,FAKE,C:\Users\Harish\Downloads\AI deepfake detection\AI_VOICE_DEEPFAKE_DETECTION\data\processed\audio\hu_0007_c_part_006.npy,4.482,4.0,16000,16000,af67e1b3c4ba85239236345f484ed474d4af3a9d8dbbd229de3d63614054e5ca,train
hu_0007_c_part_007,FAKE,C:\Users\Harish\Downloads\AI deepfake detection\AI_VOICE_DEEPFAKE_DETECTION\data\processed\audio\hu_0007_c_part_007.npy,4.7,4.0,16000,16000,10a5d0c80b90e3f3507d21f70e5b578da505a882cf0d1b2d7e679f07eff9611a,train
hu_0007_c_part_008,FAKE,C:\Users\Harish\Downloads\AI deepfake detection\AI_VOICE_DEEPFAKE_DETECTION\data\processed\audio\hu_0007_c_part_008.npy,4.008,4.0,16000,16000,a400efd656beb40e4c4db7b9ba41781e1e3b169934d76e548644a3cb9d43734a,train
hu_0007_part_003,FAKE,C:\Users\Harish\Downloads\AI deepfake detection\AI_VOICE_DEEPFAKE_DETECTION\data\processed\audio\hu_0007_part_003.npy,5.55,4.0,16000,16000,3cb379d5c232669b44b54abcd4c8ccb8d2f7b0586b7ed8c9f2c985960c59b7f0,train
hu_0007_part_004,FAKE,C:\Users\Harish\Downloads\AI deepfake detection\AI_VOICE_DEEPFAKE_DETECTION\data\processed\audio\hu_0007_part_004.npy,3.378,4.0,16000,16000,c1278cd0448b4363de6aa144cb9c02fcd6535936c3fc7e4ce593b8ff71031aa4,train
hu_0008_c_part_005,FAKE,C:\Users\Harish\Downloads\AI deepfake detection\AI_VOICE_DEEPFAKE_DETECTION\data\processed\audio\hu_0008_c_part_005.npy,3.785,4.0,16000,16000,7abe4d233166cd0d1ebee1da2b54bbacbcd19c72763db3d6c52cf84caa4d06c0,train
hu_0008_c_part_006,FAKE,C:\Users\Harish\Downloads\AI deepfake detection\AI_VOICE_DEEPFAKE_DETECTION\data\processed\audio\hu_0008_c_part_006.npy,3.1,4.0,16000,16000,b2d1005daaab366660332bd24976aa944237d6530cce4dae72c73b8a46e2768e,train
hu_0008_c_part_010,FAKE,C:\Users\Harish\Downloads\AI deepfake detection\AI_VOICE_DEEPFAKE_DETECTION\data\processed\audio\hu_0008_c_part_010.npy,2.686,4.0,16000,16000,d632ff89f97a4e426ae0d16c7542f2ae7bb9dc4eeffa26e958ed6571665dd352,train
hu_0008_c_part_012,FAKE,C:\Users\Harish\Downloads\AI deepfake detection\AI_VOICE_DEEPFAKE_DETECTION\data\processed\audio\hu_0008_c_part_012.npy,2.531,4.0,16000,16000,c0087c7d045c679f11ffd988f839e6d10e0860bd7600bdbf527a9e27bf5f57cf,train
hu_0008_c_part_013,FAKE,C:\Users\Harish\Downloads\AI deepfake detection\AI_VOICE_DEEPFAKE_DETECTION\data\processed\audio\hu_0008_c_part_013.npy,3.772,4.0,16000,16000,442168f511862ee94e55f3b333f92225f257e23a7881cc3ea405afaca4769fac,train
hu_0008_c_part_014,FAKE,C:\Users\Harish\Downloads\AI deepfake detection\AI_VOICE_DEEPFAKE_DETECTION\data\processed\audio\hu_0008_c_part_014.npy,2.735,4.0,16000,16000,8899eea50aae230122ce85865db0ed7109da75eb7fdc793fa52d0576541b29b6,train
hu_0008_c_part_015,FAKE,C:\Users\Harish\Downloads\AI deepfake detection\AI_VOICE_DEEPFAKE_DETECTION\data\processed\audio\hu_0008_c_part_015.npy,3.359,4.0,16000,16000,4b95b920b6d7345cb97fae4f49031cafc23c0baf93bafb1be74f0ba7ea7e672f,train
hu_0008_c_part_016,FAKE,C:\Users\Harish\Downloads\AI deepfake detection\AI_VOICE_DEEPFAKE_DETECTION\data\processed\audio\hu_0008_c_part_016.npy,3.587,4.0,16000,16000,f56cddd4185f404b412cb4d38180bf688ca92172c84e61612236242cc85a2801,train
hu_0008_c_part_018,FAKE,C:\Users\Harish\Downloads\AI deepfake detection\AI_VOICE_DEEPFAKE_DETECTION\data\processed\audio\hu_0008_c_part_018.npy,2.598,4.0,16000,16000,464f1b72bd575c0c6d892ff174db7ef7cae7b18c3650fbb8d7715bc5719e6c81,train
hu_0008_part_001,FAKE,C:\Users\Harish\Downloads\AI deepfake detection\AI_VOICE_DEEPFAKE_DETECTION\data\processed\audio\hu_0008_part_001.npy,2.76,4.0,16000,16000,477216750f0fd7bf47fc4227181613d20e5da14ef916f176427724f1f49e8514,train
hu_0008_part_002,FAKE,C:\Users\Harish\Downloads\AI deepfake detection\AI_VOICE_DEEPFAKE_DETECTION\data\processed\audio\hu_0008_part_002.npy,3.778,4.0,16000,16000,6de3be97722f820830935a32a3032b9f8bb5111cbd5f33af9343f65823f64cfb,train
hu_0008_part_003,FAKE,C:\Users\Harish\Downloads\AI deepfake detection\AI_VOICE_DEEPFAKE_DETECTION\data\processed\audio\hu_0008_part_003.npy,2.535,4.0,16000,16000,2e84732b1f070f433351c885b1f92f6edb398027dc47b3eb0fc4f959e22a3662,train
hu_0009_c_part_010,FAKE,C:\Users\Harish\Downloads\AI deepfake detection\AI_VOICE_DEEPFAKE_DETECTION\data\processed\audio\hu_0009_c_part_010.npy,4.111,4.0,16000,16000,418a564ab10fc77c609de545b654be456c37368883c8eab5d94edd9272a51ea4,train
hu_0009_c_part_011,FAKE,C:\Users\Harish\Downloads\AI deepfake detection\AI_VOICE_DEEPFAKE_DETECTION\data\processed\audio\hu_0009_c_part_011.npy,3.713,4.0,16000,16000,619967ae96326e853bf59dce011e74ffb07ab254dfffae27369b77e8be2f8fb4,train
hu_0009_c_part_012,FAKE,C:\Users\Harish\Downloads\AI deepfake detection\AI_VOICE_DEEPFAKE_DETECTION\data\processed\audio\hu_0009_c_part_012.npy,4.288,4.0,16000,16000,dca96f0d1afd816318b327e7736f19693d28437ba2d70d57b0f021d8d6c59541,train
hu_0009_part_002,FAKE,C:\Users\Harish\Downloads\AI deepfake detection\AI_VOICE_DEEPFAKE_DETECTION\data\processed\audio\hu_0009_part_002.npy,3.633,4.0,16000,16000,0870734fb6fce8afa9682e803b8608a9c36ff04674be203da7fe38084f8d7fce,train
hu_0009_part_004,FAKE,C:\Users\Harish\Downloads\AI deepfake detection\AI_VOICE_DEEPFAKE_DETECTION\data\processed\audio\hu_0009_part_004.npy,2.682,4.0,16000,16000,f373ca8bfcc8ebcbfeb25ecbfcb0ac28bb77afed33095b8e80637bf081052cc4,train
hu_0009_part_006,FAKE,C:\Users\Harish\Downloads\AI deepfake detection\AI_VOICE_DEEPFAKE_DETECTION\data\processed\audio\hu_0009_part_006.npy,4.164,4.0,16000,16000,1ed8157fa520e94c80c3db781df38b85bd63a85e22c24b573502509f41abf2e1,train
hu_0009_part_007,FAKE,C:\Users\Harish\Downloads\AI deepfake detection\AI_VOICE_DEEPFAKE_DETECTION\data\processed\audio\hu_0009_part_007.npy,3.175,4.0,16000,16000,f72203de42e643e5a5e061ffe9fe1e1756667e469ae456a5e14b0fc5e7a68684,train
hu_0009_part_008,FAKE,C:\Users\Harish\Downloads\AI deepfake detection\AI_VOICE_DEEPFAKE_DETECTION\data\processed\audio\hu_0009_part_008.npy,3.547,4.0,16000,16000,73015ea47c5fa67c581903f8e42bf815b9bc0b1c085ec1413b44556b59840610,train
hu_0009_part_009,FAKE,C:\Users\Harish\Downloads\AI deepfake detection\AI_VOICE_DEEPFAKE_DETECTION\data\processed\audio\hu_0009_part_009.npy,2.535,4.0,16000,16000,cb12b2f9474a22f66ea6c631fb6733fd5760d5ac00d1cc1887eae1368ae32d5c,train
lv_0001_c_part_020,FAKE,C:\Users\Harish\Downloads\AI deepfake detection\AI_VOICE_DEEPFAKE_DETECTION\data\processed\audio\lv_0001_c_part_020.npy,4.337,4.0,16000,16000,02e5c1e4e57550513aef78c1ecc2f571917ac7c05491af17d0d55b3504e982c9,train
lv_0001_c_part_021,FAKE,C:\Users\Harish\Downloads\AI deepfake detection\AI_VOICE_DEEPFAKE_DETECTION\data\processed\audio\lv_0001_c_part_021.npy,3.779,4.0,16000,16000,96c0887183d17de19a8b3663036193e6995ad657949971ae0ace0b407ccf5b8a,train
lv_0001_c_part_022,FAKE,C:\Users\Harish\Downloads\AI deepfake detection\AI_VOICE_DEEPFAKE_DETECTION\data\processed\audio\lv_0001_c_part_022.npy,2.703,4.0,16000,16000,93abe90663b59235f37c444b3838e39f2e840d1547ccc74dcedf411bf1f4cc28,train
lv_0001_c_part_023,FAKE,C:\Users\Harish\Downloads\AI deepfake detection\AI_VOICE_DEEPFAKE_DETECTION\data\processed\audio\lv_0001_c_part_023.npy,4.139,4.0,16000,16000,156aeddb2eb1cce3e5bad68810d41b278cc8f3fc91c0c9372e0125cfa5d58390,train
lv_0001_c_part_024,FAKE,C:\Users\Harish\Downloads\AI deepfake detection\AI_VOICE_DEEPFAKE_DETECTION\data\processed\audio\lv_0001_c_part_024.npy,3.021,4.0,16000,16000,8b6b7ca1e4776311fe0734d881728068b1c21a628cfc6ff171eee1e414ad3575,train
lv_0001_part_002,FAKE,C:\Users\Harish\Downloads\AI deepfake detection\AI_VOICE_DEEPFAKE_DETECTION\data\processed\audio\lv_0001_part_002.npy,5.171,4.0,16000,16000,24c7aaa33db21ebe70c174c7e0c212e39386a8053c0f102ac7b44d9013e72e84,train
lv_0001_part_003,FAKE,C:\Users\Harish\Downloads\AI deepfake detection\AI_VOICE_DEEPFAKE_DETECTION\data\processed\audio\lv_0001_part_003.npy,2.976,4.0,16000,16000,dc521b48f63b8e2668aa4046e6da7054f0c14fb43957bac3ddcc768c9f2140e6,train
lv_0001_part_004,FAKE,C:\Users\Harish\Downloads\AI deepfake detection\AI_VOICE_DEEPFAKE_DETECTION\data\processed\audio\lv_0001_part_004.npy,8.052,4.0,16000,16000,1ee1f800f0ac330a7cbd6e221c2137bb47b9eb7f2bdcc1e17abc5ea46aa08e8f,train
lv_0001_part_007,FAKE,C:\Users\Harish\Downloads\AI deepfake detection\AI_VOICE_DEEPFAKE_DETECTION\data\processed\audio\lv_0001_part_007.npy,2.71,4.0,16000,16000,aa99f93e9a2bc89ddd7209f136e8c736758fc415eb35bd62d920a5a9d15fbfa9,train
lv_0001_part_008,FAKE,C:\Users\Harish\Downloads\AI deepfake detection\AI_VOICE_DEEPFAKE_DETECTION\data\processed\audio\lv_0001_part_008.npy,5.497,4.0,16000,16000,2b8c6430154bda1c39796f3ba1a11a9eb0d83b4d5ee25feb455afb54c3e07136,train
lv_0001_part_009,FAKE,C:\Users\Harish\Downloads\AI deepfake detection\AI_VOICE_DEEPFAKE_DETECTION\data\processed\audio\lv_0001_part_009.npy,2.72,4.0,16000,16000,1a2d6fe81abc512808ccdc5f9a0ea82a65940a1c2b38ce83fcb2e5d52abe46fe,train
lv_0001_part_010,FAKE,C:\Users\Harish\Downloads\AI deepfake detection\AI_VOICE_DEEPFAKE_DETECTION\data\processed\audio\lv_0001_part_010.npy,4.798,4.0,16000,16000,45768df1d81dfbb33fbc129477f0ba2d46dfc95a8f44a6b4a24e473454c787de,train
lv_0001_part_011,FAKE,C:\Users\Harish\Downloads\AI deepfake detection\AI_VOICE_DEEPFAKE_DETECTION\data\processed\audio\lv_0001_part_011.npy,5.312,4.0,16000,16000,d9e4bb466c3e880ccf8b86d52445f348043d72c31a67127075f8fb6c6b0b61c3,train
lv_0001_part_013,FAKE,C:\Users\Harish\Downloads\AI deepfake detection\AI_VOICE_DEEPFAKE_DETECTION\data\processed\audio\lv_0001_part_013.npy,3.224,4.0,16000,16000,0a6be57ff95e565cc4983c908331550a021963dad65201d542451634c2ac702a,train
lv_0001_part_015,FAKE,C:\Users\Harish\Downloads\AI deepfake detection\AI_VOICE_DEEPFAKE_DETECTION\data\processed\audio\lv_0001_part_015.npy,4.504,4.0,16000,16000,8bffa731d42cdbfc3c8b53416b1d90e6b88b61d6397fd11c2fd2eabb54e598c7,train
lv_0002_c_part_010,FAKE,C:\Users\Harish\Downloads\AI deepfake detection\AI_VOICE_DEEPFAKE_DETECTION\data\processed\audio\lv_0002_c_part_010.npy,2.73,4.0,16000,16000,a39f6743daa117ee6010b204aaca12a58f00299b09e7a7c59dee7cb95bbd4f53,train
lv_0002_c_part_012,FAKE,C:\Users\Harish\Downloads\AI deepfake detection\AI_VOICE_DEEPFAKE_DETECTION\data\processed\audio\lv_0002_c_part_012.npy,4.09,4.0,16000,16000,4cac07b69a188f4219bd99e13cdb9600aa277a09b442b814cc492e017e34db8f,train
lv_0002_c_part_013,FAKE,C:\Users\Harish\Downloads\AI deepfake detection\AI_VOICE_DEEPFAKE_DETECTION\data\processed\audio\lv_0002_c_part_013.npy,3.788,4.0,16000,16000,df92749cbcd9f1392186368d2148360475ae17fb3ff5f9c57b89e125f54b98fb,train
lv_0002_c_part_014,FAKE,C:\Users\Harish\Downloads\AI deepfake detection\AI_VOICE_DEEPFAKE_DETECTION\data\processed\audio\lv_0002_c_part_014.npy,4.327,4.0,16000,16000,d0eac94917efe1f0beead5cc5b6089ede6d7c7a994a83da577e5414211f1841d,train
lv_0002_c_part_015,FAKE,C:\Users\Harish\Downloads\AI deepfake detection\AI_VOICE_DEEPFAKE_DETECTION\data\processed\audio\lv_0002_c_part_015.npy,4.059,4.0,16000,16000,4e0480d0e6f48ee31c0ef0d52e46e6fc710d331497afc500eac960627f57e2bf,train
lv_0002_c_part_016,FAKE,C:\Users\Harish\Downloads\AI deepfake detection\AI_VOICE_DEEPFAKE_DETECTION\data\processed\audio\lv_0002_c_part_016.npy,3.227,4.0,16000,16000,fb7f81557a90965ccaa65c5ed8a9b16160adbad1f36f0b09858c1b4a9562a700,train
lv_0002_c_part_017,FAKE,C:\Users\Harish\Downloads\AI deepfake detection\AI_VOICE_DEEPFAKE_DETECTION\data\processed\audio\lv_0002_c_part_017.npy,4.085,4.0,16000,16000,3784dd6a81e07b1d3400c5a136ce3d676e2bc2196589d2b0f9f873c0d02a821c,train
lv_0002_c_part_018,FAKE,C:\Users\Harish\Downloads\AI deepfake detection\AI_VOICE_DEEPFAKE_DETECTION\data\processed\audio\lv_0002_c_part_018.npy,3.499,4.0,16000,16000,1a7379073d00649075a73c9c7bdb1118be32991c295ef8861d6efe0d21849eb2,train
lv_0002_c_part_019,FAKE,C:\Users\Harish\Downloads\AI deepfake detection\AI_VOICE_DEEPFAKE_DETECTION\data\processed\audio\lv_0002_c_part_019.npy,3.862,4.0,16000,16000,474a4db8a3ef3e1898d2071a86bb8aaf56334f9a6088022f5c2abbe2329bd2f2,train
lv_0002_c_part_021,FAKE,C:\Users\Harish\Downloads\AI deepfake detection\AI_VOICE_DEEPFAKE_DETECTION\data\processed\audio\lv_0002_c_part_021.npy,3.672,4.0,16000,16000,7c87f14d0221e8f9c316cf5607a8f3f229f342238be45847d91442f8cb200e4f,train
lv_0002_c_part_024,FAKE,C:\Users\Harish\Downloads\AI deepfake detection\AI_VOICE_DEEPFAKE_DETECTION\data\processed\audio\lv_0002_c_part_024.npy,2.868,4.0,16000,16000,82fd92efd52e1a4c8b40983b13ee14c8bcae11bd1881e841ac7510c59932d624,train
lv_0002_part_002,FAKE,C:\Users\Harish\Downloads\AI deepfake detection\AI_VOICE_DEEPFAKE_DETECTION\data\processed\audio\lv_0002_part_002.npy,3.108,4.0,16000,16000,957da996e18cedfd1dbf86536fc06da51569d33ba3bf473040a18533e33b24f8,train
lv_0002_part_003,FAKE,C:\Users\Harish\Downloads\AI deepfake detection\AI_VOICE_DEEPFAKE_DETECTION\data\processed\audio\lv_0002_part_003.npy,4.657,4.0,16000,16000,6218d4b1d3a17b07c1433e3b4398e5718e59a79ee4195bd347a8b4073b9cee0b,train
lv_0002_part_004,FAKE,C:\Users\Harish\Downloads\AI deepfake detection\AI_VOICE_DEEPFAKE_DETECTION\data\processed\audio\lv_0002_part_004.npy,3.385,4.0,16000,16000,e9a75d55b726aa0b5e71b9fd3f1d8437648691c6dfe5adb947c3ff4cacb87287,train
lv_0002_part_005,FAKE,C:\Users\Harish\Downloads\AI deepfake detection\AI_VOICE_DEEPFAKE_DETECTION\data\processed\audio\lv_0002_part_005.npy,3.15,4.0,16000,16000,3579520606370b7420c8d103482433249d60208817ab9f18f53e36613d25fd91,train
lv_0002_part_006,FAKE,C:\Users\Harish\Downloads\AI deepfake detection\AI_VOICE_DEEPFAKE_DETECTION\data\processed\audio\lv_0002_part_006.npy,2.545,4.0,16000,16000,1947dbeaac02a33d94c39399bde0feec7a147391fd176ae3a212da0453caef14,train
lv_0002_part_007,FAKE,C:\Users\Harish\Downloads\AI deepfake detection\AI_VOICE_DEEPFAKE_DETECTION\data\processed\audio\lv_0002_part_007.npy,3.269,4.0,16000,16000,ef74dc8f75615b5b4cc621397e9f4f2519847f48cb0d2d0a6cab604987dcd7cb,train
lv_0002_part_009,FAKE,C:\Users\Harish\Downloads\AI deepfake detection\AI_VOICE_DEEPFAKE_DETECTION\data\processed\audio\lv_0002_part_009.npy,3.193,4.0,16000,16000,6354b982006a1a45dc04b5a5c5401477a2334ee4b506297d145ebbf3b94bfcf7,train
lv_0003_c_part_013,FAKE,C:\Users\Harish\Downloads\AI deepfake detection\AI_VOICE_DEEPFAKE_DETECTION\data\processed\audio\lv_0003_c_part_013.npy,3.825,4.0,16000,16000,e2cf59cb6441a1f55bead47e24979e77731d58217a71752fbc0160d849466b57,train
lv_0003_c_part_014,FAKE,C:\Users\Harish\Downloads\AI deepfake detection\AI_VOICE_DEEPFAKE_DETECTION\data\processed\audio\lv_0003_c_part_014.npy,3.268,4.0,16000,16000,ff58c12632b2f73d1dfeeae86a39ce67b554368b7a3211645e43f4136f8bdcb7,train
lv_0003_c_part_016,FAKE,C:\Users\Harish\Downloads\AI deepfake detection\AI_VOICE_DEEPFAKE_DETECTION\data\processed\audio\lv_0003_c_part_016.npy,2.814,4.0,16000,16000,dac494a8ceee9fdd44104edd0672ea2665eb15ff4f2d908f50608c98dbee57a5,train
lv_0003_c_part_017,FAKE,C:\Users\Harish\Downloads\AI deepfake detection\AI_VOICE_DEEPFAKE_DETECTION\data\processed\audio\lv_0003_c_part_017.npy,2.769,4.0,16000,16000,7e2fd484413ef7f3bc6862695e97f5cd60e15d25c441b58b1e50b54176c7b196,train
lv_0003_c_part_020,FAKE,C:\Users\Harish\Downloads\AI deepfake detection\AI_VOICE_DEEPFAKE_DETECTION\data\processed\audio\lv_0003_c_part_020.npy,3.731,4.0,16000,16000,ce3a4d36edfd84a969ee36cad0bd02bae3676e9beb5f964d6bb091eec7be2e3d,train
lv_0003_c_part_021,FAKE,C:\Users\Harish\Downloads\AI deepfake detection\AI_VOICE_DEEPFAKE_DETECTION\data\processed\audio\lv_0003_c_part_021.npy,3.995,4.0,16000,16000,0ed91f104438b2373bf95535728dd5dae3e62d6ea5f7f8525cca58247bea30b2,train
lv_0003_c_part_022,FAKE,C:\Users\Harish\Downloads\AI deepfake detection\AI_VOICE_DEEPFAKE_DETECTION\data\processed\audio\lv_0003_c_part_022.npy,2.765,4.0,16000,16000,350f943e2bf7f8956d04e609b02dbd3df70f9bbb9c5c768bbb9ae404e2f2782a,train
lv_0003_c_part_023,FAKE,C:\Users\Harish\Downloads\AI deepfake detection\AI_VOICE_DEEPFAKE_DETECTION\data\processed\audio\lv_0003_c_part_023.npy,2.918,4.0,16000,16000,7f6d6663eaea250b902136295f8f234302cc4d982dabd780e3a88a80885c202d,train
lv_0003_part_002,FAKE,C:\Users\Harish\Downloads\AI deepfake detection\AI_VOICE_DEEPFAKE_DETECTION\data\processed\audio\lv_0003_part_002.npy,4.736,4.0,16000,16000,4c4da07c48e457ef77ccd6b8e470211f563238379cd3091dc1b408d4726c242e,train
lv_0003_part_005,FAKE,C:\Users\Harish\Downloads\AI deepfake detection\AI_VOICE_DEEPFAKE_DETECTION\data\processed\audio\lv_0003_part_005.npy,2.587,4.0,16000,16000,246b0b0d8c5ff6d841145f043b7e32e6160e87a64efc4512aba7bf285444d74d,train
lv_0003_part_006,FAKE,C:\Users\Harish\Downloads\AI deepfake detection\AI_VOICE_DEEPFAKE_DETECTION\data\processed\audio\lv_0003_part_006.npy,4.408,4.0,16000,16000,f8a6cf0e571960408857d192f4ba47bf72eb53973f6f548b876ede95b62ae1d5,train
lv_0003_part_009,FAKE,C:\Users\Harish\Downloads\AI deepfake detection\AI_VOICE_DEEPFAKE_DETECTION\data\processed\audio\lv_0003_part_009.npy,3.308,4.0,16000,16000,b3a56cdd2b4e72c53953e1d7496aefc6796ae1d8155242de2f6e5c8f5103662e,train
lv_0003_part_010,FAKE,C:\Users\Harish\Downloads\AI deepfake detection\AI_VOICE_DEEPFAKE_DETECTION\data\processed\audio\lv_0003_part_010.npy,3.731,4.0,16000,16000,68b4b713db1fd32693691a97e79b515bafc4f2ccede3706105a05d3bb0e8ec42,train
lv_0003_part_011,FAKE,C:\Users\Harish\Downloads\AI deepfake detection\AI_VOICE_DEEPFAKE_DETECTION\data\processed\audio\lv_0003_part_011.npy,2.717,4.0,16000,16000,970010e054bf4ac252e46bbabfbac1b4d518491b4d1728c734efecc93561a37f,train
lv_0003_part_012,FAKE,C:\Users\Harish\Downloads\AI deepfake detection\AI_VOICE_DEEPFAKE_DETECTION\data\processed\audio\lv_0003_part_012.npy,4.316,4.0,16000,16000,874c478c8eff80114af08f8018038638ac7c334d39279f596acaeced00616a65,train
lv_0004_c_part_021,FAKE,C:\Users\Harish\Downloads\AI deepfake detection\AI_VOICE_DEEPFAKE_DETECTION\data\processed\audio\lv_0004_c_part_021.npy,3.481,4.0,16000,16000,0d45a3d2fce8cfb993acef5cefd76da8bfef6a2b89681870fc561f718b9074db,train
lv_0004_c_part_022,FAKE,C:\Users\Harish\Downloads\AI deepfake detection\AI_VOICE_DEEPFAKE_DETECTION\data\processed\audio\lv_0004_c_part_022.npy,3.332,4.0,16000,16000,b7b218ed3f8e51c3ba5905743739e54011088a81b09e1148587232095ba26048,train
lv_0004_c_part_025,FAKE,C:\Users\Harish\Downloads\AI deepfake detection\AI_VOICE_DEEPFAKE_DETECTION\data\processed\audio\lv_0004_c_part_025.npy,3.347,4.0,16000,16000,6f80da8a82e46777bc1e872c3ddfc5f01597983315f7d7ff29d24d55c825b36e,train
lv_0004_c_part_026,FAKE,C:\Users\Harish\Downloads\AI deepfake detection\AI_VOICE_DEEPFAKE_DETECTION\data\processed\audio\lv_0004_c_part_026.npy,3.485,4.0,16000,16000,81e122edc775c943421431020df092eb6a5345e18d53fef7883502a89e633e3e,train
lv_0004_c_part_027,FAKE,C:\Users\Harish\Downloads\AI deepfake detection\AI_VOICE_DEEPFAKE_DETECTION\data\processed\audio\lv_0004_c_part_027.npy,4.031,4.0,16000,16000,4c640b40b1a146451ea2ca96cc6a192a04ce54c021cfd8073fbc28c68f63122a,train
lv_0004_c_part_028,FAKE,C:\Users\Harish\Downloads\AI deepfake detection\AI_VOICE_DEEPFAKE_DETECTION\data\processed\audio\lv_0004_c_part_028.npy,2.979,4.0,16000,16000,b05ee81219021e04f1cdc1c5ae7a069645d897ac1eda3b0d7872d016d1a0ef58,train
lv_0004_c_part_029,FAKE,C:\Users\Harish\Downloads\AI deepfake detection\AI_VOICE_DEEPFAKE_DETECTION\data\processed\audio\lv_0004_c_part_029.npy,4.222,4.0,16000,16000,b568a7a08d9599138149deea20351fcff218849df93df99a729aac72b9850359,train
lv_0004_part_001,FAKE,C:\Users\Harish\Downloads\AI deepfake detection\AI_VOICE_DEEPFAKE_DETECTION\data\processed\audio\lv_0004_part_001.npy,2.921,4.0,16000,16000,03538dd7c74576407947132228d613a4f344f3094b374b0a6297268c1ba67850,train
lv_0004_part_002,FAKE,C:\Users\Harish\Downloads\AI deepfake detection\AI_VOICE_DEEPFAKE_DETECTION\data\processed\audio\lv_0004_part_002.npy,3.215,4.0,16000,16000,9acee0b32c5a35ddbfc8ebfb3b2b9054d66c0c31ec9e9d531f45f89b15bcbe26,train
lv_0004_part_003,FAKE,C:\Users\Harish\Downloads\AI deepfake detection\AI_VOICE_DEEPFAKE_DETECTION\data\processed\audio\lv_0004_part_003.npy,2.771,4.0,16000,16000,3fa028da336b49066b69888749ab13232c5befd5ca11d7332b50522d2464a1b4,train
lv_0004_part_005,FAKE,C:\Users\Harish\Downloads\AI deepfake detection\AI_VOICE_DEEPFAKE_DETECTION\data\processed\audio\lv_0004_part_005.npy,3.105,4.0,16000,16000,9bc4f54c4848b9f348b94f057ca1e7fac76f441b2b4d6d10acb97339225da6a1,train
lv_0004_part_006,FAKE,C:\Users\Harish\Downloads\AI deepfake detection\AI_VOICE_DEEPFAKE_DETECTION\data\processed\audio\lv_0004_part_006.npy,3.3,4.0,16000,16000,12e7c64f9740fd7a3f3083cce2ba702c3fef6800ce5276aaca34f41d0d5b0f2b,train
lv_0004_part_007,FAKE,C:\Users\Harish\Downloads\AI deepfake detection\AI_VOICE_DEEPFAKE_DETECTION\data\processed\audio\lv_0004_part_007.npy,4.271,4.0,16000,16000,71bb6f7f3e654a40ba90d9a55791ccd5fc23d5b68dddbe06784c2d20e4efa39b,train
lv_0004_part_008,FAKE,C:\Users\Harish\Downloads\AI deepfake detection\AI_VOICE_DEEPFAKE_DETECTION\data\processed\audio\lv_0004_part_008.npy,4.801,4.0,16000,16000,18318603833f5620ebb918a2b0b8dd1e7c926e85ec311786dbfc512e03f12794,train
lv_0004_part_009,FAKE,C:\Users\Harish\Downloads\AI deepfake detection\AI_VOICE_DEEPFAKE_DETECTION\data\processed\audio\lv_0004_part_009.npy,4.179,4.0,16000,16000,88c10822b0a7ffd66e545e0ce3295a571969d58808e6549d15fd296569065d73,train
lv_0004_part_011,FAKE,C:\Users\Harish\Downloads\AI deepfake detection\AI_VOICE_DEEPFAKE_DETECTION\data\processed\audio\lv_0004_part_011.npy,3.082,4.0,16000,16000,c9f862886fe0611d46d5f0ebe3d025110be0334d86c0747ac720144b8143a8a4,train
lv_0004_part_012,FAKE,C:\Users\Harish\Downloads\AI deepfake detection\AI_VOICE_DEEPFAKE_DETECTION\data\processed\audio\lv_0004_part_012.npy,3.093,4.0,16000,16000,4d39116f0d02827b8848d0363db34fee4389325f8801c6667d768de21487e354,train
lv_0004_part_013,FAKE,C:\Users\Harish\Downloads\AI deepfake detection\AI_VOICE_DEEPFAKE_DETECTION\data\processed\audio\lv_0004_part_013.npy,3.676,4.0,16000,16000,b6616c4d2706bdd4e4902ff5a45a569ca7816e2ee80cb36116805907212b77a0,train
lv_0004_part_016,FAKE,C:\Users\Harish\Downloads\AI deepfake detection\AI_VOICE_DEEPFAKE_DETECTION\data\processed\audio\lv_0004_part_016.npy,7.224,4.0,16000,16000,55fe58496c7045d792a91c9373cabf66596d6cab8dbeb87a8573c4b2c67b9b9f,train
lv_0004_part_017,FAKE,C:\Users\Harish\Downloads\AI deepfake detection\AI_VOICE_DEEPFAKE_DETECTION\data\processed\audio\lv_0004_part_017.npy,2.826,4.0,16000,16000,d6b247c3bf2e0d697a643a731293f799e35021ddacc517d928b688994b01202d,train
lv_0004_part_020,FAKE,C:\Users\Harish\Downloads\AI deepfake detection\AI_VOICE_DEEPFAKE_DETECTION\data\processed\audio\lv_0004_part_020.npy,2.723,4.0,16000,16000,053e81cc8742318f852ed654b3dc56f27233fb2d19792c191cc5b2204dce9d74,train
lv_0005_c_part_018,FAKE,C:\Users\Harish\Downloads\AI deepfake detection\AI_VOICE_DEEPFAKE_DETECTION\data\processed\audio\lv_0005_c_part_018.npy,3.113,4.0,16000,16000,97081b68d35b5d77a28dcab9380a080fcd6086389e20a35b5d579e906e6dac70,train
lv_0005_c_part_020,FAKE,C:\Users\Harish\Downloads\AI deepfake detection\AI_VOICE_DEEPFAKE_DETECTION\data\processed\audio\lv_0005_c_part_020.npy,3.36,4.0,16000,16000,6334044e1b8278d8854d6e398afe3ec3daa36fe3f7d4737d61ce45a4f7570d43,train
lv_0005_c_part_021,FAKE,C:\Users\Harish\Downloads\AI deepfake detection\AI_VOICE_DEEPFAKE_DETECTION\data\processed\audio\lv_0005_c_part_021.npy,3.395,4.0,16000,16000,4bc3755e2351836dfb1140c2cc4b6fdc2cd0d21a91ed4d4661dbb793091e7e65,train
lv_0005_c_part_022,FAKE,C:\Users\Harish\Downloads\AI deepfake detection\AI_VOICE_DEEPFAKE_DETECTION\data\processed\audio\lv_0005_c_part_022.npy,3.255,4.0,16000,16000,946eeac7c9b0e768073b561fbf73d965174c0a0940460931adf5c6cccad801c2,train
lv_0005_c_part_023,FAKE,C:\Users\Harish\Downloads\AI deepfake detection\AI_VOICE_DEEPFAKE_DETECTION\data\processed\audio\lv_0005_c_part_023.npy,3.778,4.0,16000,16000,26552623bfc6281c2c77aad0252c0d60e1d00ae1a3e1de141c46f5f0992c7aca,train
lv_0005_c_part_024,FAKE,C:\Users\Harish\Downloads\AI deepfake detection\AI_VOICE_DEEPFAKE_DETECTION\data\processed\audio\lv_0005_c_part_024.npy,4.215,4.0,16000,16000,eafebc17aa664d2d289ea07b76f5f9cc2b5e1ab8264cfdec8fe450ba16e61523,train
lv_0005_c_part_026,FAKE,C:\Users\Harish\Downloads\AI deepfake detection\AI_VOICE_DEEPFAKE_DETECTION\data\processed\audio\lv_0005_c_part_026.npy,2.878,4.0,16000,16000,28efb2e2dd8d37c3cf5d137db0766617f895c9acc9e3ac4af59e7fa7c33cb307,train
lv_0005_c_part_027,FAKE,C:\Users\Harish\Downloads\AI deepfake detection\AI_VOICE_DEEPFAKE_DETECTION\data\processed\audio\lv_0005_c_part_027.npy,3.963,4.0,16000,16000,58f756fe8acbaf0b40c0d58a0d666f3c72881b693ef8826dd496c5b93b3d3ef9,train
lv_0005_c_part_028,FAKE,C:\Users\Harish\Downloads\AI deepfake detection\AI_VOICE_DEEPFAKE_DETECTION\data\processed\audio\lv_0005_c_part_028.npy,2.961,4.0,16000,16000,3d456cbe83791e3e24169f37008d6213cda6bbe7776156cbdc403637ebc06a71,train
lv_0005_c_part_029,FAKE,C:\Users\Harish\Downloads\AI deepfake detection\AI_VOICE_DEEPFAKE_DETECTION\data\processed\audio\lv_0005_c_part_029.npy,3.399,4.0,16000,16000,c69af3388d9456b20e5c0ca3d7eb49bf31631da93e07f96365a987f4d947eaf9,train
lv_0005_part_001,FAKE,C:\Users\Harish\Downloads\AI deepfake detection\AI_VOICE_DEEPFAKE_DETECTION\data\processed\audio\lv_0005_part_001.npy,5.615,4.0,16000,16000,a5b52ec52950d3b90bfa951b540f89769f06ee579b775fd2f6fa872b79fd214a,train
lv_0005_part_002,FAKE,C:\Users\Harish\Downloads\AI deepfake detection\AI_VOICE_DEEPFAKE_DETECTION\data\processed\audio\lv_0005_part_002.npy,2.876,4.0,16000,16000,a6c0746014b9d9bb2791c5d305fa902eca8b00ce97bedd1871fbe2b380060b47,train
lv_0005_part_003,FAKE,C:\Users\Harish\Downloads\AI deepfake detection\AI_VOICE_DEEPFAKE_DETECTION\data\processed\audio\lv_0005_part_003.npy,5.794,4.0,16000,16000,b194bf882bfcf3f23c4174c62eaf43a6cb4ddba89d5135bdf7244b3955a8a565,train
lv_0005_part_004,FAKE,C:\Users\Harish\Downloads\AI deepfake detection\AI_VOICE_DEEPFAKE_DETECTION\data\processed\audio\lv_0005_part_004.npy,4.19,4.0,16000,16000,022c075e030476187791441fad3f99d728a8bbf1bc5844dbca706d5dad62e203,train
lv_0005_part_005,FAKE,C:\Users\Harish\Downloads\AI deepfake detection\AI_VOICE_DEEPFAKE_DETECTION\data\processed\audio\lv_0005_part_005.npy,3.677,4.0,16000,16000,56c7af26d3eb0785298de22b7484f343caf9e91db0f12f19591158c3878200aa,train
lv_0005_part_006,FAKE,C:\Users\Harish\Downloads\AI deepfake detection\AI_VOICE_DEEPFAKE_DETECTION\data\processed\audio\lv_0005_part_006.npy,2.635,4.0,16000,16000,3ea99b30be80824b74a006cae1875bbfb3a3ca8390759e97143fb1f871a6c44f,train
lv_0005_part_007,FAKE,C:\Users\Harish\Downloads\AI deepfake detection\AI_VOICE_DEEPFAKE_DETECTION\data\processed\audio\lv_0005_part_007.npy,2.974,4.0,16000,16000,53b1a4f8d636ea349b182a71d149b2bb0fa123a269718ecc977403958274b6d3,train
lv_0005_part_010,FAKE,C:\Users\Harish\Downloads\AI deepfake detection\AI_VOICE_DEEPFAKE_DETECTION\data\processed\audio\lv_0005_part_010.npy,5.486,4.0,16000,16000,3022bbf2b2ef3c8b95034fa9bac9848ad0f201ddce76e4710e7cb3b93c0acf6a,train
lv_0005_part_014,FAKE,C:\Users\Harish\Downloads\AI deepfake detection\AI_VOICE_DEEPFAKE_DETECTION\data\processed\audio\lv_0005_part_014.npy,2.728,4.0,16000,16000,2658ddba1c4d8fab61a91c7da02b60751970e6f84df08fc53e636116106a8414,train
lv_0006_c_part_021,FAKE,C:\Users\Harish\Downloads\AI deepfake detection\AI_VOICE_DEEPFAKE_DETECTION\data\processed\audio\lv_0006_c_part_021.npy,3.286,4.0,16000,16000,0f093a8a027b83c55d48cd004af32c01290692b52529c89b2445878efc22167a,train
lv_0006_c_part_022,FAKE,C:\Users\Harish\Downloads\AI deepfake detection\AI_VOICE_DEEPFAKE_DETECTION\data\processed\audio\lv_0006_c_part_022.npy,2.925,4.0,16000,16000,c665960dacbd74d9c71c4a46bd01f474699a8221407d5d0a39b92f172adc731b,train
lv_0006_c_part_024,FAKE,C:\Users\Harish\Downloads\AI deepfake detection\AI_VOICE_DEEPFAKE_DETECTION\data\processed\audio\lv_0006_c_part_024.npy,3.556,4.0,16000,16000,bb07db51fc989cd3ca041230cf1f6f6339eb0ec91dc54916cebad1f397971b7d,train
lv_0006_c_part_025,FAKE,C:\Users\Harish\Downloads\AI deepfake detection\AI_VOICE_DEEPFAKE_DETECTION\data\processed\audio\lv_0006_c_part_025.npy,4.254,4.0,16000,16000,9fa12476f6f9c57e90b0b4156ded1e44a77b105b10ea73355ae1c2137ea89860,train
lv_0006_part_001,FAKE,C:\Users\Harish\Downloads\AI deepfake detection\AI_VOICE_DEEPFAKE_DETECTION\data\processed\audio\lv_0006_part_001.npy,2.689,4.0,16000,16000,80787731e59eebb9b1e68ecd678065c849a428ef71e67c010d0d55eb38caccb8,train
lv_0006_part_003,FAKE,C:\Users\Harish\Downloads\AI deepfake detection\AI_VOICE_DEEPFAKE_DETECTION\data\processed\audio\lv_0006_part_003.npy,6.886,4.0,16000,16000,4df95a61ce4744d21b691147b7b329cbfb2b75a568d004b84991c309c509d9c9,train
lv_0006_part_005,FAKE,C:\Users\Harish\Downloads\AI deepfake detection\AI_VOICE_DEEPFAKE_DETECTION\data\processed\audio\lv_0006_part_005.npy,4.616,4.0,16000,16000,ff2682452ac3b8cb0fc646829f6de30fecb188e8350fd2c96400e8e121aadb94,train
lv_0006_part_006,FAKE,C:\Users\Harish\Downloads\AI deepfake detection\AI_VOICE_DEEPFAKE_DETECTION\data\processed\audio\lv_0006_part_006.npy,4.302,4.0,16000,16000,afc863364f4a8d2b41f886b6ae91d6d2dcc9f9e1913f7c2749014a19bada023e,train
lv_0006_part_007,FAKE,C:\Users\Harish\Downloads\AI deepfake detection\AI_VOICE_DEEPFAKE_DETECTION\data\processed\audio\lv_0006_part_007.npy,5.074,4.0,16000,16000,6a2c40231a3f4bee82eccfbd6c035ef64063419581503de04f99b6ab10437490,train
lv_0006_part_008,FAKE,C:\Users\Harish\Downloads\AI deepfake detection\AI_VOICE_DEEPFAKE_DETECTION\data\processed\audio\lv_0006_part_008.npy,3.681,4.0,16000,16000,9f65108c057e9465e2aad49ee6e6565098ce3156948f7b999b5e2896ce426ca5,train
lv_0006_part_009,FAKE,C:\Users\Harish\Downloads\AI deepfake detection\AI_VOICE_DEEPFAKE_DETECTION\data\processed\audio\lv_0006_part_009.npy,2.75,4.0,16000,16000,bb1ed5034c14b19f9d471cf31f4e72eeb86ac0c65f6845531b79ced45dbe6a4b,train
lv_0006_part_010,FAKE,C:\Users\Harish\Downloads\AI deepfake detection\AI_VOICE_DEEPFAKE_DETECTION\data\processed\audio\lv_0006_part_010.npy,3.028,4.0,16000,16000,c8bdd5bebd86ecfd2040cf7543adf1e6893c3269d6c0687f21d9d96813101451,train
lv_0006_part_012,FAKE,C:\Users\Harish\Downloads\AI deepfake detection\AI_VOICE_DEEPFAKE_DETECTION\data\processed\audio\lv_0006_part_012.npy,3.345,4.0,16000,16000,9feddf5721a09cd8731873d3cea94e211579eb68d070b13745629c520cb8b7fb,train
lv_0006_part_013,FAKE,C:\Users\Harish\Downloads\AI deepfake detection\AI_VOICE_DEEPFAKE_DETECTION\data\processed\audio\lv_0006_part_013.npy,4.452,4.0,16000,16000,ac232a6840642918a2e907775bd9f7e497574ca63dc368a0dbd2ebdf77130900,train
lv_0006_part_014,FAKE,C:\Users\Harish\Downloads\AI deepfake detection\AI_VOICE_DEEPFAKE_DETECTION\data\processed\audio\lv_0006_part_014.npy,6.558,4.0,16000,16000,ee9c33ab74c7172b293b6b89a3907ad35b753778beff9a3e22783b3f2b011095,train
lv_0006_part_015,FAKE,C:\Users\Harish\Downloads\AI deepfake detection\AI_VOICE_DEEPFAKE_DETECTION\data\processed\audio\lv_0006_part_015.npy,3.952,4.0,16000,16000,9d3f1f2e0a11da7ecf0bb554aae952fb62cca1eaf8961fae7c01f2ebb0e3cdfd,train
lv_0006_part_016,FAKE,C:\Users\Harish\Downloads\AI deepfake detection\AI_VOICE_DEEPFAKE_DETECTION\data\processed\audio\lv_0006_part_016.npy,6.655,4.0,16000,16000,f45eb2d69bb2351cf39aa2771341b7682d213cbd1cd8a15ed861c3fc7f1055ca,train
lv_0006_part_017,FAKE,C:\Users\Harish\Downloads\AI deepfake detection\AI_VOICE_DEEPFAKE_DETECTION\data\processed\audio\lv_0006_part_017.npy,2.576,4.0,16000,16000,7151a2c808d4783c9aafbd50452e212a50468684ad09ef006d2f3a600f287831,train
lv_0006_part_018,FAKE,C:\Users\Harish\Downloads\AI deepfake detection\AI_VOICE_DEEPFAKE_DETECTION\data\processed\audio\lv_0006_part_018.npy,2.956,4.0,16000,16000,8cc7936e35dbca76d2f47297b3a4afe6e4ba799f7147df37ecf1e13b74bcd9ba,train
lv_0006_part_019,FAKE,C:\Users\Harish\Downloads\AI deepfake detection\AI_VOICE_DEEPFAKE_DETECTION\data\processed\audio\lv_0006_part_019.npy,2.931,4.0,16000,16000,35efa63157a2d484b36d515eb46068c6b6ca4f833108a1b43ecbb43788146f09,train
lv_0006_part_020,FAKE,C:\Users\Harish\Downloads\AI deepfake detection\AI_VOICE_DEEPFAKE_DETECTION\data\processed\audio\lv_0006_part_020.npy,5.709,4.0,16000,16000,45fc852082c0d992349e94a9111d5745d89bcb37bc7eac17d0d25dd85b4406df,train
po_0001_c_part_006,FAKE,C:\Users\Harish\Downloads\AI deepfake detection\AI_VOICE_DEEPFAKE_DETECTION\data\processed\audio\po_0001_c_part_006.npy,2.921,4.0,16000,16000,cc932c3ff4b2a06f6eb4c2de045c34a3a187063c3e34b66c258da50c4563708a,train
po_0001_part_001,FAKE,C:\Users\Harish\Downloads\AI deepfake detection\AI_VOICE_DEEPFAKE_DETECTION\data\processed\audio\po_0001_part_001.npy,2.674,4.0,16000,16000,cfa92cb116deb53aa36d1ab54af5801441e0a86ccfb4d9d08ac52041fd5a93a3,train
po_0001_part_002,FAKE,C:\Users\Harish\Downloads\AI deepfake detection\AI_VOICE_DEEPFAKE_DETECTION\data\processed\audio\po_0001_part_002.npy,5.147,4.0,16000,16000,936f7b719bc172ef1670813524ddd420db2a9fca6d615bb7f817a25a0ea503b7,train
po_0001_part_003,FAKE,C:\Users\Harish\Downloads\AI deepfake detection\AI_VOICE_DEEPFAKE_DETECTION\data\processed\audio\po_0001_part_003.npy,2.767,4.0,16000,16000,1fd85de98f965f3f30e6575bd03de755eb26f7cac54085682f3535a32a8a41b3,train
po_0001_part_004,FAKE,C:\Users\Harish\Downloads\AI deepfake detection\AI_VOICE_DEEPFAKE_DETECTION\data\processed\audio\po_0001_part_004.npy,2.82,4.0,16000,16000,bf6901fb0f6b731dd87beab800f062abfae9609208a542ffd3aee675a917114c,train
po_0002_c_part_002,FAKE,C:\Users\Harish\Downloads\AI deepfake detection\AI_VOICE_DEEPFAKE_DETECTION\data\processed\audio\po_0002_c_part_002.npy,3.22,4.0,16000,16000,6c17b4cad19755c479f90e8dfdeee9dfd51a6a7d2b413fd65b074f33fef1403b,train
po_0002_part_001,FAKE,C:\Users\Harish\Downloads\AI deepfake detection\AI_VOICE_DEEPFAKE_DETECTION\data\processed\audio\po_0002_part_001.npy,2.931,4.0,16000,16000,8667ffcd50e6a64fa50ae29633fb8dfb9d490bf98c339a98e818bd7790a04dd5,train
po_0002_part_002,FAKE,C:\Users\Harish\Downloads\AI deepfake detection\AI_VOICE_DEEPFAKE_DETECTION\data\processed\audio\po_0002_part_002.npy,3.048,4.0,16000,16000,249318a5cc67e535f3aec1e40129e656ec6e9421a36cc73e92d2e6685aec321f,train
po_0002_part_003,FAKE,C:\Users\Harish\Downloads\AI deepfake detection\AI_VOICE_DEEPFAKE_DETECTION\data\processed\audio\po_0002_part_003.npy,3.359,4.0,16000,16000,f102f0abdfee501debc6b0dba5f0de2bbc85dfc874841d4687a20d8811952eff,train
po_0002_part_004,FAKE,C:\Users\Harish\Downloads\AI deepfake detection\AI_VOICE_DEEPFAKE_DETECTION\data\processed\audio\po_0002_part_004.npy,2.697,4.0,16000,16000,a71dd74414b852a35b922f4ff00dcce3ce6d26b40d8e90afe56a1106cc375432,train
po_0002_part_005,FAKE,C:\Users\Harish\Downloads\AI deepfake detection\AI_VOICE_DEEPFAKE_DETECTION\data\processed\audio\po_0002_part_005.npy,2.689,4.0,16000,16000,42bc7082e47c393c196d284f27d93c3d374097f7a09a8a15f732f6a1a5b837d4,train
po_0002_part_006,FAKE,C:\Users\Harish\Downloads\AI deepfake detection\AI_VOICE_DEEPFAKE_DETECTION\data\processed\audio\po_0002_part_006.npy,2.888,4.0,16000,16000,cdf3923adab4cf93662d57abe31f3887abd1ee961f2976f5163972a063ec0dd2,train
po_0002_part_007,FAKE,C:\Users\Harish\Downloads\AI deepfake detection\AI_VOICE_DEEPFAKE_DETECTION\data\processed\audio\po_0002_part_007.npy,2.983,4.0,16000,16000,f882dd2a690f92cac88498cb2ebcead13bf380136718fc2c1dabd5a6d964c251,train
po_0003_c_part_001,FAKE,C:\Users\Harish\Downloads\AI deepfake detection\AI_VOICE_DEEPFAKE_DETECTION\data\processed\audio\po_0003_c_part_001.npy,3.781,4.0,16000,16000,2d6d831e05fff973c28785ad52430059a86f9339b4c2f7ee376b390f75a64450,train
po_0003_c_part_005,FAKE,C:\Users\Harish\Downloads\AI deepfake detection\AI_VOICE_DEEPFAKE_DETECTION\data\processed\audio\po_0003_c_part_005.npy,3.739,4.0,16000,16000,af5b9d3712190554641cfa248cba75418aa928601bedf8b79e6c3d0ef57cd2dc,train
po_0003_c_part_006,FAKE,C:\Users\Harish\Downloads\AI deepfake detection\AI_VOICE_DEEPFAKE_DETECTION\data\processed\audio\po_0003_c_part_006.npy,4.684,4.0,16000,16000,78e08c7e86013d384b92321bd3546e65323ad6a4117a65c7fcb54a0fa72ee0e5,train
po_0003_part_001,FAKE,C:\Users\Harish\Downloads\AI deepfake detection\AI_VOICE_DEEPFAKE_DETECTION\data\processed\audio\po_0003_part_001.npy,4.327,4.0,16000,16000,d97baca93ce97d9761cd4e89c2d5c85002fc9677c302bf785831d3e4302fc536,train
po_0003_part_002,FAKE,C:\Users\Harish\Downloads\AI deepfake detection\AI_VOICE_DEEPFAKE_DETECTION\data\processed\audio\po_0003_part_002.npy,3.289,4.0,16000,16000,e1de715478ba71480784c9f4e2d500e7cb21ef814b5616d30027df89fde0d561,train
po_0003_part_004,FAKE,C:\Users\Harish\Downloads\AI deepfake detection\AI_VOICE_DEEPFAKE_DETECTION\data\processed\audio\po_0003_part_004.npy,2.951,4.0,16000,16000,9d55b19fbfe1264e5132cbf946d0cd3bb725fd595d1027908e79fa9e343754e9,train
po_0004_c_part_001,FAKE,C:\Users\Harish\Downloads\AI deepfake detection\AI_VOICE_DEEPFAKE_DETECTION\data\processed\audio\po_0004_c_part_001.npy,3.91,4.0,16000,16000,0f13a45f546039b6e5d3172b6599c733860da4922d4b7ff5b46b821bc99f8aea,train
po_0004_c_part_008,FAKE,C:\Users\Harish\Downloads\AI deepfake detection\AI_VOICE_DEEPFAKE_DETECTION\data\processed\audio\po_0004_c_part_008.npy,3.699,4.0,16000,16000,68471960d3e9e8e200223762f91fe3caf56fc0a61335946c1431970472884af8,train
po_0004_part_001,FAKE,C:\Users\Harish\Downloads\AI deepfake detection\AI_VOICE_DEEPFAKE_DETECTION\data\processed\audio\po_0004_part_001.npy,2.64,4.0,16000,16000,a8d2ce53f761f68f50f361c7ce92a00279ec90986f497078cdd37ce8dc4e48aa,train
po_0004_part_003,FAKE,C:\Users\Harish\Downloads\AI deepfake detection\AI_VOICE_DEEPFAKE_DETECTION\data\processed\audio\po_0004_part_003.npy,3.205,4.0,16000,16000,ae394fde9096cee409c96811e4026895a50557f9cdedd1a45e0ec3ddfbc4f8f5,train
po_0004_part_004,FAKE,C:\Users\Harish\Downloads\AI deepfake detection\AI_VOICE_DEEPFAKE_DETECTION\data\processed\audio\po_0004_part_004.npy,2.728,4.0,16000,16000,f2457ce3fbb958f6bc057d2ee3aaee4bbc858a8e5dece2a2d1d99714abe946a2,train
po_0004_part_005,FAKE,C:\Users\Harish\Downloads\AI deepfake detection\AI_VOICE_DEEPFAKE_DETECTION\data\processed\audio\po_0004_part_005.npy,2.619,4.0,16000,16000,9d8ce3ec595e52a6a1ba24bee88befd2943cf8ceefbc181204f325902c628e91,train
po_0004_part_006,FAKE,C:\Users\Harish\Downloads\AI deepfake detection\AI_VOICE_DEEPFAKE_DETECTION\data\processed\audio\po_0004_part_006.npy,2.917,4.0,16000,16000,3ebcc7a45c1bf1d7a544a55a6ede04500284419e1897a8657e21d578b9160b0a,train
po_0004_part_007,FAKE,C:\Users\Harish\Downloads\AI deepfake detection\AI_VOICE_DEEPFAKE_DETECTION\data\processed\audio\po_0004_part_007.npy,2.534,4.0,16000,16000,073a5f719c7e6988e9dfef486215aad46b919832f235bc7ff0fdb8d282a77475,train
po_0005_c_part_004,FAKE,C:\Users\Harish\Downloads\AI deepfake detection\AI_VOICE_DEEPFAKE_DETECTION\data\processed\audio\po_0005_c_part_004.npy,3.007,4.0,16000,16000,bc1298d269e9ee8deec05139ddd697be262757188dd49a9b8f7ce8f3c197cbfc,train
po_0005_c_part_005,FAKE,C:\Users\Harish\Downloads\AI deepfake detection\AI_VOICE_DEEPFAKE_DETECTION\data\processed\audio\po_0005_c_part_005.npy,4.407,4.0,16000,16000,604aa2f141a1a317f4784603c9fa60452ee7d355b0f2be490069e97ef5e345bd,train
po_0005_c_part_006,FAKE,C:\Users\Harish\Downloads\AI deepfake detection\AI_VOICE_DEEPFAKE_DETECTION\data\processed\audio\po_0005_c_part_006.npy,3.375,4.0,16000,16000,4f706f4364fe73ee7d20813848d25e592f7109b63103d8692cde2073dbbcb68d,train
po_0005_c_part_009,FAKE,C:\Users\Harish\Downloads\AI deepfake detection\AI_VOICE_DEEPFAKE_DETECTION\data\processed\audio\po_0005_c_part_009.npy,2.949,4.0,16000,16000,59cdbf90fb4d6e7c2b61bbd006ebf19f335f6c178dc07e59cd3c87e8d3467f76,train
po_0005_c_part_011,FAKE,C:\Users\Harish\Downloads\AI deepfake detection\AI_VOICE_DEEPFAKE_DETECTION\data\processed\audio\po_0005_c_part_011.npy,3.477,4.0,16000,16000,9c0058e74f247678264d6f2c940fc7047bba0a93d8757e8e1d6448cb6bc64e74,train
po_0005_part_001,FAKE,C:\Users\Harish\Downloads\AI deepfake detection\AI_VOICE_DEEPFAKE_DETECTION\data\processed\audio\po_0005_part_001.npy,6.304,4.0,16000,16000,edb30a336a1dc2a023b3f9f2a50680fe97175ccee1aba83aea45e3cd14b2041f,train
po_0005_part_003,FAKE,C:\Users\Harish\Downloads\AI deepfake detection\AI_VOICE_DEEPFAKE_DETECTION\data\processed\audio\po_0005_part_003.npy,2.505,4.0,16000,16000,2add4b251df0fe00b8925e4fc580a404694c1b8916352265c7271b0352e12a86,train
po_0006_c_part_006,FAKE,C:\Users\Harish\Downloads\AI deepfake detection\AI_VOICE_DEEPFAKE_DETECTION\data\processed\audio\po_0006_c_part_006.npy,3.916,4.0,16000,16000,c4debec78d20c4f7ddab69fbbdb7e939fca3daea609b7ff3ed8458336337c705,train
po_0006_part_002,FAKE,C:\Users\Harish\Downloads\AI deepfake detection\AI_VOICE_DEEPFAKE_DETECTION\data\processed\audio\po_0006_part_002.npy,3.244,4.0,16000,16000,74c46228aa6006d100a6cf756dc7df8c96903baca90582d1d589274f55fd2719,train
po_0006_part_003,FAKE,C:\Users\Harish\Downloads\AI deepfake detection\AI_VOICE_DEEPFAKE_DETECTION\data\processed\audio\po_0006_part_003.npy,3.18,4.0,16000,16000,69164a453e54c5d25ec4e5dfa4cbd318d46e793fce7d652d9f3ec44847caa4aa,train
po_0006_part_005,FAKE,C:\Users\Harish\Downloads\AI deepfake detection\AI_VOICE_DEEPFAKE_DETECTION\data\processed\audio\po_0006_part_005.npy,2.534,4.0,16000,16000,a8a6520b173a824411aee9b8ed98ef8beb5876e8a88d6042fd9f18a51786002c,train
po_0007_c_part_012,FAKE,C:\Users\Harish\Downloads\AI deepfake detection\AI_VOICE_DEEPFAKE_DETECTION\data\processed\audio\po_0007_c_part_012.npy,2.526,4.0,16000,16000,a9a06439b641126be08b91a0dac6e88937f06b7ded5cc6ff08f8adeccc7ded8a,train
po_0007_c_part_013,FAKE,C:\Users\Harish\Downloads\AI deepfake detection\AI_VOICE_DEEPFAKE_DETECTION\data\processed\audio\po_0007_c_part_013.npy,4.134,4.0,16000,16000,0b538723c91545787868df064407e1f605198ea59d5c6b80178549b1108f808b,train
po_0007_c_part_014,FAKE,C:\Users\Harish\Downloads\AI deepfake detection\AI_VOICE_DEEPFAKE_DETECTION\data\processed\audio\po_0007_c_part_014.npy,2.836,4.0,16000,16000,62dee92aa7fa9705a8acc60f4b4da2b36b841251b09af6304cc7e7af917c7e3c,train
po_0007_c_part_016,FAKE,C:\Users\Harish\Downloads\AI deepfake detection\AI_VOICE_DEEPFAKE_DETECTION\data\processed\audio\po_0007_c_part_016.npy,4.259,4.0,16000,16000,db0e6d089c32367202516b380401d60237c642438f1dc04173b9e86bb291ac8c,train
po_0007_part_002,FAKE,C:\Users\Harish\Downloads\AI deepfake detection\AI_VOICE_DEEPFAKE_DETECTION\data\processed\audio\po_0007_part_002.npy,4.247,4.0,16000,16000,badb783f9ffdfb550820d165b2903ae7125aa642fb948718cd869a048473150e,train
po_0007_part_004,FAKE,C:\Users\Harish\Downloads\AI deepfake detection\AI_VOICE_DEEPFAKE_DETECTION\data\processed\audio\po_0007_part_004.npy,2.665,4.0,16000,16000,d0d1f31de4e22ac6da2039092d4b07cc9e5eede8cf09b965aa60891f0728e17d,train
po_0007_part_005,FAKE,C:\Users\Harish\Downloads\AI deepfake detection\AI_VOICE_DEEPFAKE_DETECTION\data\processed\audio\po_0007_part_005.npy,2.986,4.0,16000,16000,8d45203ac9eda8402a01405c68c9bd1bfb47a279838b0fe0ca9b6b0ffd9ff29c,train
po_0007_part_006,FAKE,C:\Users\Harish\Downloads\AI deepfake detection\AI_VOICE_DEEPFAKE_DETECTION\data\processed\audio\po_0007_part_006.npy,4.27,4.0,16000,16000,ee1fdabe016058221898448e69e562dcc421cf35c535421d547719e88c6192b7,train
po_0007_part_007,FAKE,C:\Users\Harish\Downloads\AI deepfake detection\AI_VOICE_DEEPFAKE_DETECTION\data\processed\audio\po_0007_part_007.npy,4.969,4.0,16000,16000,ce7a51796d78c2255656b119bd0d69ded14e59f7b7513d7af30c4ad0de9ddaca,train
po_0007_part_008,FAKE,C:\Users\Harish\Downloads\AI deepfake detection\AI_VOICE_DEEPFAKE_DETECTION\data\processed\audio\po_0007_part_008.npy,2.793,4.0,16000,16000,eb9ec598f0fe498afe235c13c149bd79cffb8b3d6aef9b826bf6220e95fb54c2,train
po_0007_part_009,FAKE,C:\Users\Harish\Downloads\AI deepfake detection\AI_VOICE_DEEPFAKE_DETECTION\data\processed\audio\po_0007_part_009.npy,6.869,4.0,16000,16000,1af08d911e6107f3f1e22b268c845c9a3b0abba00c951cd0e3ed99259190ce9c,train
po_0007_part_010,FAKE,C:\Users\Harish\Downloads\AI deepfake detection\AI_VOICE_DEEPFAKE_DETECTION\data\processed\audio\po_0007_part_010.npy,3.855,4.0,16000,16000,7201554850ab67488998f4640b29305068952cb779dd2592655bb206776fe5b4,train
po_0008_c_part_007,FAKE,C:\Users\Harish\Downloads\AI deepfake detection\AI_VOICE_DEEPFAKE_DETECTION\data\processed\audio\po_0008_c_part_007.npy,3.883,4.0,16000,16000,938cc4314996714619ea7510fe7a6ce078190e77ac576eacb6d6cab0f9b348fd,train
po_0008_c_part_008,FAKE,C:\Users\Harish\Downloads\AI deepfake detection\AI_VOICE_DEEPFAKE_DETECTION\data\processed\audio\po_0008_c_part_008.npy,4.593,4.0,16000,16000,271bf156ec8fce8a72f1a3ba921b2eaf8a000738df738902fed25552262d641b,train
po_0008_c_part_010,FAKE,C:\Users\Harish\Downloads\AI deepfake detection\AI_VOICE_DEEPFAKE_DETECTION\data\processed\audio\po_0008_c_part_010.npy,3.25,4.0,16000,16000,8b10f969bb94374449a489b85af5f85feaa0c1e66db043c5a226b3ad5b3a5e9d,train
po_0008_c_part_011,FAKE,C:\Users\Harish\Downloads\AI deepfake detection\AI_VOICE_DEEPFAKE_DETECTION\data\processed\audio\po_0008_c_part_011.npy,3.668,4.0,16000,16000,38f74074877640ee436d55041b3ca8c4d07f7435da2610ebcdfcd834a912e85e,train
po_0008_c_part_013,FAKE,C:\Users\Harish\Downloads\AI deepfake detection\AI_VOICE_DEEPFAKE_DETECTION\data\processed\audio\po_0008_c_part_013.npy,2.879,4.0,16000,16000,e69ba0d9ffbb6e877d66878795705a9d35c5ca470fb25a3a7ad7914f0c3b3882,train
po_0008_part_001,FAKE,C:\Users\Harish\Downloads\AI deepfake detection\AI_VOICE_DEEPFAKE_DETECTION\data\processed\audio\po_0008_part_001.npy,2.725,4.0,16000,16000,747a9c89cc666c081f245a6666181febe6b51936c5502472c104fc3a8fbea4cc,train
po_0008_part_002,FAKE,C:\Users\Harish\Downloads\AI deepfake detection\AI_VOICE_DEEPFAKE_DETECTION\data\processed\audio\po_0008_part_002.npy,2.706,4.0,16000,16000,67aac5650860e79c654ead8f7e99a3b3ed09a06d3df6a99d887e9a18bc3c1906,train
po_0008_part_003,FAKE,C:\Users\Harish\Downloads\AI deepfake detection\AI_VOICE_DEEPFAKE_DETECTION\data\processed\audio\po_0008_part_003.npy,2.65,4.0,16000,16000,087847f032199d2b85323a462cfa9c3c04cb4dfbf1336510d1c1bcb1a2bf4d67,train
po_0008_part_004,FAKE,C:\Users\Harish\Downloads\AI deepfake detection\AI_VOICE_DEEPFAKE_DETECTION\data\processed\audio\po_0008_part_004.npy,5.285,4.0,16000,16000,bb22ddcd08944f0f02aa4d916205b5c85e7560a85ed24d17cb7749e17f58d109,train
po_0008_part_005,FAKE,C:\Users\Harish\Downloads\AI deepfake detection\AI_VOICE_DEEPFAKE_DETECTION\data\processed\audio\po_0008_part_005.npy,4.008,4.0,16000,16000,a366b84e3b56e062eabce59c3f39e2b4c26072b2f0ff57ddaedc440543dac592,train
po_0009_c_part_004,FAKE,C:\Users\Harish\Downloads\AI deepfake detection\AI_VOICE_DEEPFAKE_DETECTION\data\processed\audio\po_0009_c_part_004.npy,4.312,4.0,16000,16000,c14d1d0257febc573a124c37a56651a7365eec25f09db35cdea16d32e6152537,train
po_0009_part_002,FAKE,C:\Users\Harish\Downloads\AI deepfake detection\AI_VOICE_DEEPFAKE_DETECTION\data\processed\audio\po_0009_part_002.npy,3.956,4.0,16000,16000,d56d1396957845db1b548b4b4a9d407f781af97e42fb20bc9caf0d1386d67c04,train
po_0009_part_003,FAKE,C:\Users\Harish\Downloads\AI deepfake detection\AI_VOICE_DEEPFAKE_DETECTION\data\processed\audio\po_0009_part_003.npy,3.48,4.0,16000,16000,46bf9f47571326ba9bb127f15ae45d8c3938e041d03c6d9f6ff14972cda1458f,train
po_0010_c_part_004,FAKE,C:\Users\Harish\Downloads\AI deepfake detection\AI_VOICE_DEEPFAKE_DETECTION\data\processed\audio\po_0010_c_part_004.npy,3.354,4.0,16000,16000,dad2e786247363aa380f29193f8097298e2292c2594dba838e6a9053335c57f1,train
po_0010_c_part_006,FAKE,C:\Users\Harish\Downloads\AI deepfake detection\AI_VOICE_DEEPFAKE_DETECTION\data\processed\audio\po_0010_c_part_006.npy,3.181,4.0,16000,16000,485b009af674dfdf8f50eac3bd3c131f043531b0450e964890c736a57f7c940a,train
po_0010_part_003,FAKE,C:\Users\Harish\Downloads\AI deepfake detection\AI_VOICE_DEEPFAKE_DETECTION\data\processed\audio\po_0010_part_003.npy,2.882,4.0,16000,16000,0ae13d0642c359514cb4c1f3e3ba2e2042c312948601066f3d597f4394547004,train
po_0018_part_001,FAKE,C:\Users\Harish\Downloads\AI deepfake detection\AI_VOICE_DEEPFAKE_DETECTION\data\processed\audio\po_0018_part_001.npy,4.475,4.0,16000,16000,a696ef414f985eef5c83d0b0ce346d6e7ca2f50a058db1c0338403e757dda4dd,train
po_0022_part_001,FAKE,C:\Users\Harish\Downloads\AI deepfake detection\AI_VOICE_DEEPFAKE_DETECTION\data\processed\audio\po_0022_part_001.npy,5.029,4.0,16000,16000,6c3ba61f5f25a0fef3e3efa9fd57114e25a37adf4710b51ebd98599a7178d673,train
po_0025_c_part_006,FAKE,C:\Users\Harish\Downloads\AI deepfake detection\AI_VOICE_DEEPFAKE_DETECTION\data\processed\audio\po_0025_c_part_006.npy,3.075,4.0,16000,16000,ae0d60355662c9667f890470d82cefb26160b0ed4e1bcd5ce9fd92c922408a8c,train
po_0025_c_part_007,FAKE,C:\Users\Harish\Downloads\AI deepfake detection\AI_VOICE_DEEPFAKE_DETECTION\data\processed\audio\po_0025_c_part_007.npy,4.817,4.0,16000,16000,f5bf1f21bb067445da3b372370239a3d01df4ccc2d519bad710108316a03797d,train
po_0025_part_001,FAKE,C:\Users\Harish\Downloads\AI deepfake detection\AI_VOICE_DEEPFAKE_DETECTION\data\processed\audio\po_0025_part_001.npy,2.772,4.0,16000,16000,9f6c98fe08cec67b325ca1da1623f782f6b08cbc020f9dd2eafa86391f9bfada,train
po_0025_part_002,FAKE,C:\Users\Harish\Downloads\AI deepfake detection\AI_VOICE_DEEPFAKE_DETECTION\data\processed\audio\po_0025_part_002.npy,2.82,4.0,16000,16000,7226bf289f6979d584c897739bbebfaaef8b2eec7c0e7847203cee5a3d5f1742,train
po_0025_part_003,FAKE,C:\Users\Harish\Downloads\AI deepfake detection\AI_VOICE_DEEPFAKE_DETECTION\data\processed\audio\po_0025_part_003.npy,3.955,4.0,16000,16000,413580b1d51fd635013c3ea4328842453a8ed1e266a0fa59a676bb56b0c0d966,train
po_0025_part_004,FAKE,C:\Users\Harish\Downloads\AI deepfake detection\AI_VOICE_DEEPFAKE_DETECTION\data\processed\audio\po_0025_part_004.npy,3.297,4.0,16000,16000,0345c4bf9fb3723481f0e9a5e34f0ab89742ae97cf9eafe3b15637e15bbb82a7,train
po_0025_part_005,FAKE,C:\Users\Harish\Downloads\AI deepfake detection\AI_VOICE_DEEPFAKE_DETECTION\data\processed\audio\po_0025_part_005.npy,3.81,4.0,16000,16000,03279caed86c9165d72771bdbf1468d57d3217b4e0eb9fe0aa519d8ea621c964,train
po_0026_c_part_007,FAKE,C:\Users\Harish\Downloads\AI deepfake detection\AI_VOICE_DEEPFAKE_DETECTION\data\processed\audio\po_0026_c_part_007.npy,3.422,4.0,16000,16000,a67e0c918b06409a9feaf2195c234397c73fec9577acbefe91832edfe156ac53,train
po_0026_c_part_008,FAKE,C:\Users\Harish\Downloads\AI deepfake detection\AI_VOICE_DEEPFAKE_DETECTION\data\processed\audio\po_0026_c_part_008.npy,3.115,4.0,16000,16000,a19fa79351db509d25f64d1081c224941a37e9f7d96d85c9c3a71e1b30d62dcf,train
po_0026_part_001,FAKE,C:\Users\Harish\Downloads\AI deepfake detection\AI_VOICE_DEEPFAKE_DETECTION\data\processed\audio\po_0026_part_001.npy,3.03,4.0,16000,16000,d87c6155235d656309ef73c76634104cde4c2d4e045737acaba3fcab2acfe9cc,train
po_0026_part_002,FAKE,C:\Users\Harish\Downloads\AI deepfake detection\AI_VOICE_DEEPFAKE_DETECTION\data\processed\audio\po_0026_part_002.npy,2.595,4.0,16000,16000,32708765d711daca1d9cc32cc00494c954d62b875a6a3b96ad18db2f828ba23d,train
po_0026_part_003,FAKE,C:\Users\Harish\Downloads\AI deepfake detection\AI_VOICE_DEEPFAKE_DETECTION\data\processed\audio\po_0026_part_003.npy,2.649,4.0,16000,16000,a087bc9b2d25596a077cc78139eabe584c4defdf4b314c3f226d55401227f06a,train
po_0026_part_006,FAKE,C:\Users\Harish\Downloads\AI deepfake detection\AI_VOICE_DEEPFAKE_DETECTION\data\processed\audio\po_0026_part_006.npy,3.926,4.0,16000,16000,437781e3da040deb906ce3ebc73b5fbb6486bbb4cf6f4e3bbd45e232f1d4f516,train
po_0027_part_001,FAKE,C:\Users\Harish\Downloads\AI deepfake detection\AI_VOICE_DEEPFAKE_DETECTION\data\processed\audio\po_0027_part_001.npy,2.894,4.0,16000,16000,e72ef08f350d93ab16fd137de64f3e3277a7c4c6f4b7e222c3a1fa6b72ec6b43,train
po_0027_part_002,FAKE,C:\Users\Harish\Downloads\AI deepfake detection\AI_VOICE_DEEPFAKE_DETECTION\data\processed\audio\po_0027_part_002.npy,2.81,4.0,16000,16000,242b4dd20392aa78778b6b84594c9d3ccbfa15089a602d6c2eb43c91c828766b,train
po_0027_part_003,FAKE,C:\Users\Harish\Downloads\AI deepfake detection\AI_VOICE_DEEPFAKE_DETECTION\data\processed\audio\po_0027_part_003.npy,2.732,4.0,16000,16000,c870609d28d6540bc1656fa07ad1c3028417d6a3625db6e077bd2a0cad520394,train
po_0027_part_004,FAKE,C:\Users\Harish\Downloads\AI deepfake detection\AI_VOICE_DEEPFAKE_DETECTION\data\processed\audio\po_0027_part_004.npy,4.415,4.0,16000,16000,f0f4797f33541284987fac4a7222433312975b21bd0ef20310d8817ae6033adb,train
po_0027_part_005,FAKE,C:\Users\Harish\Downloads\AI deepfake detection\AI_VOICE_DEEPFAKE_DETECTION\data\processed\audio\po_0027_part_005.npy,3.527,4.0,16000,16000,9696ca81cb3cd0a475134cf88ec4ed3d1e680dc73808ff55b566d377a9db084e,train
po_0027_part_006,FAKE,C:\Users\Harish\Downloads\AI deepfake detection\AI_VOICE_DEEPFAKE_DETECTION\data\processed\audio\po_0027_part_006.npy,4.232,4.0,16000,16000,0ef259a75ca9e235d89f59e9f8e0e2d2d06328d0d4f81ce4ddc1a853aa8ae089,train
po_0028_c_part_006,FAKE,C:\Users\Harish\Downloads\AI deepfake detection\AI_VOICE_DEEPFAKE_DETECTION\data\processed\audio\po_0028_c_part_006.npy,3.886,4.0,16000,16000,b3d3ac2f096ff3aa16347a5d9a5393c04626cfc690c8b5da6fd7ffd6c87ee730,train
po_0028_part_001,FAKE,C:\Users\Harish\Downloads\AI deepfake detection\AI_VOICE_DEEPFAKE_DETECTION\data\processed\audio\po_0028_part_001.npy,5.389,4.0,16000,16000,925b6237558b307d2dcecf20bb777ea2bebcd0e0eb2c393e18a2eea4f2a07e23,train
po_0028_part_003,FAKE,C:\Users\Harish\Downloads\AI deepfake detection\AI_VOICE_DEEPFAKE_DETECTION\data\processed\audio\po_0028_part_003.npy,3.873,4.0,16000,16000,d1a864754ddeb2628d114c220d1bdc8b1e1ffbae94995b9ba365a357734681f2,train
po_0028_part_005,FAKE,C:\Users\Harish\Downloads\AI deepfake detection\AI_VOICE_DEEPFAKE_DETECTION\data\processed\audio\po_0028_part_005.npy,3.577,4.0,16000,16000,17506998be83a2515f00d22436d5979c6d59bfbdc876df64c5fab00bb77013eb,train
po_0029_c_part_009,FAKE,C:\Users\Harish\Downloads\AI deepfake detection\AI_VOICE_DEEPFAKE_DETECTION\data\processed\audio\po_0029_c_part_009.npy,3.945,4.0,16000,16000,de7ede171d93ac15155e699054aa3a16406ea4e88084f01026577f92804cb754,train
po_0029_c_part_010,FAKE,C:\Users\Harish\Downloads\AI deepfake detection\AI_VOICE_DEEPFAKE_DETECTION\data\processed\audio\po_0029_c_part_010.npy,4.555,4.0,16000,16000,a104cdeed492749e7f57c725b4551a1ad6bb42ca5363c047f21edd9f8e6e6d03,train
po_0029_c_part_011,FAKE,C:\Users\Harish\Downloads\AI deepfake detection\AI_VOICE_DEEPFAKE_DETECTION\data\processed\audio\po_0029_c_part_011.npy,3.491,4.0,16000,16000,6aec2af2f8d0dde72fde639bb11a265166b6c40105c8d8c2e78da1e8a0fd7dd0,train
po_0029_c_part_012,FAKE,C:\Users\Harish\Downloads\AI deepfake detection\AI_VOICE_DEEPFAKE_DETECTION\data\processed\audio\po_0029_c_part_012.npy,3.192,4.0,16000,16000,bf0de5f9c47eaf6ca745edb92f2ae25a66d5c142c1c2aeed7797bf36e46d430d,train
po_0029_part_002,FAKE,C:\Users\Harish\Downloads\AI deepfake detection\AI_VOICE_DEEPFAKE_DETECTION\data\processed\audio\po_0029_part_002.npy,4.575,4.0,16000,16000,dcc8807240704a5649a0b11108161c61599f8138b82afcef7a98aae44b34207a,train
po_0029_part_004,FAKE,C:\Users\Harish\Downloads\AI deepfake detection\AI_VOICE_DEEPFAKE_DETECTION\data\processed\audio\po_0029_part_004.npy,5.126,4.0,16000,16000,2eb54036abb0a59612c2a6418b4373aabe89f43e4d78685e31e09f3b4b57ab4e,train
po_0029_part_005,FAKE,C:\Users\Harish\Downloads\AI deepfake detection\AI_VOICE_DEEPFAKE_DETECTION\data\processed\audio\po_0029_part_005.npy,3.374,4.0,16000,16000,c8483971918191b1f030b1fd56e56b3cec741fa55b4d8d487250dd494963a1cb,train
po_0029_part_007,FAKE,C:\Users\Harish\Downloads\AI deepfake detection\AI_VOICE_DEEPFAKE_DETECTION\data\processed\audio\po_0029_part_007.npy,4.61,4.0,16000,16000,41f8c978a4240c9adc4812c751f3fdcb2c2f43bc39fab6a0dafe40257b71e4a1,train
po_0029_part_008,FAKE,C:\Users\Harish\Downloads\AI deepfake detection\AI_VOICE_DEEPFAKE_DETECTION\data\processed\audio\po_0029_part_008.npy,2.529,4.0,16000,16000,1fde9e504ee4f246b58ca45abf0ed4d1d2615446e337c5eecc6cda174cde1182,train
po_0030_c_part_011,FAKE,C:\Users\Harish\Downloads\AI deepfake detection\AI_VOICE_DEEPFAKE_DETECTION\data\processed\audio\po_0030_c_part_011.npy,4.055,4.0,16000,16000,4878921a9edfc5335558d798450e64ab4a48bba865949a09b92a250fce068342,train
po_0030_c_part_013,FAKE,C:\Users\Harish\Downloads\AI deepfake detection\AI_VOICE_DEEPFAKE_DETECTION\data\processed\audio\po_0030_c_part_013.npy,3.292,4.0,16000,16000,e0da3c6d5b3a6b4f18fa42182b8c8e16591c7ae656623082d38293b5cb22b50b,train
po_0030_part_002,FAKE,C:\Users\Harish\Downloads\AI deepfake detection\AI_VOICE_DEEPFAKE_DETECTION\data\processed\audio\po_0030_part_002.npy,3.142,4.0,16000,16000,768975cf6974fe75f100bb8a33b4b6a8e78317cd2c13877e747166abe9252ede,train
po_0030_part_003,FAKE,C:\Users\Harish\Downloads\AI deepfake detection\AI_VOICE_DEEPFAKE_DETECTION\data\processed\audio\po_0030_part_003.npy,4.567,4.0,16000,16000,ceee0781eaf4191d1a55fe2ad63d412b3504cf2585ec270daea78895a991a235,train
po_0030_part_004,FAKE,C:\Users\Harish\Downloads\AI deepfake detection\AI_VOICE_DEEPFAKE_DETECTION\data\processed\audio\po_0030_part_004.npy,3.528,4.0,16000,16000,e51b6a2490b5091f760be20787fc04899b5cc0574777754835756306a872b68d,train
po_0030_part_005,FAKE,C:\Users\Harish\Downloads\AI deepfake detection\AI_VOICE_DEEPFAKE_DETECTION\data\processed\audio\po_0030_part_005.npy,5.273,4.0,16000,16000,9fc8a6e7aa0bdd8c0e6c7a14c0e94c9cb2c1f8933be2fde17cd4dc1d400e9fc6,train
po_0030_part_006,FAKE,C:\Users\Harish\Downloads\AI deepfake detection\AI_VOICE_DEEPFAKE_DETECTION\data\processed\audio\po_0030_part_006.npy,3.414,4.0,16000,16000,1f72ce759cfca4756f76755890a712959dca3d19970fa288dcae65260ce8518d,train
po_0030_part_007,FAKE,C:\Users\Harish\Downloads\AI deepfake detection\AI_VOICE_DEEPFAKE_DETECTION\data\processed\audio\po_0030_part_007.npy,4.382,4.0,16000,16000,1cec1093624e42bfc9c6e24ac6b33ae10f158282c59b870d178bb601226674cc,train
po_0030_part_009,FAKE,C:\Users\Harish\Downloads\AI deepfake detection\AI_VOICE_DEEPFAKE_DETECTION\data\processed\audio\po_0030_part_009.npy,2.61,4.0,16000,16000,56b9157340542e8227243be094ffde2b17ec09126a7007f21635687edc7d6c5e,train
po_0031_c_part_009,FAKE,C:\Users\Harish\Downloads\AI deepfake detection\AI_VOICE_DEEPFAKE_DETECTION\data\processed\audio\po_0031_c_part_009.npy,4.005,4.0,16000,16000,477254cf4168fc997321c7c671468ff0162c3c84916b3e3ba006399ee0830e7b,train
po_0031_c_part_010,FAKE,C:\Users\Harish\Downloads\AI deepfake detection\AI_VOICE_DEEPFAKE_DETECTION\data\processed\audio\po_0031_c_part_010.npy,2.82,4.0,16000,16000,620f3e36581e9baf2f40c0542d247424fd72762b9ab927639832f225adfabe1e,train
po_0031_c_part_011,FAKE,C:\Users\Harish\Downloads\AI deepfake detection\AI_VOICE_DEEPFAKE_DETECTION\data\processed\audio\po_0031_c_part_011.npy,3.807,4.0,16000,16000,587ba54656d09169e279290e1ee0a125d4f2bf883ac016fca1ea82ebd5f8a9c6,train
po_0031_part_003,FAKE,C:\Users\Harish\Downloads\AI deepfake detection\AI_VOICE_DEEPFAKE_DETECTION\data\processed\audio\po_0031_part_003.npy,3.822,4.0,16000,16000,79ad56a28975bf9db38c606ba92089c70603b95b9dda4f42a0956cac822605ab,train
po_0031_part_005,FAKE,C:\Users\Harish\Downloads\AI deepfake detection\AI_VOICE_DEEPFAKE_DETECTION\data\processed\audio\po_0031_part_005.npy,4.088,4.0,16000,16000,def48b1cbb8744f359914e35fbebfbd73f84a97120605331f9a04d0a9d750e3c,train
po_0031_part_006,FAKE,C:\Users\Harish\Downloads\AI deepfake detection\AI_VOICE_DEEPFAKE_DETECTION\data\processed\audio\po_0031_part_006.npy,3.411,4.0,16000,16000,6a6dd3acbf42f870b23497c2eae63736921c85ec53205c6c3f2f21b9db827699,train
po_0031_part_008,FAKE,C:\Users\Harish\Downloads\AI deepfake detection\AI_VOICE_DEEPFAKE_DETECTION\data\processed\audio\po_0031_part_008.npy,3.766,4.0,16000,16000,a673e673f6868853c706d05589f8dcb82b48cfa60f9081e2b64be0ef270ed504,train
po_0032_c_part_010,FAKE,C:\Users\Harish\Downloads\AI deepfake detection\AI_VOICE_DEEPFAKE_DETECTION\data\processed\audio\po_0032_c_part_010.npy,4.332,4.0,16000,16000,974a8daa5dbfb6a5112e4d0b4bb4fcfb62301131787f5b0fbb1505d2b9d7202f,train
po_0032_c_part_011,FAKE,C:\Users\Harish\Downloads\AI deepfake detection\AI_VOICE_DEEPFAKE_DETECTION\data\processed\audio\po_0032_c_part_011.npy,3.344,4.0,16000,16000,90f2125fd1cec766bf33e81de40de6a06b9e53446b1ab20eb720efd9c1814c69,train
po_0032_c_part_012,FAKE,C:\Users\Harish\Downloads\AI deepfake detection\AI_VOICE_DEEPFAKE_DETECTION\data\processed\audio\po_0032_c_part_012.npy,2.92,4.0,16000,16000,f71a8d15b5b23e3a856934b02ef84fdbe4ef2b3a2dfd4d25821b2f5f888463b0,train
po_0032_c_part_013,FAKE,C:\Users\Harish\Downloads\AI deepfake detection\AI_VOICE_DEEPFAKE_DETECTION\data\processed\audio\po_0032_c_part_013.npy,3.603,4.0,16000,16000,bc5c0575917285e3d69db952afaf4180069bb3d105073f8d1745c977b66f0259,train
po_0032_part_002,FAKE,C:\Users\Harish\Downloads\AI deepfake detection\AI_VOICE_DEEPFAKE_DETECTION\data\processed\audio\po_0032_part_002.npy,5.491,4.0,16000,16000,3a776fbb36b988fd76619893077c861450ef4c99976735077ef337e584363f1a,train
po_0032_part_003,FAKE,C:\Users\Harish\Downloads\AI deepfake detection\AI_VOICE_DEEPFAKE_DETECTION\data\processed\audio\po_0032_part_003.npy,3.405,4.0,16000,16000,ef01fc2ae37c9fc77b13315a3a753ab91ccee6df82aa232af609f56f33ead9c5,train
po_0032_part_004,FAKE,C:\Users\Harish\Downloads\AI deepfake detection\AI_VOICE_DEEPFAKE_DETECTION\data\processed\audio\po_0032_part_004.npy,2.631,4.0,16000,16000,14a6ab57de3a324de69622cd2f676444b18ce8b308dc77060c9e92d1b6f36b90,train
po_0032_part_005,FAKE,C:\Users\Harish\Downloads\AI deepfake detection\AI_VOICE_DEEPFAKE_DETECTION\data\processed\audio\po_0032_part_005.npy,3.726,4.0,16000,16000,c768d6f725b3a2edc0cc48ae1f209c3e4e1b2f15170b2fda8875edde3d07c50a,train
po_0032_part_008,FAKE,C:\Users\Harish\Downloads\AI deepfake detection\AI_VOICE_DEEPFAKE_DETECTION\data\processed\audio\po_0032_part_008.npy,3.436,4.0,16000,16000,83e600c578a5b3a077e23d2cf439ed952dad502aa1ca1307c274d9956e7c433e,train
po_0032_part_009,FAKE,C:\Users\Harish\Downloads\AI deepfake detection\AI_VOICE_DEEPFAKE_DETECTION\data\processed\audio\po_0032_part_009.npy,5.513,4.0,16000,16000,0062c8dd0ce2d817c5cb137ea8ad808e0c010f7a6f6f23547ffb08049289e899,train
po_0033_c_part_008,FAKE,C:\Users\Harish\Downloads\AI deepfake detection\AI_VOICE_DEEPFAKE_DETECTION\data\processed\audio\po_0033_c_part_008.npy,3.809,4.0,16000,16000,81eb05043f2d289f2dd6c5029ae353652269f1e61c48ac93b4b1952f593f919e,train
po_0033_c_part_009,FAKE,C:\Users\Harish\Downloads\AI deepfake detection\AI_VOICE_DEEPFAKE_DETECTION\data\processed\audio\po_0033_c_part_009.npy,4.026,4.0,16000,16000,25bdbea8972d011f435bb024b9b6381ed40ae12c821739a8cb4583a913b7aa84,train
po_0033_c_part_010,FAKE,C:\Users\Harish\Downloads\AI deepfake detection\AI_VOICE_DEEPFAKE_DETECTION\data\processed\audio\po_0033_c_part_010.npy,2.974,4.0,16000,16000,ead4e070cf0c19f20327ab2ddbe8a68641073946c6d79458a69bc1720b67ae05,train
po_0033_c_part_011,FAKE,C:\Users\Harish\Downloads\AI deepfake detection\AI_VOICE_DEEPFAKE_DETECTION\data\processed\audio\po_0033_c_part_011.npy,4.312,4.0,16000,16000,9b6d0df2cdb599eb4d9229a1c2fa4cc8878acbbd47edd3e22fe0a52d1a10c721,train
po_0033_part_001,FAKE,C:\Users\Harish\Downloads\AI deepfake detection\AI_VOICE_DEEPFAKE_DETECTION\data\processed\audio\po_0033_part_001.npy,4.622,4.0,16000,16000,e27eec47e43557ab59922e7787499cf5f3b6c3e3a2a9933927ab257a41323f7e,train
po_0033_part_003,FAKE,C:\Users\Harish\Downloads\AI deepfake detection\AI_VOICE_DEEPFAKE_DETECTION\data\processed\audio\po_0033_part_003.npy,3.276,4.0,16000,16000,f1498b685569fc19ee8885f14e5162dec57838c94c5ee51c44b8b5984cff37fe,train
po_0033_part_005,FAKE,C:\Users\Harish\Downloads\AI deepfake detection\AI_VOICE_DEEPFAKE_DETECTION\data\processed\audio\po_0033_part_005.npy,3.207,4.0,16000,16000,fa9af64a6ec7084b0756a55de916e1e3295253cf1121c9720d40c468d886ca42,train
po_0033_part_006,FAKE,C:\Users\Harish\Downloads\AI deepfake detection\AI_VOICE_DEEPFAKE_DETECTION\data\processed\audio\po_0033_part_006.npy,4.57,4.0,16000,16000,c5b268f40f13c6f73a5b34fbbafe1e86f1cd4402b53e7d90faa844d9220fab46,train
po_0034_c_part_012,FAKE,C:\Users\Harish\Downloads\AI deepfake detection\AI_VOICE_DEEPFAKE_DETECTION\data\processed\audio\po_0034_c_part_012.npy,2.982,4.0,16000,16000,e2da15f1b72820b74f26eab6410b9eae17c17bddb3b0c0cfbc5e8fbbfb64b515,train
po_0034_c_part_014,FAKE,C:\Users\Harish\Downloads\AI deepfake detection\AI_VOICE_DEEPFAKE_DETECTION\data\processed\audio\po_0034_c_part_014.npy,2.787,4.0,16000,16000,bf37d68a6af2482ead27098bc6b34072695e496233308a02740481ac8de9126a,train
po_0034_c_part_015,FAKE,C:\Users\Harish\Downloads\AI deepfake detection\AI_VOICE_DEEPFAKE_DETECTION\data\processed\audio\po_0034_c_part_015.npy,3.435,4.0,16000,16000,d29e73684f50eb205b1c733b0ae48ee9d67af257c0ac651adcbe10f089307337,train
po_0034_c_part_016,FAKE,C:\Users\Harish\Downloads\AI deepfake detection\AI_VOICE_DEEPFAKE_DETECTION\data\processed\audio\po_0034_c_part_016.npy,2.893,4.0,16000,16000,c20b8b78d46224b8364ac6401e3722467bd790b606bc3d8ff4ceee7c8b1f4bc3,train
po_0034_c_part_017,FAKE,C:\Users\Harish\Downloads\AI deepfake detection\AI_VOICE_DEEPFAKE_DETECTION\data\processed\audio\po_0034_c_part_017.npy,3.194,4.0,16000,16000,6f7f1a7e329e113a24c90cc4f73d09589894a59a4fd10e6cdf07a9c3bfa733b7,train
po_0034_c_part_018,FAKE,C:\Users\Harish\Downloads\AI deepfake detection\AI_VOICE_DEEPFAKE_DETECTION\data\processed\audio\po_0034_c_part_018.npy,2.996,4.0,16000,16000,06a62e7028c31a0e72f5c812670af648fdac9c5abebf2f9fdead712c725c3d0c,train
po_0034_part_002,FAKE,C:\Users\Harish\Downloads\AI deepfake detection\AI_VOICE_DEEPFAKE_DETECTION\data\processed\audio\po_0034_part_002.npy,6.068,4.0,16000,16000,34705ea461c90f71961786dcec74bb9c74d9d761b77cde83af531837f940130f,train
po_0034_part_003,FAKE,C:\Users\Harish\Downloads\AI deepfake detection\AI_VOICE_DEEPFAKE_DETECTION\data\processed\audio\po_0034_part_003.npy,4.069,4.0,16000,16000,fd0b9356c3cccb4d4db68dd08d1aeaecbece17d6648a795e73e56b82e9c3e3ec,train
po_0034_part_004,FAKE,C:\Users\Harish\Downloads\AI deepfake detection\AI_VOICE_DEEPFAKE_DETECTION\data\processed\audio\po_0034_part_004.npy,2.536,4.0,16000,16000,e290e7fa86cedbd93585b37dd0fc963947faabebfc8e999eb31085c8c0b8986c,train
po_0034_part_009,FAKE,C:\Users\Harish\Downloads\AI deepfake detection\AI_VOICE_DEEPFAKE_DETECTION\data\processed\audio\po_0034_part_009.npy,3.385,4.0,16000,16000,928777af1f450b3dce4e53a3551e2f80e4b0a3e1c42ad21789aca9588dc529ee,train
po_0034_part_010,FAKE,C:\Users\Harish\Downloads\AI deepfake detection\AI_VOICE_DEEPFAKE_DETECTION\data\processed\audio\po_0034_part_010.npy,3.377,4.0,16000,16000,4a84c290417bcc6bcb443a5148e16aad8a8521de00f15f38836af5494c78bef6,train
po_0034_part_011,FAKE,C:\Users\Harish\Downloads\AI deepfake detection\AI_VOICE_DEEPFAKE_DETECTION\data\processed\audio\po_0034_part_011.npy,2.711,4.0,16000,16000,e1c4c392c05f2fe01456b399af36305001c6d8f0fbfcf0f112f63904826dd25a,train
sp_0001_c_part_006,FAKE,C:\Users\Harish\Downloads\AI deepfake detection\AI_VOICE_DEEPFAKE_DETECTION\data\processed\audio\sp_0001_c_part_006.npy,2.921,4.0,16000,16000,cc932c3ff4b2a06f6eb4c2de045c34a3a187063c3e34b66c258da50c4563708a,train
sp_0001_c_part_020,FAKE,C:\Users\Harish\Downloads\AI deepfake detection\AI_VOICE_DEEPFAKE_DETECTION\data\processed\audio\sp_0001_c_part_020.npy,4.337,4.0,16000,16000,02e5c1e4e57550513aef78c1ecc2f571917ac7c05491af17d0d55b3504e982c9,train
sp_0001_c_part_021,FAKE,C:\Users\Harish\Downloads\AI deepfake detection\AI_VOICE_DEEPFAKE_DETECTION\data\processed\audio\sp_0001_c_part_021.npy,3.779,4.0,16000,16000,96c0887183d17de19a8b3663036193e6995ad657949971ae0ace0b407ccf5b8a,train
sp_0001_c_part_022,FAKE,C:\Users\Harish\Downloads\AI deepfake detection\AI_VOICE_DEEPFAKE_DETECTION\data\processed\audio\sp_0001_c_part_022.npy,2.703,4.0,16000,16000,93abe90663b59235f37c444b3838e39f2e840d1547ccc74dcedf411bf1f4cc28,train
sp_0001_c_part_023,FAKE,C:\Users\Harish\Downloads\AI deepfake detection\AI_VOICE_DEEPFAKE_DETECTION\data\processed\audio\sp_0001_c_part_023.npy,4.139,4.0,16000,16000,156aeddb2eb1cce3e5bad68810d41b278cc8f3fc91c0c9372e0125cfa5d58390,train
sp_0001_c_part_024,FAKE,C:\Users\Harish\Downloads\AI deepfake detection\AI_VOICE_DEEPFAKE_DETECTION\data\processed\audio\sp_0001_c_part_024.npy,3.021,4.0,16000,16000,8b6b7ca1e4776311fe0734d881728068b1c21a628cfc6ff171eee1e414ad3575,train
sp_0001_part_001,FAKE,C:\Users\Harish\Downloads\AI deepfake detection\AI_VOICE_DEEPFAKE_DETECTION\data\processed\audio\sp_0001_part_001.npy,2.674,4.0,16000,16000,cfa92cb116deb53aa36d1ab54af5801441e0a86ccfb4d9d08ac52041fd5a93a3,train
sp_0001_part_002,FAKE,C:\Users\Harish\Downloads\AI deepfake detection\AI_VOICE_DEEPFAKE_DETECTION\data\processed\audio\sp_0001_part_002.npy,5.147,4.0,16000,16000,936f7b719bc172ef1670813524ddd420db2a9fca6d615bb7f817a25a0ea503b7,train
sp_0001_part_003,FAKE,C:\Users\Harish\Downloads\AI deepfake detection\AI_VOICE_DEEPFAKE_DETECTION\data\processed\audio\sp_0001_part_003.npy,2.767,4.0,16000,16000,1fd85de98f965f3f30e6575bd03de755eb26f7cac54085682f3535a32a8a41b3,train
sp_0001_part_004,FAKE,C:\Users\Harish\Downloads\AI deepfake detection\AI_VOICE_DEEPFAKE_DETECTION\data\processed\audio\sp_0001_part_004.npy,2.82,4.0,16000,16000,bf6901fb0f6b731dd87beab800f062abfae9609208a542ffd3aee675a917114c,train
sp_0001_part_007,FAKE,C:\Users\Harish\Downloads\AI deepfake detection\AI_VOICE_DEEPFAKE_DETECTION\data\processed\audio\sp_0001_part_007.npy,2.71,4.0,16000,16000,aa99f93e9a2bc89ddd7209f136e8c736758fc415eb35bd62d920a5a9d15fbfa9,train
sp_0001_part_008,FAKE,C:\Users\Harish\Downloads\AI deepfake detection\AI_VOICE_DEEPFAKE_DETECTION\data\processed\audio\sp_0001_part_008.npy,5.497,4.0,16000,16000,2b8c6430154bda1c39796f3ba1a11a9eb0d83b4d5ee25feb455afb54c3e07136,train
sp_0001_part_009,FAKE,C:\Users\Harish\Downloads\AI deepfake detection\AI_VOICE_DEEPFAKE_DETECTION\data\processed\audio\sp_0001_part_009.npy,2.72,4.0,16000,16000,1a2d6fe81abc512808ccdc5f9a0ea82a65940a1c2b38ce83fcb2e5d52abe46fe,train
sp_0001_part_010,FAKE,C:\Users\Harish\Downloads\AI deepfake detection\AI_VOICE_DEEPFAKE_DETECTION\data\processed\audio\sp_0001_part_010.npy,4.798,4.0,16000,16000,45768df1d81dfbb33fbc129477f0ba2d46dfc95a8f44a6b4a24e473454c787de,train
sp_0001_part_011,FAKE,C:\Users\Harish\Downloads\AI deepfake detection\AI_VOICE_DEEPFAKE_DETECTION\data\processed\audio\sp_0001_part_011.npy,5.312,4.0,16000,16000,d9e4bb466c3e880ccf8b86d52445f348043d72c31a67127075f8fb6c6b0b61c3,train
sp_0001_part_013,FAKE,C:\Users\Harish\Downloads\AI deepfake detection\AI_VOICE_DEEPFAKE_DETECTION\data\processed\audio\sp_0001_part_013.npy,3.224,4.0,16000,16000,0a6be57ff95e565cc4983c908331550a021963dad65201d542451634c2ac702a,train
sp_0001_part_015,FAKE,C:\Users\Harish\Downloads\AI deepfake detection\AI_VOICE_DEEPFAKE_DETECTION\data\processed\audio\sp_0001_part_015.npy,4.504,4.0,16000,16000,8bffa731d42cdbfc3c8b53416b1d90e6b88b61d6397fd11c2fd2eabb54e598c7,train
sp_0002_c_part_010,FAKE,C:\Users\Harish\Downloads\AI deepfake detection\AI_VOICE_DEEPFAKE_DETECTION\data\processed\audio\sp_0002_c_part_010.npy,2.73,4.0,16000,16000,a39f6743daa117ee6010b204aaca12a58f00299b09e7a7c59dee7cb95bbd4f53,train
sp_0002_c_part_012,FAKE,C:\Users\Harish\Downloads\AI deepfake detection\AI_VOICE_DEEPFAKE_DETECTION\data\processed\audio\sp_0002_c_part_012.npy,4.09,4.0,16000,16000,4cac07b69a188f4219bd99e13cdb9600aa277a09b442b814cc492e017e34db8f,train
sp_0002_c_part_013,FAKE,C:\Users\Harish\Downloads\AI deepfake detection\AI_VOICE_DEEPFAKE_DETECTION\data\processed\audio\sp_0002_c_part_013.npy,3.788,4.0,16000,16000,df92749cbcd9f1392186368d2148360475ae17fb3ff5f9c57b89e125f54b98fb,train
sp_0002_c_part_014,FAKE,C:\Users\Harish\Downloads\AI deepfake detection\AI_VOICE_DEEPFAKE_DETECTION\data\processed\audio\sp_0002_c_part_014.npy,4.327,4.0,16000,16000,d0eac94917efe1f0beead5cc5b6089ede6d7c7a994a83da577e5414211f1841d,train
sp_0002_c_part_015,FAKE,C:\Users\Harish\Downloads\AI deepfake detection\AI_VOICE_DEEPFAKE_DETECTION\data\processed\audio\sp_0002_c_part_015.npy,4.059,4.0,16000,16000,4e0480d0e6f48ee31c0ef0d52e46e6fc710d331497afc500eac960627f57e2bf,train
sp_0002_c_part_016,FAKE,C:\Users\Harish\Downloads\AI deepfake detection\AI_VOICE_DEEPFAKE_DETECTION\data\processed\audio\sp_0002_c_part_016.npy,3.227,4.0,16000,16000,fb7f81557a90965ccaa65c5ed8a9b16160adbad1f36f0b09858c1b4a9562a700,train
sp_0002_c_part_017,FAKE,C:\Users\Harish\Downloads\AI deepfake detection\AI_VOICE_DEEPFAKE_DETECTION\data\processed\audio\sp_0002_c_part_017.npy,4.085,4.0,16000,16000,3784dd6a81e07b1d3400c5a136ce3d676e2bc2196589d2b0f9f873c0d02a821c,train
sp_0002_c_part_018,FAKE,C:\Users\Harish\Downloads\AI deepfake detection\AI_VOICE_DEEPFAKE_DETECTION\data\processed\audio\sp_0002_c_part_018.npy,3.499,4.0,16000,16000,1a7379073d00649075a73c9c7bdb1118be32991c295ef8861d6efe0d21849eb2,train
sp_0002_c_part_019,FAKE,C:\Users\Harish\Downloads\AI deepfake detection\AI_VOICE_DEEPFAKE_DETECTION\data\processed\audio\sp_0002_c_part_019.npy,3.862,4.0,16000,16000,474a4db8a3ef3e1898d2071a86bb8aaf56334f9a6088022f5c2abbe2329bd2f2,train
sp_0002_c_part_021,FAKE,C:\Users\Harish\Downloads\AI deepfake detection\AI_VOICE_DEEPFAKE_DETECTION\data\processed\audio\sp_0002_c_part_021.npy,3.672,4.0,16000,16000,7c87f14d0221e8f9c316cf5607a8f3f229f342238be45847d91442f8cb200e4f,train
sp_0002_c_part_024,FAKE,C:\Users\Harish\Downloads\AI deepfake detection\AI_VOICE_DEEPFAKE_DETECTION\data\processed\audio\sp_0002_c_part_024.npy,2.868,4.0,16000,16000,82fd92efd52e1a4c8b40983b13ee14c8bcae11bd1881e841ac7510c59932d624,train
sp_0002_part_001,FAKE,C:\Users\Harish\Downloads\AI deepfake detection\AI_VOICE_DEEPFAKE_DETECTION\data\processed\audio\sp_0002_part_001.npy,2.931,4.0,16000,16000,8667ffcd50e6a64fa50ae29633fb8dfb9d490bf98c339a98e818bd7790a04dd5,train
sp_0002_part_002,FAKE,C:\Users\Harish\Downloads\AI deepfake detection\AI_VOICE_DEEPFAKE_DETECTION\data\processed\audio\sp_0002_part_002.npy,3.048,4.0,16000,16000,249318a5cc67e535f3aec1e40129e656ec6e9421a36cc73e92d2e6685aec321f,train
sp_0002_part_003,FAKE,C:\Users\Harish\Downloads\AI deepfake detection\AI_VOICE_DEEPFAKE_DETECTION\data\processed\audio\sp_0002_part_003.npy,3.359,4.0,16000,16000,f102f0abdfee501debc6b0dba5f0de2bbc85dfc874841d4687a20d8811952eff,train
sp_0002_part_004,FAKE,C:\Users\Harish\Downloads\AI deepfake detection\AI_VOICE_DEEPFAKE_DETECTION\data\processed\audio\sp_0002_part_004.npy,2.697,4.0,16000,16000,a71dd74414b852a35b922f4ff00dcce3ce6d26b40d8e90afe56a1106cc375432,train
sp_0002_part_005,FAKE,C:\Users\Harish\Downloads\AI deepfake detection\AI_VOICE_DEEPFAKE_DETECTION\data\processed\audio\sp_0002_part_005.npy,2.689,4.0,16000,16000,42bc7082e47c393c196d284f27d93c3d374097f7a09a8a15f732f6a1a5b837d4,train
sp_0002_part_006,FAKE,C:\Users\Harish\Downloads\AI deepfake detection\AI_VOICE_DEEPFAKE_DETECTION\data\processed\audio\sp_0002_part_006.npy,2.888,4.0,16000,16000,cdf3923adab4cf93662d57abe31f3887abd1ee961f2976f5163972a063ec0dd2,train
sp_0002_part_007,FAKE,C:\Users\Harish\Downloads\AI deepfake detection\AI_VOICE_DEEPFAKE_DETECTION\data\processed\audio\sp_0002_part_007.npy,2.983,4.0,16000,16000,f882dd2a690f92cac88498cb2ebcead13bf380136718fc2c1dabd5a6d964c251,train
sp_0002_part_009,FAKE,C:\Users\Harish\Downloads\AI deepfake detection\AI_VOICE_DEEPFAKE_DETECTION\data\processed\audio\sp_0002_part_009.npy,3.193,4.0,16000,16000,6354b982006a1a45dc04b5a5c5401477a2334ee4b506297d145ebbf3b94bfcf7,train
sp_0003_c_part_005,FAKE,C:\Users\Harish\Downloads\AI deepfake detection\AI_VOICE_DEEPFAKE_DETECTION\data\processed\audio\sp_0003_c_part_005.npy,3.739,4.0,16000,16000,af5b9d3712190554641cfa248cba75418aa928601bedf8b79e6c3d0ef57cd2dc,train
sp_0003_c_part_006,FAKE,C:\Users\Harish\Downloads\AI deepfake detection\AI_VOICE_DEEPFAKE_DETECTION\data\processed\audio\sp_0003_c_part_006.npy,4.684,4.0,16000,16000,78e08c7e86013d384b92321bd3546e65323ad6a4117a65c7fcb54a0fa72ee0e5,train
sp_0003_c_part_013,FAKE,C:\Users\Harish\Downloads\AI deepfake detection\AI_VOICE_DEEPFAKE_DETECTION\data\processed\audio\sp_0003_c_part_013.npy,3.825,4.0,16000,16000,e2cf59cb6441a1f55bead47e24979e77731d58217a71752fbc0160d849466b57,train
sp_0003_c_part_014,FAKE,C:\Users\Harish\Downloads\AI deepfake detection\AI_VOICE_DEEPFAKE_DETECTION\data\processed\audio\sp_0003_c_part_014.npy,3.268,4.0,16000,16000,ff58c12632b2f73d1dfeeae86a39ce67b554368b7a3211645e43f4136f8bdcb7,train
sp_0003_c_part_016,FAKE,C:\Users\Harish\Downloads\AI deepfake detection\AI_VOICE_DEEPFAKE_DETECTION\data\processed\audio\sp_0003_c_part_016.npy,2.814,4.0,16000,16000,dac494a8ceee9fdd44104edd0672ea2665eb15ff4f2d908f50608c98dbee57a5,train
sp_0003_c_part_017,FAKE,C:\Users\Harish\Downloads\AI deepfake detection\AI_VOICE_DEEPFAKE_DETECTION\data\processed\audio\sp_0003_c_part_017.npy,2.769,4.0,16000,16000,7e2fd484413ef7f3bc6862695e97f5cd60e15d25c441b58b1e50b54176c7b196,train
sp_0003_c_part_020,FAKE,C:\Users\Harish\Downloads\AI deepfake detection\AI_VOICE_DEEPFAKE_DETECTION\data\processed\audio\sp_0003_c_part_020.npy,3.731,4.0,16000,16000,ce3a4d36edfd84a969ee36cad0bd02bae3676e9beb5f964d6bb091eec7be2e3d,train
sp_0003_c_part_021,FAKE,C:\Users\Harish\Downloads\AI deepfake detection\AI_VOICE_DEEPFAKE_DETECTION\data\processed\audio\sp_0003_c_part_021.npy,3.995,4.0,16000,16000,0ed91f104438b2373bf95535728dd5dae3e62d6ea5f7f8525cca58247bea30b2,train
sp_0003_c_part_022,FAKE,C:\Users\Harish\Downloads\AI deepfake detection\AI_VOICE_DEEPFAKE_DETECTION\data\processed\audio\sp_0003_c_part_022.npy,2.765,4.0,16000,16000,350f943e2bf7f8956d04e609b02dbd3df70f9bbb9c5c768bbb9ae404e2f2782a,train
sp_0003_c_part_023,FAKE,C:\Users\Harish\Downloads\AI deepfake detection\AI_VOICE_DEEPFAKE_DETECTION\data\processed\audio\sp_0003_c_part_023.npy,2.918,4.0,16000,16000,7f6d6663eaea250b902136295f8f234302cc4d982dabd780e3a88a80885c202d,train
sp_0003_part_001,FAKE,C:\Users\Harish\Downloads\AI deepfake detection\AI_VOICE_DEEPFAKE_DETECTION\data\processed\audio\sp_0003_part_001.npy,4.327,4.0,16000,16000,d97baca93ce97d9761cd4e89c2d5c85002fc9677c302bf785831d3e4302fc536,train
sp_0003_part_002,FAKE,C:\Users\Harish\Downloads\AI deepfake detection\AI_VOICE_DEEPFAKE_DETECTION\data\processed\audio\sp_0003_part_002.npy,3.289,4.0,16000,16000,e1de715478ba71480784c9f4e2d500e7cb21ef814b5616d30027df89fde0d561,train
sp_0003_part_004,FAKE,C:\Users\Harish\Downloads\AI deepfake detection\AI_VOICE_DEEPFAKE_DETECTION\data\processed\audio\sp_0003_part_004.npy,2.951,4.0,16000,16000,9d55b19fbfe1264e5132cbf946d0cd3bb725fd595d1027908e79fa9e343754e9,train
sp_0003_part_005,FAKE,C:\Users\Harish\Downloads\AI deepfake detection\AI_VOICE_DEEPFAKE_DETECTION\data\processed\audio\sp_0003_part_005.npy,2.587,4.0,16000,16000,246b0b0d8c5ff6d841145f043b7e32e6160e87a64efc4512aba7bf285444d74d,train
sp_0003_part_006,FAKE,C:\Users\Harish\Downloads\AI deepfake detection\AI_VOICE_DEEPFAKE_DETECTION\data\processed\audio\sp_0003_part_006.npy,4.408,4.0,16000,16000,f8a6cf0e571960408857d192f4ba47bf72eb53973f6f548b876ede95b62ae1d5,train
sp_0003_part_009,FAKE,C:\Users\Harish\Downloads\AI deepfake detection\AI_VOICE_DEEPFAKE_DETECTION\data\processed\audio\sp_0003_part_009.npy,3.308,4.0,16000,16000,b3a56cdd2b4e72c53953e1d7496aefc6796ae1d8155242de2f6e5c8f5103662e,train
sp_0003_part_010,FAKE,C:\Users\Harish\Downloads\AI deepfake detection\AI_VOICE_DEEPFAKE_DETECTION\data\processed\audio\sp_0003_part_010.npy,3.731,4.0,16000,16000,68b4b713db1fd32693691a97e79b515bafc4f2ccede3706105a05d3bb0e8ec42,train
sp_0003_part_011,FAKE,C:\Users\Harish\Downloads\AI deepfake detection\AI_VOICE_DEEPFAKE_DETECTION\data\processed\audio\sp_0003_part_011.npy,2.717,4.0,16000,16000,970010e054bf4ac252e46bbabfbac1b4d518491b4d1728c734efecc93561a37f,train
sp_0003_part_012,FAKE,C:\Users\Harish\Downloads\AI deepfake detection\AI_VOICE_DEEPFAKE_DETECTION\data\processed\audio\sp_0003_part_012.npy,4.316,4.0,16000,16000,874c478c8eff80114af08f8018038638ac7c334d39279f596acaeced00616a65,train
sp_0004_c_part_008,FAKE,C:\Users\Harish\Downloads\AI deepfake detection\AI_VOICE_DEEPFAKE_DETECTION\data\processed\audio\sp_0004_c_part_008.npy,3.699,4.0,16000,16000,68471960d3e9e8e200223762f91fe3caf56fc0a61335946c1431970472884af8,train
sp_0004_c_part_021,FAKE,C:\Users\Harish\Downloads\AI deepfake detection\AI_VOICE_DEEPFAKE_DETECTION\data\processed\audio\sp_0004_c_part_021.npy,3.481,4.0,16000,16000,0d45a3d2fce8cfb993acef5cefd76da8bfef6a2b89681870fc561f718b9074db,train
sp_0004_c_part_022,FAKE,C:\Users\Harish\Downloads\AI deepfake detection\AI_VOICE_DEEPFAKE_DETECTION\data\processed\audio\sp_0004_c_part_022.npy,3.332,4.0,16000,16000,b7b218ed3f8e51c3ba5905743739e54011088a81b09e1148587232095ba26048,train
sp_0004_c_part_025,FAKE,C:\Users\Harish\Downloads\AI deepfake detection\AI_VOICE_DEEPFAKE_DETECTION\data\processed\audio\sp_0004_c_part_025.npy,3.347,4.0,16000,16000,6f80da8a82e46777bc1e872c3ddfc5f01597983315f7d7ff29d24d55c825b36e,train
sp_0004_c_part_026,FAKE,C:\Users\Harish\Downloads\AI deepfake detection\AI_VOICE_DEEPFAKE_DETECTION\data\processed\audio\sp_0004_c_part_026.npy,3.485,4.0,16000,16000,81e122edc775c943421431020df092eb6a5345e18d53fef7883502a89e633e3e,train
sp_0004_c_part_027,FAKE,C:\Users\Harish\Downloads\AI deepfake detection\AI_VOICE_DEEPFAKE_DETECTION\data\processed\audio\sp_0004_c_part_027.npy,4.031,4.0,16000,16000,4c640b40b1a146451ea2ca96cc6a192a04ce54c021cfd8073fbc28c68f63122a,train
sp_0004_c_part_028,FAKE,C:\Users\Harish\Downloads\AI deepfake detection\AI_VOICE_DEEPFAKE_DETECTION\data\processed\audio\sp_0004_c_part_028.npy,2.979,4.0,16000,16000,b05ee81219021e04f1cdc1c5ae7a069645d897ac1eda3b0d7872d016d1a0ef58,train
sp_0004_c_part_029,FAKE,C:\Users\Harish\Downloads\AI deepfake detection\AI_VOICE_DEEPFAKE_DETECTION\data\processed\audio\sp_0004_c_part_029.npy,4.222,4.0,16000,16000,b568a7a08d9599138149deea20351fcff218849df93df99a729aac72b9850359,train
sp_0004_part_001,FAKE,C:\Users\Harish\Downloads\AI deepfake detection\AI_VOICE_DEEPFAKE_DETECTION\data\processed\audio\sp_0004_part_001.npy,2.64,4.0,16000,16000,a8d2ce53f761f68f50f361c7ce92a00279ec90986f497078cdd37ce8dc4e48aa,train
sp_0004_part_003,FAKE,C:\Users\Harish\Downloads\AI deepfake detection\AI_VOICE_DEEPFAKE_DETECTION\data\processed\audio\sp_0004_part_003.npy,3.205,4.0,16000,16000,ae394fde9096cee409c96811e4026895a50557f9cdedd1a45e0ec3ddfbc4f8f5,train
sp_0004_part_004,FAKE,C:\Users\Harish\Downloads\AI deepfake detection\AI_VOICE_DEEPFAKE_DETECTION\data\processed\audio\sp_0004_part_004.npy,2.728,4.0,16000,16000,f2457ce3fbb958f6bc057d2ee3aaee4bbc858a8e5dece2a2d1d99714abe946a2,train
sp_0004_part_005,FAKE,C:\Users\Harish\Downloads\AI deepfake detection\AI_VOICE_DEEPFAKE_DETECTION\data\processed\audio\sp_0004_part_005.npy,2.619,4.0,16000,16000,9d8ce3ec595e52a6a1ba24bee88befd2943cf8ceefbc181204f325902c628e91,train
sp_0004_part_006,FAKE,C:\Users\Harish\Downloads\AI deepfake detection\AI_VOICE_DEEPFAKE_DETECTION\data\processed\audio\sp_0004_part_006.npy,2.917,4.0,16000,16000,3ebcc7a45c1bf1d7a544a55a6ede04500284419e1897a8657e21d578b9160b0a,train
sp_0004_part_007,FAKE,C:\Users\Harish\Downloads\AI deepfake detection\AI_VOICE_DEEPFAKE_DETECTION\data\processed\audio\sp_0004_part_007.npy,2.534,4.0,16000,16000,073a5f719c7e6988e9dfef486215aad46b919832f235bc7ff0fdb8d282a77475,train
sp_0004_part_008,FAKE,C:\Users\Harish\Downloads\AI deepfake detection\AI_VOICE_DEEPFAKE_DETECTION\data\processed\audio\sp_0004_part_008.npy,4.801,4.0,16000,16000,18318603833f5620ebb918a2b0b8dd1e7c926e85ec311786dbfc512e03f12794,train
sp_0004_part_009,FAKE,C:\Users\Harish\Downloads\AI deepfake detection\AI_VOICE_DEEPFAKE_DETECTION\data\processed\audio\sp_0004_part_009.npy,4.179,4.0,16000,16000,88c10822b0a7ffd66e545e0ce3295a571969d58808e6549d15fd296569065d73,train
sp_0004_part_011,FAKE,C:\Users\Harish\Downloads\AI deepfake detection\AI_VOICE_DEEPFAKE_DETECTION\data\processed\audio\sp_0004_part_011.npy,3.082,4.0,16000,16000,c9f862886fe0611d46d5f0ebe3d025110be0334d86c0747ac720144b8143a8a4,train
sp_0004_part_012,FAKE,C:\Users\Harish\Downloads\AI deepfake detection\AI_VOICE_DEEPFAKE_DETECTION\data\processed\audio\sp_0004_part_012.npy,3.093,4.0,16000,16000,4d39116f0d02827b8848d0363db34fee4389325f8801c6667d768de21487e354,train
sp_0004_part_013,FAKE,C:\Users\Harish\Downloads\AI deepfake detection\AI_VOICE_DEEPFAKE_DETECTION\data\processed\audio\sp_0004_part_013.npy,3.676,4.0,16000,16000,b6616c4d2706bdd4e4902ff5a45a569ca7816e2ee80cb36116805907212b77a0,train
sp_0004_part_016,FAKE,C:\Users\Harish\Downloads\AI deepfake detection\AI_VOICE_DEEPFAKE_DETECTION\data\processed\audio\sp_0004_part_016.npy,7.224,4.0,16000,16000,55fe58496c7045d792a91c9373cabf66596d6cab8dbeb87a8573c4b2c67b9b9f,train
sp_0004_part_017,FAKE,C:\Users\Harish\Downloads\AI deepfake detection\AI_VOICE_DEEPFAKE_DETECTION\data\processed\audio\sp_0004_part_017.npy,2.826,4.0,16000,16000,d6b247c3bf2e0d697a643a731293f799e35021ddacc517d928b688994b01202d,train
sp_0004_part_020,FAKE,C:\Users\Harish\Downloads\AI deepfake detection\AI_VOICE_DEEPFAKE_DETECTION\data\processed\audio\sp_0004_part_020.npy,2.723,4.0,16000,16000,053e81cc8742318f852ed654b3dc56f27233fb2d19792c191cc5b2204dce9d74,train
sp_0005_c_part_004,FAKE,C:\Users\Harish\Downloads\AI deepfake detection\AI_VOICE_DEEPFAKE_DETECTION\data\processed\audio\sp_0005_c_part_004.npy,3.007,4.0,16000,16000,bc1298d269e9ee8deec05139ddd697be262757188dd49a9b8f7ce8f3c197cbfc,train
sp_0005_c_part_005,FAKE,C:\Users\Harish\Downloads\AI deepfake detection\AI_VOICE_DEEPFAKE_DETECTION\data\processed\audio\sp_0005_c_part_005.npy,4.407,4.0,16000,16000,604aa2f141a1a317f4784603c9fa60452ee7d355b0f2be490069e97ef5e345bd,train
sp_0005_c_part_006,FAKE,C:\Users\Harish\Downloads\AI deepfake detection\AI_VOICE_DEEPFAKE_DETECTION\data\processed\audio\sp_0005_c_part_006.npy,3.375,4.0,16000,16000,4f706f4364fe73ee7d20813848d25e592f7109b63103d8692cde2073dbbcb68d,train
sp_0005_c_part_009,FAKE,C:\Users\Harish\Downloads\AI deepfake detection\AI_VOICE_DEEPFAKE_DETECTION\data\processed\audio\sp_0005_c_part_009.npy,2.949,4.0,16000,16000,59cdbf90fb4d6e7c2b61bbd006ebf19f335f6c178dc07e59cd3c87e8d3467f76,train
sp_0005_c_part_011,FAKE,C:\Users\Harish\Downloads\AI deepfake detection\AI_VOICE_DEEPFAKE_DETECTION\data\processed\audio\sp_0005_c_part_011.npy,3.477,4.0,16000,16000,9c0058e74f247678264d6f2c940fc7047bba0a93d8757e8e1d6448cb6bc64e74,train
sp_0005_c_part_018,FAKE,C:\Users\Harish\Downloads\AI deepfake detection\AI_VOICE_DEEPFAKE_DETECTION\data\processed\audio\sp_0005_c_part_018.npy,3.113,4.0,16000,16000,97081b68d35b5d77a28dcab9380a080fcd6086389e20a35b5d579e906e6dac70,train
sp_0005_c_part_020,FAKE,C:\Users\Harish\Downloads\AI deepfake detection\AI_VOICE_DEEPFAKE_DETECTION\data\processed\audio\sp_0005_c_part_020.npy,3.36,4.0,16000,16000,6334044e1b8278d8854d6e398afe3ec3daa36fe3f7d4737d61ce45a4f7570d43,train
sp_0005_c_part_021,FAKE,C:\Users\Harish\Downloads\AI deepfake detection\AI_VOICE_DEEPFAKE_DETECTION\data\processed\audio\sp_0005_c_part_021.npy,3.395,4.0,16000,16000,4bc3755e2351836dfb1140c2cc4b6fdc2cd0d21a91ed4d4661dbb793091e7e65,train
sp_0005_c_part_022,FAKE,C:\Users\Harish\Downloads\AI deepfake detection\AI_VOICE_DEEPFAKE_DETECTION\data\processed\audio\sp_0005_c_part_022.npy,3.255,4.0,16000,16000,946eeac7c9b0e768073b561fbf73d965174c0a0940460931adf5c6cccad801c2,train
sp_0005_c_part_023,FAKE,C:\Users\Harish\Downloads\AI deepfake detection\AI_VOICE_DEEPFAKE_DETECTION\data\processed\audio\sp_0005_c_part_023.npy,3.778,4.0,16000,16000,26552623bfc6281c2c77aad0252c0d60e1d00ae1a3e1de141c46f5f0992c7aca,train
sp_0005_c_part_024,FAKE,C:\Users\Harish\Downloads\AI deepfake detection\AI_VOICE_DEEPFAKE_DETECTION\data\processed\audio\sp_0005_c_part_024.npy,4.215,4.0,16000,16000,eafebc17aa664d2d289ea07b76f5f9cc2b5e1ab8264cfdec8fe450ba16e61523,train
sp_0005_c_part_026,FAKE,C:\Users\Harish\Downloads\AI deepfake detection\AI_VOICE_DEEPFAKE_DETECTION\data\processed\audio\sp_0005_c_part_026.npy,2.878,4.0,16000,16000,28efb2e2dd8d37c3cf5d137db0766617f895c9acc9e3ac4af59e7fa7c33cb307,train
sp_0005_c_part_027,FAKE,C:\Users\Harish\Downloads\AI deepfake detection\AI_VOICE_DEEPFAKE_DETECTION\data\processed\audio\sp_0005_c_part_027.npy,3.963,4.0,16000,16000,58f756fe8acbaf0b40c0d58a0d666f3c72881b693ef8826dd496c5b93b3d3ef9,train
sp_0005_c_part_028,FAKE,C:\Users\Harish\Downloads\AI deepfake detection\AI_VOICE_DEEPFAKE_DETECTION\data\processed\audio\sp_0005_c_part_028.npy,2.961,4.0,16000,16000,3d456cbe83791e3e24169f37008d6213cda6bbe7776156cbdc403637ebc06a71,train
sp_0005_c_part_029,FAKE,C:\Users\Harish\Downloads\AI deepfake detection\AI_VOICE_DEEPFAKE_DETECTION\data\processed\audio\sp_0005_c_part_029.npy,3.399,4.0,16000,16000,c69af3388d9456b20e5c0ca3d7eb49bf31631da93e07f96365a987f4d947eaf9,train
sp_0005_part_001,FAKE,C:\Users\Harish\Downloads\AI deepfake detection\AI_VOICE_DEEPFAKE_DETECTION\data\processed\audio\sp_0005_part_001.npy,6.304,4.0,16000,16000,edb30a336a1dc2a023b3f9f2a50680fe97175ccee1aba83aea45e3cd14b2041f,train
sp_0005_part_003,FAKE,C:\Users\Harish\Downloads\AI deepfake detection\AI_VOICE_DEEPFAKE_DETECTION\data\processed\audio\sp_0005_part_003.npy,2.505,4.0,16000,16000,2add4b251df0fe00b8925e4fc580a404694c1b8916352265c7271b0352e12a86,train
sp_0005_part_004,FAKE,C:\Users\Harish\Downloads\AI deepfake detection\AI_VOICE_DEEPFAKE_DETECTION\data\processed\audio\sp_0005_part_004.npy,4.19,4.0,16000,16000,022c075e030476187791441fad3f99d728a8bbf1bc5844dbca706d5dad62e203,train
sp_0005_part_005,FAKE,C:\Users\Harish\Downloads\AI deepfake detection\AI_VOICE_DEEPFAKE_DETECTION\data\processed\audio\sp_0005_part_005.npy,3.677,4.0,16000,16000,56c7af26d3eb0785298de22b7484f343caf9e91db0f12f19591158c3878200aa,train
sp_0005_part_006,FAKE,C:\Users\Harish\Downloads\AI deepfake detection\AI_VOICE_DEEPFAKE_DETECTION\data\processed\audio\sp_0005_part_006.npy,2.635,4.0,16000,16000,3ea99b30be80824b74a006cae1875bbfb3a3ca8390759e97143fb1f871a6c44f,train
sp_0005_part_007,FAKE,C:\Users\Harish\Downloads\AI deepfake detection\AI_VOICE_DEEPFAKE_DETECTION\data\processed\audio\sp_0005_part_007.npy,2.974,4.0,16000,16000,53b1a4f8d636ea349b182a71d149b2bb0fa123a269718ecc977403958274b6d3,train
sp_0005_part_010,FAKE,C:\Users\Harish\Downloads\AI deepfake detection\AI_VOICE_DEEPFAKE_DETECTION\data\processed\audio\sp_0005_part_010.npy,5.486,4.0,16000,16000,3022bbf2b2ef3c8b95034fa9bac9848ad0f201ddce76e4710e7cb3b93c0acf6a,train
sp_0005_part_014,FAKE,C:\Users\Harish\Downloads\AI deepfake detection\AI_VOICE_DEEPFAKE_DETECTION\data\processed\audio\sp_0005_part_014.npy,2.728,4.0,16000,16000,2658ddba1c4d8fab61a91c7da02b60751970e6f84df08fc53e636116106a8414,train
sp_0006_c_part_006,FAKE,C:\Users\Harish\Downloads\AI deepfake detection\AI_VOICE_DEEPFAKE_DETECTION\data\processed\audio\sp_0006_c_part_006.npy,3.916,4.0,16000,16000,c4debec78d20c4f7ddab69fbbdb7e939fca3daea609b7ff3ed8458336337c705,train
sp_0006_c_part_021,FAKE,C:\Users\Harish\Downloads\AI deepfake detection\AI_VOICE_DEEPFAKE_DETECTION\data\processed\audio\sp_0006_c_part_021.npy,3.286,4.0,16000,16000,0f093a8a027b83c55d48cd004af32c01290692b52529c89b2445878efc22167a,train
sp_0006_c_part_022,FAKE,C:\Users\Harish\Downloads\AI deepfake detection\AI_VOICE_DEEPFAKE_DETECTION\data\processed\audio\sp_0006_c_part_022.npy,2.925,4.0,16000,16000,c665960dacbd74d9c71c4a46bd01f474699a8221407d5d0a39b92f172adc731b,train
sp_0006_c_part_024,FAKE,C:\Users\Harish\Downloads\AI deepfake detection\AI_VOICE_DEEPFAKE_DETECTION\data\processed\audio\sp_0006_c_part_024.npy,3.556,4.0,16000,16000,bb07db51fc989cd3ca041230cf1f6f6339eb0ec91dc54916cebad1f397971b7d,train
sp_0006_c_part_025,FAKE,C:\Users\Harish\Downloads\AI deepfake detection\AI_VOICE_DEEPFAKE_DETECTION\data\processed\audio\sp_0006_c_part_025.npy,4.254,4.0,16000,16000,9fa12476f6f9c57e90b0b4156ded1e44a77b105b10ea73355ae1c2137ea89860,train
sp_0006_part_002,FAKE,C:\Users\Harish\Downloads\AI deepfake detection\AI_VOICE_DEEPFAKE_DETECTION\data\processed\audio\sp_0006_part_002.npy,3.244,4.0,16000,16000,74c46228aa6006d100a6cf756dc7df8c96903baca90582d1d589274f55fd2719,train
sp_0006_part_003,FAKE,C:\Users\Harish\Downloads\AI deepfake detection\AI_VOICE_DEEPFAKE_DETECTION\data\processed\audio\sp_0006_part_003.npy,3.18,4.0,16000,16000,69164a453e54c5d25ec4e5dfa4cbd318d46e793fce7d652d9f3ec44847caa4aa,train
sp_0006_part_005,FAKE,C:\Users\Harish\Downloads\AI deepfake detection\AI_VOICE_DEEPFAKE_DETECTION\data\processed\audio\sp_0006_part_005.npy,2.534,4.0,16000,16000,a8a6520b173a824411aee9b8ed98ef8beb5876e8a88d6042fd9f18a51786002c,train
sp_0006_part_006,FAKE,C:\Users\Harish\Downloads\AI deepfake detection\AI_VOICE_DEEPFAKE_DETECTION\data\processed\audio\sp_0006_part_006.npy,4.302,4.0,16000,16000,afc863364f4a8d2b41f886b6ae91d6d2dcc9f9e1913f7c2749014a19bada023e,train
sp_0006_part_007,FAKE,C:\Users\Harish\Downloads\AI deepfake detection\AI_VOICE_DEEPFAKE_DETECTION\data\processed\audio\sp_0006_part_007.npy,5.074,4.0,16000,16000,6a2c40231a3f4bee82eccfbd6c035ef64063419581503de04f99b6ab10437490,train
sp_0006_part_008,FAKE,C:\Users\Harish\Downloads\AI deepfake detection\AI_VOICE_DEEPFAKE_DETECTION\data\processed\audio\sp_0006_part_008.npy,3.681,4.0,16000,16000,9f65108c057e9465e2aad49ee6e6565098ce3156948f7b999b5e2896ce426ca5,train
sp_0006_part_009,FAKE,C:\Users\Harish\Downloads\AI deepfake detection\AI_VOICE_DEEPFAKE_DETECTION\data\processed\audio\sp_0006_part_009.npy,2.75,4.0,16000,16000,bb1ed5034c14b19f9d471cf31f4e72eeb86ac0c65f6845531b79ced45dbe6a4b,train
sp_0006_part_010,FAKE,C:\Users\Harish\Downloads\AI deepfake detection\AI_VOICE_DEEPFAKE_DETECTION\data\processed\audio\sp_0006_part_010.npy,3.028,4.0,16000,16000,c8bdd5bebd86ecfd2040cf7543adf1e6893c3269d6c0687f21d9d96813101451,train
sp_0006_part_012,FAKE,C:\Users\Harish\Downloads\AI deepfake detection\AI_VOICE_DEEPFAKE_DETECTION\data\processed\audio\sp_0006_part_012.npy,3.345,4.0,16000,16000,9feddf5721a09cd8731873d3cea94e211579eb68d070b13745629c520cb8b7fb,train
sp_0006_part_013,FAKE,C:\Users\Harish\Downloads\AI deepfake detection\AI_VOICE_DEEPFAKE_DETECTION\data\processed\audio\sp_0006_part_013.npy,4.452,4.0,16000,16000,ac232a6840642918a2e907775bd9f7e497574ca63dc368a0dbd2ebdf77130900,train
sp_0006_part_014,FAKE,C:\Users\Harish\Downloads\AI deepfake detection\AI_VOICE_DEEPFAKE_DETECTION\data\processed\audio\sp_0006_part_014.npy,6.558,4.0,16000,16000,ee9c33ab74c7172b293b6b89a3907ad35b753778beff9a3e22783b3f2b011095,train
sp_0006_part_015,FAKE,C:\Users\Harish\Downloads\AI deepfake detection\AI_VOICE_DEEPFAKE_DETECTION\data\processed\audio\sp_0006_part_015.npy,3.952,4.0,16000,16000,9d3f1f2e0a11da7ecf0bb554aae952fb62cca1eaf8961fae7c01f2ebb0e3cdfd,train
sp_0006_part_016,FAKE,C:\Users\Harish\Downloads\AI deepfake detection\AI_VOICE_DEEPFAKE_DETECTION\data\processed\audio\sp_0006_part_016.npy,6.655,4.0,16000,16000,f45eb2d69bb2351cf39aa2771341b7682d213cbd1cd8a15ed861c3fc7f1055ca,train
sp_0006_part_017,FAKE,C:\Users\Harish\Downloads\AI deepfake detection\AI_VOICE_DEEPFAKE_DETECTION\data\processed\audio\sp_0006_part_017.npy,2.576,4.0,16000,16000,7151a2c808d4783c9aafbd50452e212a50468684ad09ef006d2f3a600f287831,train
sp_0006_part_018,FAKE,C:\Users\Harish\Downloads\AI deepfake detection\AI_VOICE_DEEPFAKE_DETECTION\data\processed\audio\sp_0006_part_018.npy,2.956,4.0,16000,16000,8cc7936e35dbca76d2f47297b3a4afe6e4ba799f7147df37ecf1e13b74bcd9ba,train
sp_0006_part_019,FAKE,C:\Users\Harish\Downloads\AI deepfake detection\AI_VOICE_DEEPFAKE_DETECTION\data\processed\audio\sp_0006_part_019.npy,2.931,4.0,16000,16000,35efa63157a2d484b36d515eb46068c6b6ca4f833108a1b43ecbb43788146f09,train
sp_0006_part_020,FAKE,C:\Users\Harish\Downloads\AI deepfake detection\AI_VOICE_DEEPFAKE_DETECTION\data\processed\audio\sp_0006_part_020.npy,5.709,4.0,16000,16000,45fc852082c0d992349e94a9111d5745d89bcb37bc7eac17d0d25dd85b4406df,train
sp_0007_c_part_012,FAKE,C:\Users\Harish\Downloads\AI deepfake detection\AI_VOICE_DEEPFAKE_DETECTION\data\processed\audio\sp_0007_c_part_012.npy,2.526,4.0,16000,16000,a9a06439b641126be08b91a0dac6e88937f06b7ded5cc6ff08f8adeccc7ded8a,train
sp_0007_c_part_013,FAKE,C:\Users\Harish\Downloads\AI deepfake detection\AI_VOICE_DEEPFAKE_DETECTION\data\processed\audio\sp_0007_c_part_013.npy,4.134,4.0,16000,16000,0b538723c91545787868df064407e1f605198ea59d5c6b80178549b1108f808b,train
sp_0007_c_part_014,FAKE,C:\Users\Harish\Downloads\AI deepfake detection\AI_VOICE_DEEPFAKE_DETECTION\data\processed\audio\sp_0007_c_part_014.npy,2.836,4.0,16000,16000,62dee92aa7fa9705a8acc60f4b4da2b36b841251b09af6304cc7e7af917c7e3c,train
sp_0007_c_part_016,FAKE,C:\Users\Harish\Downloads\AI deepfake detection\AI_VOICE_DEEPFAKE_DETECTION\data\processed\audio\sp_0007_c_part_016.npy,4.259,4.0,16000,16000,db0e6d089c32367202516b380401d60237c642438f1dc04173b9e86bb291ac8c,train
sp_0007_part_002,FAKE,C:\Users\Harish\Downloads\AI deepfake detection\AI_VOICE_DEEPFAKE_DETECTION\data\processed\audio\sp_0007_part_002.npy,4.247,4.0,16000,16000,badb783f9ffdfb550820d165b2903ae7125aa642fb948718cd869a048473150e,train
sp_0007_part_004,FAKE,C:\Users\Harish\Downloads\AI deepfake detection\AI_VOICE_DEEPFAKE_DETECTION\data\processed\audio\sp_0007_part_004.npy,2.665,4.0,16000,16000,d0d1f31de4e22ac6da2039092d4b07cc9e5eede8cf09b965aa60891f0728e17d,train
sp_0007_part_005,FAKE,C:\Users\Harish\Downloads\AI deepfake detection\AI_VOICE_DEEPFAKE_DETECTION\data\processed\audio\sp_0007_part_005.npy,2.986,4.0,16000,16000,8d45203ac9eda8402a01405c68c9bd1bfb47a279838b0fe0ca9b6b0ffd9ff29c,train
sp_0007_part_006,FAKE,C:\Users\Harish\Downloads\AI deepfake detection\AI_VOICE_DEEPFAKE_DETECTION\data\processed\audio\sp_0007_part_006.npy,4.27,4.0,16000,16000,ee1fdabe016058221898448e69e562dcc421cf35c535421d547719e88c6192b7,train
sp_0007_part_007,FAKE,C:\Users\Harish\Downloads\AI deepfake detection\AI_VOICE_DEEPFAKE_DETECTION\data\processed\audio\sp_0007_part_007.npy,4.969,4.0,16000,16000,ce7a51796d78c2255656b119bd0d69ded14e59f7b7513d7af30c4ad0de9ddaca,train
sp_0007_part_008,FAKE,C:\Users\Harish\Downloads\AI deepfake detection\AI_VOICE_DEEPFAKE_DETECTION\data\processed\audio\sp_0007_part_008.npy,2.793,4.0,16000,16000,eb9ec598f0fe498afe235c13c149bd79cffb8b3d6aef9b826bf6220e95fb54c2,train
sp_0007_part_009,FAKE,C:\Users\Harish\Downloads\AI deepfake detection\AI_VOICE_DEEPFAKE_DETECTION\data\processed\audio\sp_0007_part_009.npy,6.869,4.0,16000,16000,1af08d911e6107f3f1e22b268c845c9a3b0abba00c951cd0e3ed99259190ce9c,train
sp_0007_part_010,FAKE,C:\Users\Harish\Downloads\AI deepfake detection\AI_VOICE_DEEPFAKE_DETECTION\data\processed\audio\sp_0007_part_010.npy,3.855,4.0,16000,16000,7201554850ab67488998f4640b29305068952cb779dd2592655bb206776fe5b4,train
sp_0008_c_part_007,FAKE,C:\Users\Harish\Downloads\AI deepfake detection\AI_VOICE_DEEPFAKE_DETECTION\data\processed\audio\sp_0008_c_part_007.npy,3.883,4.0,16000,16000,938cc4314996714619ea7510fe7a6ce078190e77ac576eacb6d6cab0f9b348fd,train
sp_0008_c_part_008,FAKE,C:\Users\Harish\Downloads\AI deepfake detection\AI_VOICE_DEEPFAKE_DETECTION\data\processed\audio\sp_0008_c_part_008.npy,4.593,4.0,16000,16000,271bf156ec8fce8a72f1a3ba921b2eaf8a000738df738902fed25552262d641b,train
sp_0008_c_part_010,FAKE,C:\Users\Harish\Downloads\AI deepfake detection\AI_VOICE_DEEPFAKE_DETECTION\data\processed\audio\sp_0008_c_part_010.npy,3.25,4.0,16000,16000,8b10f969bb94374449a489b85af5f85feaa0c1e66db043c5a226b3ad5b3a5e9d,train
sp_0008_c_part_011,FAKE,C:\Users\Harish\Downloads\AI deepfake detection\AI_VOICE_DEEPFAKE_DETECTION\data\processed\audio\sp_0008_c_part_011.npy,3.668,4.0,16000,16000,38f74074877640ee436d55041b3ca8c4d07f7435da2610ebcdfcd834a912e85e,train
sp_0008_c_part_013,FAKE,C:\Users\Harish\Downloads\AI deepfake detection\AI_VOICE_DEEPFAKE_DETECTION\data\processed\audio\sp_0008_c_part_013.npy,2.879,4.0,16000,16000,e69ba0d9ffbb6e877d66878795705a9d35c5ca470fb25a3a7ad7914f0c3b3882,train
sp_0008_part_001,FAKE,C:\Users\Harish\Downloads\AI deepfake detection\AI_VOICE_DEEPFAKE_DETECTION\data\processed\audio\sp_0008_part_001.npy,2.725,4.0,16000,16000,747a9c89cc666c081f245a6666181febe6b51936c5502472c104fc3a8fbea4cc,train
sp_0008_part_002,FAKE,C:\Users\Harish\Downloads\AI deepfake detection\AI_VOICE_DEEPFAKE_DETECTION\data\processed\audio\sp_0008_part_002.npy,2.706,4.0,16000,16000,67aac5650860e79c654ead8f7e99a3b3ed09a06d3df6a99d887e9a18bc3c1906,train
sp_0008_part_003,FAKE,C:\Users\Harish\Downloads\AI deepfake detection\AI_VOICE_DEEPFAKE_DETECTION\data\processed\audio\sp_0008_part_003.npy,2.65,4.0,16000,16000,087847f032199d2b85323a462cfa9c3c04cb4dfbf1336510d1c1bcb1a2bf4d67,train
sp_0008_part_004,FAKE,C:\Users\Harish\Downloads\AI deepfake detection\AI_VOICE_DEEPFAKE_DETECTION\data\processed\audio\sp_0008_part_004.npy,5.285,4.0,16000,16000,bb22ddcd08944f0f02aa4d916205b5c85e7560a85ed24d17cb7749e17f58d109,train
sp_0008_part_005,FAKE,C:\Users\Harish\Downloads\AI deepfake detection\AI_VOICE_DEEPFAKE_DETECTION\data\processed\audio\sp_0008_part_005.npy,4.008,4.0,16000,16000,a366b84e3b56e062eabce59c3f39e2b4c26072b2f0ff57ddaedc440543dac592,train
sp_0009_c_part_004,FAKE,C:\Users\Harish\Downloads\AI deepfake detection\AI_VOICE_DEEPFAKE_DETECTION\data\processed\audio\sp_0009_c_part_004.npy,4.312,4.0,16000,16000,c14d1d0257febc573a124c37a56651a7365eec25f09db35cdea16d32e6152537,train
sp_0009_part_002,FAKE,C:\Users\Harish\Downloads\AI deepfake detection\AI_VOICE_DEEPFAKE_DETECTION\data\processed\audio\sp_0009_part_002.npy,3.956,4.0,16000,16000,d56d1396957845db1b548b4b4a9d407f781af97e42fb20bc9caf0d1386d67c04,train
sp_0009_part_003,FAKE,C:\Users\Harish\Downloads\AI deepfake detection\AI_VOICE_DEEPFAKE_DETECTION\data\processed\audio\sp_0009_part_003.npy,3.48,4.0,16000,16000,46bf9f47571326ba9bb127f15ae45d8c3938e041d03c6d9f6ff14972cda1458f,train
sp_0010_c_part_004,FAKE,C:\Users\Harish\Downloads\AI deepfake detection\AI_VOICE_DEEPFAKE_DETECTION\data\processed\audio\sp_0010_c_part_004.npy,3.354,4.0,16000,16000,dad2e786247363aa380f29193f8097298e2292c2594dba838e6a9053335c57f1,train
sp_0010_c_part_006,FAKE,C:\Users\Harish\Downloads\AI deepfake detection\AI_VOICE_DEEPFAKE_DETECTION\data\processed\audio\sp_0010_c_part_006.npy,3.181,4.0,16000,16000,485b009af674dfdf8f50eac3bd3c131f043531b0450e964890c736a57f7c940a,train
sp_0010_part_003,FAKE,C:\Users\Harish\Downloads\AI deepfake detection\AI_VOICE_DEEPFAKE_DETECTION\data\processed\audio\sp_0010_part_003.npy,2.882,4.0,16000,16000,0ae13d0642c359514cb4c1f3e3ba2e2042c312948601066f3d597f4394547004,train
yt_0000_part_014,REAL,C:\Users\Harish\Downloads\AI deepfake detection\AI_VOICE_DEEPFAKE_DETECTION\data\processed\audio\yt_0000_part_014.npy,10.312,4.0,44100,16000,3a6a6fcb4236d6b36361b25c5d4f3a644d49aaff851826a137ad5cbe1f434e64,validation
yt_0000_part_026,REAL,C:\Users\Harish\Downloads\AI deepfake detection\AI_VOICE_DEEPFAKE_DETECTION\data\processed\audio\yt_0000_part_026.npy,3.042,4.0,44100,16000,385927c9b638c21627d08ee2a7c4d25b129d7734aa2e86a2fcba9ad6c7b25cf9,validation
yt_0000_part_034,REAL,C:\Users\Harish\Downloads\AI deepfake detection\AI_VOICE_DEEPFAKE_DETECTION\data\processed\audio\yt_0000_part_034.npy,6.314,4.0,44100,16000,29683e284138284f050a8a18d7d4a8688661ae0d00f3b5941eed155957600720,validation
yt_0000_part_053,REAL,C:\Users\Harish\Downloads\AI deepfake detection\AI_VOICE_DEEPFAKE_DETECTION\data\processed\audio\yt_0000_part_053.npy,6.137,4.0,44100,16000,b613a837a102df4442b1a04263ffb28e8f89405272f0ad1ad9ab0fd535a0319a,validation
yt_0000_part_070,REAL,C:\Users\Harish\Downloads\AI deepfake detection\AI_VOICE_DEEPFAKE_DETECTION\data\processed\audio\yt_0000_part_070.npy,3.932,4.0,44100,16000,8dd38ef045d01e6d4421a89d6e9bebcac8b8a97b58bfa70b7fe0e1eb19030924,validation
yt_0000_part_073,REAL,C:\Users\Harish\Downloads\AI deepfake detection\AI_VOICE_DEEPFAKE_DETECTION\data\processed\audio\yt_0000_part_073.npy,3.955,4.0,44100,16000,09048e6af08248b4d1b346be095cbe27686201574efb89991cf66e9f902b823d,validation
yt_0000_part_080,REAL,C:\Users\Harish\Downloads\AI deepfake detection\AI_VOICE_DEEPFAKE_DETECTION\data\processed\audio\yt_0000_part_080.npy,3.509,4.0,44100,16000,f92c821af2b8edab7eccdac14946152de12d6055b3d36003f85e6e1cba681efe,validation
yt_0000_part_082,REAL,C:\Users\Harish\Downloads\AI deepfake detection\AI_VOICE_DEEPFAKE_DETECTION\data\processed\audio\yt_0000_part_082.npy,4.517,4.0,44100,16000,b2cec10dc4569cecbce881d2667a4333520c0210cbc2cbe1463aaa5b5ed02417,validation
yt_0000_part_093,REAL,C:\Users\Harish\Downloads\AI deepfake detection\AI_VOICE_DEEPFAKE_DETECTION\data\processed\audio\yt_0000_part_093.npy,3.977,4.0,44100,16000,8b39538948d639f2cb15805a459b2d0706ea8abf6987da94c36cc3a502378fe1,validation
yt_0000_part_099,REAL,C:\Users\Harish\Downloads\AI deepfake detection\AI_VOICE_DEEPFAKE_DETECTION\data\processed\audio\yt_0000_part_099.npy,4.047,4.0,44100,16000,8c2fc5fcc16c4f27e34af6fd7f9f765b3f6663f2bef2778f9a0f7bbaf61c98b9,validation
yt_0000_part_108,REAL,C:\Users\Harish\Downloads\AI deepfake detection\AI_VOICE_DEEPFAKE_DETECTION\data\processed\audio\yt_0000_part_108.npy,3.085,4.0,44100,16000,e8cd4bfa114d3379585295881f234e6983c6606ce1cd7d180d03e9fa38b78351,validation
yt_0000_part_118,REAL,C:\Users\Harish\Downloads\AI deepfake detection\AI_VOICE_DEEPFAKE_DETECTION\data\processed\audio\yt_0000_part_118.npy,4.113,4.0,44100,16000,4ecb61a6f61eed07baec142729368371c9311c2329b952012080cbe7f7fd4cef,validation
yt_0000_part_146,REAL,C:\Users\Harish\Downloads\AI deepfake detection\AI_VOICE_DEEPFAKE_DETECTION\data\processed\audio\yt_0000_part_146.npy,2.927,4.0,44100,16000,ea8572f334dbf06f71ee1ebf4ecc59672282d2b78fa771092ec12fc9a19e8ac8,validation
yt_0000_part_149,REAL,C:\Users\Harish\Downloads\AI deepfake detection\AI_VOICE_DEEPFAKE_DETECTION\data\processed\audio\yt_0000_part_149.npy,5.859,4.0,44100,16000,e4e4aeb2c5e3fff41798bebe456181fb5f953b63905a40375df13234694e3de6,validation
yt_0000_part_153,REAL,C:\Users\Harish\Downloads\AI deepfake detection\AI_VOICE_DEEPFAKE_DETECTION\data\processed\audio\yt_0000_part_153.npy,3.58,4.0,44100,16000,d0a8a72c3ee6bcddd51d4dc107766d87ac8b9c69bc3eb3ba74ce016c4c952e40,validation
yt_0001_part_005,REAL,C:\Users\Harish\Downloads\AI deepfake detection\AI_VOICE_DEEPFAKE_DETECTION\data\processed\audio\yt_0001_part_005.npy,3.358,4.0,44100,16000,3fd858b7cbae366e025e939c82003c07fa1c64e3f75d59f3f4840f3ef9547ed0,validation
yt_0001_part_013,REAL,C:\Users\Harish\Downloads\AI deepfake detection\AI_VOICE_DEEPFAKE_DETECTION\data\processed\audio\yt_0001_part_013.npy,2.56,4.0,44100,16000,6ca3027a9cb8e2de50f67559b998fbdde336bd7734071e1b9de31eba072df6cb,validation
yt_0001_part_016,REAL,C:\Users\Harish\Downloads\AI deepfake detection\AI_VOICE_DEEPFAKE_DETECTION\data\processed\audio\yt_0001_part_016.npy,7.239,4.0,44100,16000,2bd6c05ed3ff77eb055fcaf132fe820c5370d99717ee51936169550b31c38bc9,validation
yt_0002_part_012,REAL,C:\Users\Harish\Downloads\AI deepfake detection\AI_VOICE_DEEPFAKE_DETECTION\data\processed\audio\yt_0002_part_012.npy,2.871,4.0,44100,16000,0a9fbfe67808f52da05169de13ce82747e5b2dbc9305c1a05db6d5d7fcaba929,validation
yt_0002_part_016,REAL,C:\Users\Harish\Downloads\AI deepfake detection\AI_VOICE_DEEPFAKE_DETECTION\data\processed\audio\yt_0002_part_016.npy,4.446,4.0,44100,16000,29f7c0ebd8179def28751e460f36275a68870581f00219a7172e0f07932546b0,validation
yt_0002_part_027,REAL,C:\Users\Harish\Downloads\AI deepfake detection\AI_VOICE_DEEPFAKE_DETECTION\data\processed\audio\yt_0002_part_027.npy,3.008,4.0,44100,16000,9c4c02371181d04b6b85f96d71b0b5d73d750f084f549a39f29cf77bd9238644,validation
yt_0003_part_002,REAL,C:\Users\Harish\Downloads\AI deepfake detection\AI_VOICE_DEEPFAKE_DETECTION\data\processed\audio\yt_0003_part_002.npy,2.765,4.0,44100,16000,f63dd51818a2e5c8159693332725c5ada28d980e2e07cbb537f1f68260eaf48f,validation
yt_0003_part_008,REAL,C:\Users\Harish\Downloads\AI deepfake detection\AI_VOICE_DEEPFAKE_DETECTION\data\processed\audio\yt_0003_part_008.npy,3.002,4.0,44100,16000,f42dc0925b6da230cf2e5e19c8c95e0e4fcd3879c3ab1bd16ec9ddb87b186d44,validation
yt_0004_part_007,REAL,C:\Users\Harish\Downloads\AI deepfake detection\AI_VOICE_DEEPFAKE_DETECTION\data\processed\audio\yt_0004_part_007.npy,5.292,4.0,44100,16000,5e0a8e0e1ee84b3ca8bad11193e643675dcd88cebf768d6abd0576a772e9e182,validation
yt_0004_part_021,REAL,C:\Users\Harish\Downloads\AI deepfake detection\AI_VOICE_DEEPFAKE_DETECTION\data\processed\audio\yt_0004_part_021.npy,2.825,4.0,44100,16000,917984e4ca3ca19f2e4a5ebaa8a8b771dc806bc9bd5c107942aebed035a38a3f,validation
yt_0004_part_031,REAL,C:\Users\Harish\Downloads\AI deepfake detection\AI_VOICE_DEEPFAKE_DETECTION\data\processed\audio\yt_0004_part_031.npy,8.004,4.0,44100,16000,837d4daa60e5a8dae1879b2216b25eb57e55349e99ebff77f1556b7948be8e58,validation
yt_0004_part_040,REAL,C:\Users\Harish\Downloads\AI deepfake detection\AI_VOICE_DEEPFAKE_DETECTION\data\processed\audio\yt_0004_part_040.npy,8.891,4.0,44100,16000,ab46d18892510c344f0e7e6b336f434233801c2e795202b39c2e6e15e142c335,validation
yt_0005_part_003,REAL,C:\Users\Harish\Downloads\AI deepfake detection\AI_VOICE_DEEPFAKE_DETECTION\data\processed\audio\yt_0005_part_003.npy,3.531,4.0,44100,16000,62beed4f5b36616848800f010c0c3ca8888943ebb51802f9fc297467537008b9,validation
yt_0005_part_017,REAL,C:\Users\Harish\Downloads\AI deepfake detection\AI_VOICE_DEEPFAKE_DETECTION\data\processed\audio\yt_0005_part_017.npy,5.402,4.0,44100,16000,7bad74bb1c9a650dfc5d2cecd123be686acd3412d540e06f6f626db2e415e10e,validation
yt_0005_part_026,REAL,C:\Users\Harish\Downloads\AI deepfake detection\AI_VOICE_DEEPFAKE_DETECTION\data\processed\audio\yt_0005_part_026.npy,2.891,4.0,44100,16000,6b208441a4d6c5e03ea27666b9cb6137157d6799f2e65c3943dc1af722a4c399,validation
yt_0006_p2_part_021,REAL,C:\Users\Harish\Downloads\AI deepfake detection\AI_VOICE_DEEPFAKE_DETECTION\data\processed\audio\yt_0006_p2_part_021.npy,7.104,4.0,44100,16000,dbfc9cf8338aa47195b135d5006cd9a2e61c7fe8424b0dd5bf3401ce3620821c,validation
yt_0006_p2_part_023,REAL,C:\Users\Harish\Downloads\AI deepfake detection\AI_VOICE_DEEPFAKE_DETECTION\data\processed\audio\yt_0006_p2_part_023.npy,7.105,4.0,44100,16000,04c7d95aa7922f6db7826fb463a3bf79da43de9ecaad053751a6304d2531c84a,validation
yt_0006_p2_part_024,REAL,C:\Users\Harish\Downloads\AI deepfake detection\AI_VOICE_DEEPFAKE_DETECTION\data\processed\audio\yt_0006_p2_part_024.npy,7.104,4.0,44100,16000,01f8bd4f244b7867e73febde4255876ad5df56227e4d3a97eea9dc99066d6b6d,validation
yt_0006_p2_part_026,REAL,C:\Users\Harish\Downloads\AI deepfake detection\AI_VOICE_DEEPFAKE_DETECTION\data\processed\audio\yt_0006_p2_part_026.npy,7.105,4.0,44100,16000,848ce65bad424d91dd33bd5c810e12162a11815637ff8fe49eba07de383b9dce,validation
yt_0006_p2_part_031,REAL,C:\Users\Harish\Downloads\AI deepfake detection\AI_VOICE_DEEPFAKE_DETECTION\data\processed\audio\yt_0006_p2_part_031.npy,7.105,4.0,44100,16000,e70effec255d010fba205c4fb88e9c5c80d19a8ed0a38368ce56ac171d6624e8,validation
yt_0006_p2_part_041,REAL,C:\Users\Harish\Downloads\AI deepfake detection\AI_VOICE_DEEPFAKE_DETECTION\data\processed\audio\yt_0006_p2_part_041.npy,6.941,4.0,44100,16000,cf6d249e78f03e33401a1eb4daedaa3944728c0905bcdd66f46ef42c64ce9f44,validation
yt_0006_p2_part_048,REAL,C:\Users\Harish\Downloads\AI deepfake detection\AI_VOICE_DEEPFAKE_DETECTION\data\processed\audio\yt_0006_p2_part_048.npy,6.291,4.0,44100,16000,372aeea031a1cd8de0ee9d1bd32ac1502dd4f4b88ad28373d4f145e231a6835c,validation
yt_0006_part_027,REAL,C:\Users\Harish\Downloads\AI deepfake detection\AI_VOICE_DEEPFAKE_DETECTION\data\processed\audio\yt_0006_part_027.npy,7.105,4.0,44100,16000,99a9a2f0ec2c4645473f9cd843cdb5899832cf6464534d283c20255184d172a1,validation
yt_0006_part_028,REAL,C:\Users\Harish\Downloads\AI deepfake detection\AI_VOICE_DEEPFAKE_DETECTION\data\processed\audio\yt_0006_part_028.npy,7.104,4.0,44100,16000,4271cfc29ec47f007086423bdaf61f744b605ac0ed8d7c8147ff4a671bafc744,validation
yt_0006_part_034,REAL,C:\Users\Harish\Downloads\AI deepfake detection\AI_VOICE_DEEPFAKE_DETECTION\data\processed\audio\yt_0006_part_034.npy,6.939,4.0,44100,16000,e1ac99ee9d2445872e52892a41ec163aebe1d6243ab1ed7cd33740bbd0f39eec,validation
yt_0007_p2_part_034,REAL,C:\Users\Harish\Downloads\AI deepfake detection\AI_VOICE_DEEPFAKE_DETECTION\data\processed\audio\yt_0007_p2_part_034.npy,6.488,4.0,44100,16000,ae3d4c7e69116f8a2e1e175798db35dbee81b857b647e024949a265768b6e62c,validation
yt_0007_part_010,REAL,C:\Users\Harish\Downloads\AI deepfake detection\AI_VOICE_DEEPFAKE_DETECTION\data\processed\audio\yt_0007_part_010.npy,3.026,4.0,44100,16000,a30992773073fb249c54f294d41cd0e3ad316f1bc7e22a90648d0a755dc0268f,validation
yt_0007_part_023,REAL,C:\Users\Harish\Downloads\AI deepfake detection\AI_VOICE_DEEPFAKE_DETECTION\data\processed\audio\yt_0007_part_023.npy,2.799,4.0,44100,16000,1746416577eb2855fe6193384dc63d14ff1dab48ab459f447618ccac2098a1a1,validation
yt_0008_part_009,REAL,C:\Users\Harish\Downloads\AI deepfake detection\AI_VOICE_DEEPFAKE_DETECTION\data\processed\audio\yt_0008_part_009.npy,2.525,4.0,44100,16000,a73f1fa44ec1298ebd663ab959ef0b091c71abb88e735d0be52bd7aec4cfc52b,validation
yt_0008_part_013,REAL,C:\Users\Harish\Downloads\AI deepfake detection\AI_VOICE_DEEPFAKE_DETECTION\data\processed\audio\yt_0008_part_013.npy,3.811,4.0,44100,16000,c5c9c31bddbc42d8fb365527b7a050f372e8ffdf64ecb84b4cfc9acf2a687e51,validation
yt_0008_part_024,REAL,C:\Users\Harish\Downloads\AI deepfake detection\AI_VOICE_DEEPFAKE_DETECTION\data\processed\audio\yt_0008_part_024.npy,9.371,4.0,44100,16000,b9852a819a745009555460f315d8dfe11231279896adeb51c6c45b6b3abaa5c5,validation
yt_0008_part_074,REAL,C:\Users\Harish\Downloads\AI deepfake detection\AI_VOICE_DEEPFAKE_DETECTION\data\processed\audio\yt_0008_part_074.npy,3.489,4.0,44100,16000,3cd767292216ea8ef48110120358722e834b133dcfaaf9285a703d40b86d863d,validation
yt_0008_part_075,REAL,C:\Users\Harish\Downloads\AI deepfake detection\AI_VOICE_DEEPFAKE_DETECTION\data\processed\audio\yt_0008_part_075.npy,6.316,4.0,44100,16000,21f13753456c0c3f0e00a95744b5070e8e4998bd92d50517b066075628130954,validation
yt_0008_part_083,REAL,C:\Users\Harish\Downloads\AI deepfake detection\AI_VOICE_DEEPFAKE_DETECTION\data\processed\audio\yt_0008_part_083.npy,10.169,4.0,44100,16000,80e0c0e62d86d61f42cb6621edab409c9d574971e03a7f901db6f027e1e1991f,validation
yt_0008_part_094,REAL,C:\Users\Harish\Downloads\AI deepfake detection\AI_VOICE_DEEPFAKE_DETECTION\data\processed\audio\yt_0008_part_094.npy,2.681,4.0,44100,16000,e934db64a989ccec19bb4c3667652f5cd3ae64a96532a6442b2e8e23576d8a4f,validation
yt_0008_part_095,REAL,C:\Users\Harish\Downloads\AI deepfake detection\AI_VOICE_DEEPFAKE_DETECTION\data\processed\audio\yt_0008_part_095.npy,4.835,4.0,44100,16000,e384026a3f4402548579e8e238beeb0839cd6d8fb1244cb82786552b7b346414,validation
yt_0008_part_121,REAL,C:\Users\Harish\Downloads\AI deepfake detection\AI_VOICE_DEEPFAKE_DETECTION\data\processed\audio\yt_0008_part_121.npy,4.346,4.0,44100,16000,cc7eebc05dd242a74d7cc59318e5e7d1e5a014dca79e762c8e610e20074bc16d,validation
yt_0008_part_129,REAL,C:\Users\Harish\Downloads\AI deepfake detection\AI_VOICE_DEEPFAKE_DETECTION\data\processed\audio\yt_0008_part_129.npy,3.171,4.0,44100,16000,364832fa6e4f3e79f66a2c4cb1c55a44fa8c40013e8b242b85440449eef821c3,validation
yt_0008_part_147,REAL,C:\Users\Harish\Downloads\AI deepfake detection\AI_VOICE_DEEPFAKE_DETECTION\data\processed\audio\yt_0008_part_147.npy,4.744,4.0,44100,16000,a6818b79f13d4c79638dad72fcafb352f52eb5795b6ec81623c1fadf9c727e1a,validation
yt_0008_part_148,REAL,C:\Users\Harish\Downloads\AI deepfake detection\AI_VOICE_DEEPFAKE_DETECTION\data\processed\audio\yt_0008_part_148.npy,5.932,4.0,44100,16000,c490a75b40a48470e77b257decb915dfe1c9126344161ea17f6ef9b7d7eb6d4e,validation
yt_0008_part_154,REAL,C:\Users\Harish\Downloads\AI deepfake detection\AI_VOICE_DEEPFAKE_DETECTION\data\processed\audio\yt_0008_part_154.npy,5.222,4.0,44100,16000,d3d3859ee99977c46261b736d1bb27384089d0d35cca9f2c60040214473f8a59,validation
yt_0008_part_158,REAL,C:\Users\Harish\Downloads\AI deepfake detection\AI_VOICE_DEEPFAKE_DETECTION\data\processed\audio\yt_0008_part_158.npy,3.774,4.0,44100,16000,e8f3b8e15dc5292309a498ff2f1950fc38ac69da29321467c9e83341ca8e6b65,validation
yt_0008_part_175,REAL,C:\Users\Harish\Downloads\AI deepfake detection\AI_VOICE_DEEPFAKE_DETECTION\data\processed\audio\yt_0008_part_175.npy,2.68,4.0,44100,16000,ece39f7f9cf3ef91369dd11cf12387df36a6c9ea443b16c91f5d337baa21bef1,validation
yt_0008_part_179,REAL,C:\Users\Harish\Downloads\AI deepfake detection\AI_VOICE_DEEPFAKE_DETECTION\data\processed\audio\yt_0008_part_179.npy,7.175,4.0,44100,16000,3e4901f6f09c0f482f60ef2d84b2e0a1a508d60957597e5ca481c70f04b01370,validation
yt_0008_part_188,REAL,C:\Users\Harish\Downloads\AI deepfake detection\AI_VOICE_DEEPFAKE_DETECTION\data\processed\audio\yt_0008_part_188.npy,5.582,4.0,44100,16000,72582d18771e19f2b642ed17367ec236d707c88dd6ff31e00e1023cda5301347,validation
yt_0008_part_199,REAL,C:\Users\Harish\Downloads\AI deepfake detection\AI_VOICE_DEEPFAKE_DETECTION\data\processed\audio\yt_0008_part_199.npy,2.661,4.0,44100,16000,defec0df8ec69c45b9608e8163e757f6d38ac7017ed221195893714a51209d99,validation
yt_0008_part_221,REAL,C:\Users\Harish\Downloads\AI deepfake detection\AI_VOICE_DEEPFAKE_DETECTION\data\processed\audio\yt_0008_part_221.npy,2.771,4.0,44100,16000,b931110ffc2eefa20cbfc3adc35882df9078bacccf0a31997732443d6bfdfb03,validation
yt_0008_part_227,REAL,C:\Users\Harish\Downloads\AI deepfake detection\AI_VOICE_DEEPFAKE_DETECTION\data\processed\audio\yt_0008_part_227.npy,5.234,4.0,44100,16000,b6f3ea60ee3a6e9c1a9d02b7a273e7cacb02e7a2153eb5777f55b1e2a04aef6a,validation
yt_0008_part_238,REAL,C:\Users\Harish\Downloads\AI deepfake detection\AI_VOICE_DEEPFAKE_DETECTION\data\processed\audio\yt_0008_part_238.npy,9.455,4.0,44100,16000,98494fd1926574decfad1805ca547afa585ff9ae4d6fb4010c5ca3dcefe47a3e,validation
yt_0008_part_239,REAL,C:\Users\Harish\Downloads\AI deepfake detection\AI_VOICE_DEEPFAKE_DETECTION\data\processed\audio\yt_0008_part_239.npy,2.956,4.0,44100,16000,2c57b6a49f2102dfb0d7e8163d10841aa9e4d36b8c94f5b6ad8f0d899a684221,validation
yt_0008_part_248,REAL,C:\Users\Harish\Downloads\AI deepfake detection\AI_VOICE_DEEPFAKE_DETECTION\data\processed\audio\yt_0008_part_248.npy,4.036,4.0,44100,16000,1ac9c1e6b6bd73d0203e0e059fd886f3969fd9efaad4deb879ec90e199c514cb,validation
yt_0009_part_002,REAL,C:\Users\Harish\Downloads\AI deepfake detection\AI_VOICE_DEEPFAKE_DETECTION\data\processed\audio\yt_0009_part_002.npy,5.122,4.0,44100,16000,feba36a4f74b8474a4287f1cf76fb07af32b9b752bd0cc129c537bc31642708e,validation
yt_0009_part_009,REAL,C:\Users\Harish\Downloads\AI deepfake detection\AI_VOICE_DEEPFAKE_DETECTION\data\processed\audio\yt_0009_part_009.npy,3.24,4.0,44100,16000,371a83dbf77a5e1649fb95a4561fb874e4aefb1ff28d74f51bdc8ead27ddfa8a,validation
yt_0009_part_044,REAL,C:\Users\Harish\Downloads\AI deepfake detection\AI_VOICE_DEEPFAKE_DETECTION\data\processed\audio\yt_0009_part_044.npy,5.524,4.0,44100,16000,80f577fccd0bf3b7160a2550f38c120f6726185253a52fd2b046d048cc6eda10,validation
yt_0009_part_050,REAL,C:\Users\Harish\Downloads\AI deepfake detection\AI_VOICE_DEEPFAKE_DETECTION\data\processed\audio\yt_0009_part_050.npy,6.481,4.0,44100,16000,0064463b7d69fc868763e204ce8c14cfe0cc64f20beb5fb23357e4d9a631d157,validation
yt_0009_part_058,REAL,C:\Users\Harish\Downloads\AI deepfake detection\AI_VOICE_DEEPFAKE_DETECTION\data\processed\audio\yt_0009_part_058.npy,2.679,4.0,44100,16000,249040280d1efbe5c1aec7ec5b0a1e4105190bd747afeb64c6f7055e5c729ca8,validation
yt_0009_part_059,REAL,C:\Users\Harish\Downloads\AI deepfake detection\AI_VOICE_DEEPFAKE_DETECTION\data\processed\audio\yt_0009_part_059.npy,8.907,4.0,44100,16000,b0d4644c58174169823dce0bff6f89f12286c0fa7fe61ec481f14547f24af840,validation
yt_0009_part_079,REAL,C:\Users\Harish\Downloads\AI deepfake detection\AI_VOICE_DEEPFAKE_DETECTION\data\processed\audio\yt_0009_part_079.npy,3.397,4.0,44100,16000,e93a49cf8515e10bd43fc9d8492b5e0a9f69af59b508142044c96493a5ec68fa,validation
yt_0009_part_137,REAL,C:\Users\Harish\Downloads\AI deepfake detection\AI_VOICE_DEEPFAKE_DETECTION\data\processed\audio\yt_0009_part_137.npy,3.876,4.0,44100,16000,68ff9cd2cce716559a6e9b74bca53761a9205252b8afdacd51af473276804bb0,validation
yt_0009_part_141,REAL,C:\Users\Harish\Downloads\AI deepfake detection\AI_VOICE_DEEPFAKE_DETECTION\data\processed\audio\yt_0009_part_141.npy,2.607,4.0,44100,16000,dfeff0349b04346bad68d65601b59565572c50ceff9dd1629e0a0a62c2c735a0,validation
yt_0009_part_156,REAL,C:\Users\Harish\Downloads\AI deepfake detection\AI_VOICE_DEEPFAKE_DETECTION\data\processed\audio\yt_0009_part_156.npy,3.11,4.0,44100,16000,74a5e24cf1b975235ba7b121645f8699950ed27b976c5e9b7150f22652634e7f,validation
yt_0009_part_160,REAL,C:\Users\Harish\Downloads\AI deepfake detection\AI_VOICE_DEEPFAKE_DETECTION\data\processed\audio\yt_0009_part_160.npy,2.981,4.0,44100,16000,21af0acb25c18989fdf8cc0237be350e707c1ccffc3f2a14878818e98c10a7a9,validation
yt_0009_part_176,REAL,C:\Users\Harish\Downloads\AI deepfake detection\AI_VOICE_DEEPFAKE_DETECTION\data\processed\audio\yt_0009_part_176.npy,3.08,4.0,44100,16000,7ceb4d3603067f45403eef9ab721bdb1afc0048aa14e5e22ad4c49aafeac840f,validation
yt_0009_part_180,REAL,C:\Users\Harish\Downloads\AI deepfake detection\AI_VOICE_DEEPFAKE_DETECTION\data\processed\audio\yt_0009_part_180.npy,3.315,4.0,44100,16000,03f28f18928d72d4778e96243e8bd33c9cf9694675eb921b2ef6656d41dadb5f,validation
yt_0009_part_181,REAL,C:\Users\Harish\Downloads\AI deepfake detection\AI_VOICE_DEEPFAKE_DETECTION\data\processed\audio\yt_0009_part_181.npy,3.324,4.0,44100,16000,8eab628eab5b72c9ea74ef037bd7eeccc6ce7de4e0640ea3bff36d62d378948b,validation
yt_0009_part_185,REAL,C:\Users\Harish\Downloads\AI deepfake detection\AI_VOICE_DEEPFAKE_DETECTION\data\processed\audio\yt_0009_part_185.npy,4.244,4.0,44100,16000,11d3f6386437d463817d17171dda70dc8d8b46f6d7f09b9fd39fac34829987ef,validation
yt_0009_part_187,REAL,C:\Users\Harish\Downloads\AI deepfake detection\AI_VOICE_DEEPFAKE_DETECTION\data\processed\audio\yt_0009_part_187.npy,2.909,4.0,44100,16000,be41ab31743d2908694c79a17851bfe7c7db06900d9c4d3c6f069152ed3853ff,validation
yt_0009_part_191,REAL,C:\Users\Harish\Downloads\AI deepfake detection\AI_VOICE_DEEPFAKE_DETECTION\data\processed\audio\yt_0009_part_191.npy,4.358,4.0,44100,16000,d8cf3f879028b3c4e15b4d7aae45d6468972a7362919df02237bd59d0b7b7781,validation
yt_0009_part_200,REAL,C:\Users\Harish\Downloads\AI deepfake detection\AI_VOICE_DEEPFAKE_DETECTION\data\processed\audio\yt_0009_part_200.npy,2.795,4.0,44100,16000,f2bc695aad80336c5ed9a660e9e43c345203b83592a3403d4c37ca0a30042eb2,validation
yt_0009_part_210,REAL,C:\Users\Harish\Downloads\AI deepfake detection\AI_VOICE_DEEPFAKE_DETECTION\data\processed\audio\yt_0009_part_210.npy,3.191,4.0,44100,16000,82acbf671752f743a0f4775fdbd016ea6366cd4379e7cca4ef25252bf22145c8,validation
yt_0009_part_215,REAL,C:\Users\Harish\Downloads\AI deepfake detection\AI_VOICE_DEEPFAKE_DETECTION\data\processed\audio\yt_0009_part_215.npy,2.598,4.0,44100,16000,96e56f076041cd9874f5951372a0503567279361984fbd416281a0c7732d2a11,validation
yt_0009_part_220,REAL,C:\Users\Harish\Downloads\AI deepfake detection\AI_VOICE_DEEPFAKE_DETECTION\data\processed\audio\yt_0009_part_220.npy,8.915,4.0,44100,16000,ef2a3f3cab2ee1c6849da17a3934d2ec5786ce90f3d17f224d5c19ed4b820515,validation
yt_0009_part_236,REAL,C:\Users\Harish\Downloads\AI deepfake detection\AI_VOICE_DEEPFAKE_DETECTION\data\processed\audio\yt_0009_part_236.npy,4.624,4.0,44100,16000,209a3e6da46495c5dc158cb9545bbdfafaf27b803cc960dd6eb2d78814d866b2,validation
yt_0009_part_237,REAL,C:\Users\Harish\Downloads\AI deepfake detection\AI_VOICE_DEEPFAKE_DETECTION\data\processed\audio\yt_0009_part_237.npy,5.896,4.0,44100,16000,c588ea3399757d70c3d96f273b5caea5cf7737580565fe2503ab70b9c3f32af2,validation
yt_0009_part_257,REAL,C:\Users\Harish\Downloads\AI deepfake detection\AI_VOICE_DEEPFAKE_DETECTION\data\processed\audio\yt_0009_part_257.npy,2.61,4.0,44100,16000,318921a086a0d928fdcdf64baac27d85505aa0cf607667cb575235415177b2ce,validation
yt_0009_part_263,REAL,C:\Users\Harish\Downloads\AI deepfake detection\AI_VOICE_DEEPFAKE_DETECTION\data\processed\audio\yt_0009_part_263.npy,3.692,4.0,44100,16000,f2594066176daa3e4622f252242602e8af42da97336b429c6ea5a6bc4daa2972,validation
yt_0009_part_264,REAL,C:\Users\Harish\Downloads\AI deepfake detection\AI_VOICE_DEEPFAKE_DETECTION\data\processed\audio\yt_0009_part_264.npy,4.195,4.0,44100,16000,712ab9745a4ce219a09ee0054f3309a5905e440c8d73fa179308627db740b442,validation
yt_0010_part_001,REAL,C:\Users\Harish\Downloads\AI deepfake detection\AI_VOICE_DEEPFAKE_DETECTION\data\processed\audio\yt_0010_part_001.npy,3.451,4.0,44100,16000,7c604f62700f88c69b68a9609b49ebd81f97f6a55d9a532580bbe67e14a037d9,validation
yt_0010_part_002,REAL,C:\Users\Harish\Downloads\AI deepfake detection\AI_VOICE_DEEPFAKE_DETECTION\data\processed\audio\yt_0010_part_002.npy,2.615,4.0,44100,16000,523b1b6133744e6a710ee591c49a2f908521aae28a76be60321ab13d7ad27355,validation
yt_0010_part_020,REAL,C:\Users\Harish\Downloads\AI deepfake detection\AI_VOICE_DEEPFAKE_DETECTION\data\processed\audio\yt_0010_part_020.npy,2.689,4.0,44100,16000,3f27eb2c8f293c1b8ab72dbbe598d16247c329de8125dd513e83e620700d9135,validation
yt_0010_part_032,REAL,C:\Users\Harish\Downloads\AI deepfake detection\AI_VOICE_DEEPFAKE_DETECTION\data\processed\audio\yt_0010_part_032.npy,3.428,4.0,44100,16000,44a271f12512e49d60d2e9907dfb21a6f0950f19c81183c140fe6ff15e515b19,validation
yt_0010_part_051,REAL,C:\Users\Harish\Downloads\AI deepfake detection\AI_VOICE_DEEPFAKE_DETECTION\data\processed\audio\yt_0010_part_051.npy,3.44,4.0,44100,16000,ee55b91212c3a060d6e1a3a1f73c3889ead5afcb7aa8ce5c9cffd87a120ddf89,validation
yt_0010_part_052,REAL,C:\Users\Harish\Downloads\AI deepfake detection\AI_VOICE_DEEPFAKE_DETECTION\data\processed\audio\yt_0010_part_052.npy,2.504,4.0,44100,16000,d3a6e370c3af8213193e951061e1724865a37c4c908a92a9b1ed4280c3932f47,validation
yt_0011_p2_part_181,REAL,C:\Users\Harish\Downloads\AI deepfake detection\AI_VOICE_DEEPFAKE_DETECTION\data\processed\audio\yt_0011_p2_part_181.npy,6.75,4.0,44100,16000,9c7b3b2c4c2a6b5a0dc1f0072be42514088af8537ea5cc57bfb90b417d36f8ce,validation
yt_0011_part_004,REAL,C:\Users\Harish\Downloads\AI deepfake detection\AI_VOICE_DEEPFAKE_DETECTION\data\processed\audio\yt_0011_part_004.npy,2.952,4.0,44100,16000,3da013fc6db7ec6ead1075a4d2e539fd667f79b849ac649b7107aa21c6b92f1f,validation
yt_0011_part_030,REAL,C:\Users\Harish\Downloads\AI deepfake detection\AI_VOICE_DEEPFAKE_DETECTION\data\processed\audio\yt_0011_part_030.npy,2.963,4.0,44100,16000,1086a581ecfd1e4c98a0c7bcfb6e53dcd4a6d8c29070a1852162e38c9b64cce8,validation
yt_0011_part_037,REAL,C:\Users\Harish\Downloads\AI deepfake detection\AI_VOICE_DEEPFAKE_DETECTION\data\processed\audio\yt_0011_part_037.npy,7.596,4.0,44100,16000,76dbf4a52b9ba7b4128c55a48d53668169ee955283f4999e3400d476c415dbab,validation
yt_0011_part_069,REAL,C:\Users\Harish\Downloads\AI deepfake detection\AI_VOICE_DEEPFAKE_DETECTION\data\processed\audio\yt_0011_part_069.npy,6.726,4.0,44100,16000,48959b24cf9795830d6bc24b41972b2c4d758839a5e12d5bafaf6bf62e2a0516,validation
yt_0011_part_078,REAL,C:\Users\Harish\Downloads\AI deepfake detection\AI_VOICE_DEEPFAKE_DETECTION\data\processed\audio\yt_0011_part_078.npy,5.135,4.0,44100,16000,724f7af404880ed354d5eb62ecd3e6fd61930097c84672e30f1dd94deca62833,validation
yt_0011_part_082,REAL,C:\Users\Harish\Downloads\AI deepfake detection\AI_VOICE_DEEPFAKE_DETECTION\data\processed\audio\yt_0011_part_082.npy,5.487,4.0,44100,16000,75c0b7107d3372c17449155138b3ce7f1f54904c07a00d17fe4d44c6ece9b491,validation
yt_0011_part_084,REAL,C:\Users\Harish\Downloads\AI deepfake detection\AI_VOICE_DEEPFAKE_DETECTION\data\processed\audio\yt_0011_part_084.npy,3.187,4.0,44100,16000,8487073bcd848345101b935490540062f0fa8b68336328c67ddfd1fe0b2ac77c,validation
yt_0011_part_091,REAL,C:\Users\Harish\Downloads\AI deepfake detection\AI_VOICE_DEEPFAKE_DETECTION\data\processed\audio\yt_0011_part_091.npy,3.008,4.0,44100,16000,91ee15c6104fa672b22fa84104a0eaab5437cb66f874293b32feca118c675f57,validation
yt_0011_part_095,REAL,C:\Users\Harish\Downloads\AI deepfake detection\AI_VOICE_DEEPFAKE_DETECTION\data\processed\audio\yt_0011_part_095.npy,3.506,4.0,44100,16000,41a1e75eba3de7a623559f7875d2819a0a91e05a437f59f63cef2a17b668bff6,validation
yt_0011_part_101,REAL,C:\Users\Harish\Downloads\AI deepfake detection\AI_VOICE_DEEPFAKE_DETECTION\data\processed\audio\yt_0011_part_101.npy,2.623,4.0,44100,16000,182a8f478ece58be33947bb6c9b32c2c6697a76da91a0dbc75f2c5f3302bd970,validation
yt_0011_part_129,REAL,C:\Users\Harish\Downloads\AI deepfake detection\AI_VOICE_DEEPFAKE_DETECTION\data\processed\audio\yt_0011_part_129.npy,7.449,4.0,44100,16000,c211cce017d778a085021d4db772f3a60a005ba807e27c5416c8f2e3819f614e,validation
yt_0011_part_147,REAL,C:\Users\Harish\Downloads\AI deepfake detection\AI_VOICE_DEEPFAKE_DETECTION\data\processed\audio\yt_0011_part_147.npy,3.443,4.0,44100,16000,2208838ca229a562364048de2c85c211a8ab6d1006bd007c073493d95eca7f6b,validation
yt_0011_part_152,REAL,C:\Users\Harish\Downloads\AI deepfake detection\AI_VOICE_DEEPFAKE_DETECTION\data\processed\audio\yt_0011_part_152.npy,4.125,4.0,44100,16000,65b220f4018aa61b58b5899bc03bb53908bdb78e124f6d91f0979fc91eccfeff,validation
yt_0011_part_162,REAL,C:\Users\Harish\Downloads\AI deepfake detection\AI_VOICE_DEEPFAKE_DETECTION\data\processed\audio\yt_0011_part_162.npy,4.932,4.0,44100,16000,7d82e5555576ad6256a37671b887f04c2ae838fdf6be964b4321fc5be7bcdbad,validation
yt_0011_part_169,REAL,C:\Users\Harish\Downloads\AI deepfake detection\AI_VOICE_DEEPFAKE_DETECTION\data\processed\audio\yt_0011_part_169.npy,2.77,4.0,44100,16000,a7bb4317683f6a732d874d052f73169c13caa78036440fa1b85aab82bef25e6c,validation
yt_0012_part_008,REAL,C:\Users\Harish\Downloads\AI deepfake detection\AI_VOICE_DEEPFAKE_DETECTION\data\processed\audio\yt_0012_part_008.npy,5.557,4.0,44100,16000,f2f67129dd64d8efa3d93c44a738be88596864b06f0758f4953f3c8dbe7d0a5e,validation
yt_0012_part_009,REAL,C:\Users\Harish\Downloads\AI deepfake detection\AI_VOICE_DEEPFAKE_DETECTION\data\processed\audio\yt_0012_part_009.npy,2.608,4.0,44100,16000,294e6fd38d025c4881ea6d6bf5386baeff894e7d95eaaea3e0eff023871783cd,validation
yt_0012_part_017,REAL,C:\Users\Harish\Downloads\AI deepfake detection\AI_VOICE_DEEPFAKE_DETECTION\data\processed\audio\yt_0012_part_017.npy,3.262,4.0,44100,16000,9126612e6ca8bfd69d262bb9c18a0f1feae10518504d2a891590c58b2c3704bb,validation
yt_0012_part_037,REAL,C:\Users\Harish\Downloads\AI deepfake detection\AI_VOICE_DEEPFAKE_DETECTION\data\processed\audio\yt_0012_part_037.npy,4.012,4.0,44100,16000,f14fe9822cb381a0de5c1cd3d2d37264a9f57e3bf3d0b4f28c7901f1b5174bc7,validation
yt_0012_part_045,REAL,C:\Users\Harish\Downloads\AI deepfake detection\AI_VOICE_DEEPFAKE_DETECTION\data\processed\audio\yt_0012_part_045.npy,4.424,4.0,44100,16000,c6f0584c28c2ea3a0bc5418b0fc569c6437bd74f60a562daee55d4f0d6913c6c,validation
yt_0012_part_053,REAL,C:\Users\Harish\Downloads\AI deepfake detection\AI_VOICE_DEEPFAKE_DETECTION\data\processed\audio\yt_0012_part_053.npy,6.744,4.0,44100,16000,76eca240bfab7829dafd5fefbf25629779bf3233d9d95f099fc62f8d0132dbb4,validation
yt_0012_part_054,REAL,C:\Users\Harish\Downloads\AI deepfake detection\AI_VOICE_DEEPFAKE_DETECTION\data\processed\audio\yt_0012_part_054.npy,4.254,4.0,44100,16000,16509a2ad2cb243c858aaef2e35d55b824c7ad75459fded7f8ae52434d31f511,validation
yt_0012_part_076,REAL,C:\Users\Harish\Downloads\AI deepfake detection\AI_VOICE_DEEPFAKE_DETECTION\data\processed\audio\yt_0012_part_076.npy,4.526,4.0,44100,16000,c847ede5def99078510a6f0dc11a30e9662b47d442d190514dc7ac0eb0a3def8,validation
yt_0012_part_092,REAL,C:\Users\Harish\Downloads\AI deepfake detection\AI_VOICE_DEEPFAKE_DETECTION\data\processed\audio\yt_0012_part_092.npy,5.422,4.0,44100,16000,d771261dcf2fe0c7e47e8addb31e60ac968ca961eecaabc1bae18db25d558520,validation
yt_0012_part_114,REAL,C:\Users\Harish\Downloads\AI deepfake detection\AI_VOICE_DEEPFAKE_DETECTION\data\processed\audio\yt_0012_part_114.npy,7.024,4.0,44100,16000,c8a2c930478974e9843241cf6b64ea9975d02c8f700573f750517e353f50ac45,validation
yt_0012_part_116,REAL,C:\Users\Harish\Downloads\AI deepfake detection\AI_VOICE_DEEPFAKE_DETECTION\data\processed\audio\yt_0012_part_116.npy,2.528,4.0,44100,16000,d2ac41086613bf00fda787b3ea5e0127ffbc608d0c1113a8631dd0921eb06404,validation
yt_0012_part_132,REAL,C:\Users\Harish\Downloads\AI deepfake detection\AI_VOICE_DEEPFAKE_DETECTION\data\processed\audio\yt_0012_part_132.npy,6.0,4.0,44100,16000,109ea81bbd14d5af0827181e755906e8da6427845e2bf9c8c4b10bad133a8bab,validation
yt_0012_part_144,REAL,C:\Users\Harish\Downloads\AI deepfake detection\AI_VOICE_DEEPFAKE_DETECTION\data\processed\audio\yt_0012_part_144.npy,3.414,4.0,44100,16000,e53ef8f1d2119e871273509b640365b182eb4cecd77de18ece29fded87b0062b,validation
yt_0012_part_158,REAL,C:\Users\Harish\Downloads\AI deepfake detection\AI_VOICE_DEEPFAKE_DETECTION\data\processed\audio\yt_0012_part_158.npy,6.952,4.0,44100,16000,5cccdc214030fb5d1321ab0f03f9c2d2f1a269faf1fd48381105808f88559328,validation
yt_0012_part_163,REAL,C:\Users\Harish\Downloads\AI deepfake detection\AI_VOICE_DEEPFAKE_DETECTION\data\processed\audio\yt_0012_part_163.npy,6.613,4.0,44100,16000,59951e8e5cfdd474da10637e2f3ab969f680c3d35e38a112cf5afbb62e229660,validation
yt_0013_p2_part_112,REAL,C:\Users\Harish\Downloads\AI deepfake detection\AI_VOICE_DEEPFAKE_DETECTION\data\processed\audio\yt_0013_p2_part_112.npy,6.768,4.0,44100,16000,8c3e9eb30eb618710c809a009f815e8d38c53a5138e705a7095af805626b148e,validation
yt_0013_part_016,REAL,C:\Users\Harish\Downloads\AI deepfake detection\AI_VOICE_DEEPFAKE_DETECTION\data\processed\audio\yt_0013_part_016.npy,2.513,4.0,44100,16000,efeaa26f4230e4becedb4a6b579b22ca0e3b7c3c2a1a2e0dcd31758794a65876,validation
yt_0013_part_019,REAL,C:\Users\Harish\Downloads\AI deepfake detection\AI_VOICE_DEEPFAKE_DETECTION\data\processed\audio\yt_0013_part_019.npy,2.726,4.0,44100,16000,662e1e63ede1552d5f8872bffa16aada0e5a8157eef0603348aeeb1b1f2f4b11,validation
yt_0013_part_020,REAL,C:\Users\Harish\Downloads\AI deepfake detection\AI_VOICE_DEEPFAKE_DETECTION\data\processed\audio\yt_0013_part_020.npy,3.216,4.0,44100,16000,68e569410d30b2278babfb75997cba0e2bc261bb7967bcd8cbe1d675dbbc9bc5,validation
yt_0013_part_031,REAL,C:\Users\Harish\Downloads\AI deepfake detection\AI_VOICE_DEEPFAKE_DETECTION\data\processed\audio\yt_0013_part_031.npy,2.586,4.0,44100,16000,935e583058a205433b6bc7cfddcdedd47dcd7fe8e80e181ebc21a82dd573bdcb,validation
yt_0013_part_033,REAL,C:\Users\Harish\Downloads\AI deepfake detection\AI_VOICE_DEEPFAKE_DETECTION\data\processed\audio\yt_0013_part_033.npy,3.596,4.0,44100,16000,a4388a458335eabc469dafd66f3a837c166a18adeb300940e8a3a2c6aca72177,validation
yt_0013_part_048,REAL,C:\Users\Harish\Downloads\AI deepfake detection\AI_VOICE_DEEPFAKE_DETECTION\data\processed\audio\yt_0013_part_048.npy,4.963,4.0,44100,16000,426b90cb26615c0eb5aabcd3867f5c6bdfeb11338e08d7dc610245886d661d8d,validation
yt_0013_part_057,REAL,C:\Users\Harish\Downloads\AI deepfake detection\AI_VOICE_DEEPFAKE_DETECTION\data\processed\audio\yt_0013_part_057.npy,3.191,4.0,44100,16000,c6821c94fabdfba7fd395007dec4661e48673387596dbadd366e11fb907791b5,validation
yt_0013_part_102,REAL,C:\Users\Harish\Downloads\AI deepfake detection\AI_VOICE_DEEPFAKE_DETECTION\data\processed\audio\yt_0013_part_102.npy,2.65,4.0,44100,16000,236909143042e5d212088ffba268b77b5be748d26930d216ff104ff58dfd1af1,validation
yt_0013_part_106,REAL,C:\Users\Harish\Downloads\AI deepfake detection\AI_VOICE_DEEPFAKE_DETECTION\data\processed\audio\yt_0013_part_106.npy,3.582,4.0,44100,16000,b7b780828dff58ce52ffaa5ef0a91ae32c679fab7dc0a093898d9eeffd94fdfe,validation
el_0003_part_002,FAKE,C:\Users\Harish\Downloads\AI deepfake detection\AI_VOICE_DEEPFAKE_DETECTION\data\processed\audio\el_0003_part_002.npy,2.564,4.0,16000,16000,9f1276600b564b7678d44267334712dd41772249a105ea448d5ccc309869dc1c,validation
el_0003_part_003,FAKE,C:\Users\Harish\Downloads\AI deepfake detection\AI_VOICE_DEEPFAKE_DETECTION\data\processed\audio\el_0003_part_003.npy,3.162,4.0,16000,16000,379db18d021b7abb380af9df750666698c9acca0af5b910b71e4c35e99fc2fc2,validation
el_0004_c_part_002,FAKE,C:\Users\Harish\Downloads\AI deepfake detection\AI_VOICE_DEEPFAKE_DETECTION\data\processed\audio\el_0004_c_part_002.npy,2.599,4.0,16000,16000,667c7771001ace6a71c3d46e099c4bd352da488d0d61730d23d1cc350db9016f,validation
el_0007_c_part_001,FAKE,C:\Users\Harish\Downloads\AI deepfake detection\AI_VOICE_DEEPFAKE_DETECTION\data\processed\audio\el_0007_c_part_001.npy,4.045,4.0,16000,16000,28dbe11765c1dc3262e5617eed6d799304688c97175e4f20b32176396b150aa9,validation
el_0009_c_part_012,FAKE,C:\Users\Harish\Downloads\AI deepfake detection\AI_VOICE_DEEPFAKE_DETECTION\data\processed\audio\el_0009_c_part_012.npy,3.228,4.0,16000,16000,0f558cd10f79f73cc6b5ef4c066c9ba528054e245ec250ead001a65868e20f60,validation
el_0009_c_part_013,FAKE,C:\Users\Harish\Downloads\AI deepfake detection\AI_VOICE_DEEPFAKE_DETECTION\data\processed\audio\el_0009_c_part_013.npy,3.411,4.0,16000,16000,7827a8ca2e7fe3197e1e0eeea9495fea28e8e83306b15d8d56360ec010ff34d3,validation
el_0010_c_part_016,FAKE,C:\Users\Harish\Downloads\AI deepfake detection\AI_VOICE_DEEPFAKE_DETECTION\data\processed\audio\el_0010_c_part_016.npy,3.177,4.0,16000,16000,e770be88f443b1b515bf22735606db6d32cf50284fe56e865e6001c0f00c98f0,validation
el_0010_c_part_018,FAKE,C:\Users\Harish\Downloads\AI deepfake detection\AI_VOICE_DEEPFAKE_DETECTION\data\processed\audio\el_0010_c_part_018.npy,2.583,4.0,16000,16000,498629c3129d9529f9f8e7514aa59e95a01142badf6cbbf16b77bea0c02fc107,validation
el_0010_c_part_020,FAKE,C:\Users\Harish\Downloads\AI deepfake detection\AI_VOICE_DEEPFAKE_DETECTION\data\processed\audio\el_0010_c_part_020.npy,3.309,4.0,16000,16000,4d7022f4a92cbc0aac4a2442b546fc2c7eeff8fb2e3e19b260353f6fd68a3457,validation
el_0011_c_part_016,FAKE,C:\Users\Harish\Downloads\AI deepfake detection\AI_VOICE_DEEPFAKE_DETECTION\data\processed\audio\el_0011_c_part_016.npy,3.082,4.0,16000,16000,c479a65992134849bd26a4e809c88f6d115bac743ed369d67d8b44fc3bddcf5b,validation
el_0011_part_004,FAKE,C:\Users\Harish\Downloads\AI deepfake detection\AI_VOICE_DEEPFAKE_DETECTION\data\processed\audio\el_0011_part_004.npy,2.565,4.0,16000,16000,d9b2a4b4ad8c85757701b42a57e88981bf37218ea664a3e80829181df4375d6d,validation
el_0011_part_007,FAKE,C:\Users\Harish\Downloads\AI deepfake detection\AI_VOICE_DEEPFAKE_DETECTION\data\processed\audio\el_0011_part_007.npy,3.863,4.0,16000,16000,240e1571024769e764231ee5db5b384a59fe6deeb6b2d8d2c6ead86f58ffc799,validation
el_0011_part_009,FAKE,C:\Users\Harish\Downloads\AI deepfake detection\AI_VOICE_DEEPFAKE_DETECTION\data\processed\audio\el_0011_part_009.npy,3.693,4.0,16000,16000,f49f495b1fd94bae191e74784c79d8490ab16121ae121a4a66801b32a20bbb8e,validation
el_0012_c_part_008,FAKE,C:\Users\Harish\Downloads\AI deepfake detection\AI_VOICE_DEEPFAKE_DETECTION\data\processed\audio\el_0012_c_part_008.npy,2.765,4.0,16000,16000,bf11cbc3fe1e8ec8dfa377566dfa8f6d360fac1287c4e4d27c34402a337cde06,validation
el_0012_c_part_009,FAKE,C:\Users\Harish\Downloads\AI deepfake detection\AI_VOICE_DEEPFAKE_DETECTION\data\processed\audio\el_0012_c_part_009.npy,3.2,4.0,16000,16000,93ac3ae2f290143537662aaeeaefa03e412959f2fdac18136fc758cc6a9309b4,validation
el_0012_part_003,FAKE,C:\Users\Harish\Downloads\AI deepfake detection\AI_VOICE_DEEPFAKE_DETECTION\data\processed\audio\el_0012_part_003.npy,3.454,4.0,16000,16000,dd85cea519ad45f8d4667ff8d95c29bc8f0a3793bf925a713cf1f86dc663099c,validation
el_0013_c_part_008,FAKE,C:\Users\Harish\Downloads\AI deepfake detection\AI_VOICE_DEEPFAKE_DETECTION\data\processed\audio\el_0013_c_part_008.npy,2.746,4.0,16000,16000,6486923347d86ce007d7b38ffbde90241b557a3ab6d33a8c20a1c93ed66d72a8,validation
el_0013_c_part_010,FAKE,C:\Users\Harish\Downloads\AI deepfake detection\AI_VOICE_DEEPFAKE_DETECTION\data\processed\audio\el_0013_c_part_010.npy,4.022,4.0,16000,16000,6556e45ff82adef0069cfa4070a464314d107795b9954d6d4e5e53792bbb299c,validation
el_0014_part_001,FAKE,C:\Users\Harish\Downloads\AI deepfake detection\AI_VOICE_DEEPFAKE_DETECTION\data\processed\audio\el_0014_part_001.npy,3.361,4.0,16000,16000,7613b9738e3d94dc94053d9e792c6acecaa3878706d4eea60945483cb19dd9d8,validation
el_0015_c_part_015,FAKE,C:\Users\Harish\Downloads\AI deepfake detection\AI_VOICE_DEEPFAKE_DETECTION\data\processed\audio\el_0015_c_part_015.npy,3.71,4.0,16000,16000,39040c6bbf36bb193e25853f6d8e713b2f77c00f707a4f7e95165adbaa10e489,validation
el_0015_c_part_021,FAKE,C:\Users\Harish\Downloads\AI deepfake detection\AI_VOICE_DEEPFAKE_DETECTION\data\processed\audio\el_0015_c_part_021.npy,4.328,4.0,16000,16000,46c5c4c3520d41007fb3c21db6f96894948e69991169683f70dffd1bfe4bfcaf,validation
el_0015_c_part_024,FAKE,C:\Users\Harish\Downloads\AI deepfake detection\AI_VOICE_DEEPFAKE_DETECTION\data\processed\audio\el_0015_c_part_024.npy,3.348,4.0,16000,16000,b8603910508ff900756ee80ad484c33de060bec8a126216903dffb7218e7d56a,validation
el_0015_part_001,FAKE,C:\Users\Harish\Downloads\AI deepfake detection\AI_VOICE_DEEPFAKE_DETECTION\data\processed\audio\el_0015_part_001.npy,2.952,4.0,16000,16000,92cf1b1047e23e248f69b4bf8167f4f60f65749b5c371583f3b5cff182fc6d66,validation
el_0016_part_001,FAKE,C:\Users\Harish\Downloads\AI deepfake detection\AI_VOICE_DEEPFAKE_DETECTION\data\processed\audio\el_0016_part_001.npy,4.903,4.0,16000,16000,ddd6e3401a2933b79828187d7a1915a8aed2ab41f7c6d369c7ec1f3f61148269,validation
el_0020_c_part_002,FAKE,C:\Users\Harish\Downloads\AI deepfake detection\AI_VOICE_DEEPFAKE_DETECTION\data\processed\audio\el_0020_c_part_002.npy,3.758,4.0,16000,16000,9702c7b4a63e3cc11ef3f675f360b28a7ac092cc8c53d7f5a567f5d018db4b98,validation
el_0021_c_part_002,FAKE,C:\Users\Harish\Downloads\AI deepfake detection\AI_VOICE_DEEPFAKE_DETECTION\data\processed\audio\el_0021_c_part_002.npy,3.758,4.0,16000,16000,9702c7b4a63e3cc11ef3f675f360b28a7ac092cc8c53d7f5a567f5d018db4b98,validation
el_0023_part_002,FAKE,C:\Users\Harish\Downloads\AI deepfake detection\AI_VOICE_DEEPFAKE_DETECTION\data\processed\audio\el_0023_part_002.npy,3.836,4.0,16000,16000,c1592aed05e67c842edf35b69f7b835221ae0ac06feada745242a16560c1ba7d,validation
hg_0002_part_002,FAKE,C:\Users\Harish\Downloads\AI deepfake detection\AI_VOICE_DEEPFAKE_DETECTION\data\processed\audio\hg_0002_part_002.npy,5.182,4.0,16000,16000,e4684d819931684eb471dbffa68215dbb8a29d495ed23ffe5d45e0e74a4e38c3,validation
hg_0005_part_001,FAKE,C:\Users\Harish\Downloads\AI deepfake detection\AI_VOICE_DEEPFAKE_DETECTION\data\processed\audio\hg_0005_part_001.npy,4.613,4.0,16000,16000,ebb76da4402b5b3e47f64e335e4a68ece8e4e3961a34737399510f34d01d73b0,validation
hg_0005_part_004,FAKE,C:\Users\Harish\Downloads\AI deepfake detection\AI_VOICE_DEEPFAKE_DETECTION\data\processed\audio\hg_0005_part_004.npy,2.61,4.0,16000,16000,d47c5878d89ce63b3ecc06dbbbad2c20a5521b06e2ef5c110590813eeccad6db,validation
hg_0009_c_part_005,FAKE,C:\Users\Harish\Downloads\AI deepfake detection\AI_VOICE_DEEPFAKE_DETECTION\data\processed\audio\hg_0009_c_part_005.npy,3.545,4.0,16000,16000,ec150af64134742491dd0821a7088bc00e58bfcacc386e008b8654a1934cf637,validation
hg_0010_part_001,FAKE,C:\Users\Harish\Downloads\AI deepfake detection\AI_VOICE_DEEPFAKE_DETECTION\data\processed\audio\hg_0010_part_001.npy,4.418,4.0,16000,16000,525f115348f3aaa348de6b3a9f3a412fa3b59a6ac3dc31c50098d584beb13c44,validation
hg_0010_part_004,FAKE,C:\Users\Harish\Downloads\AI deepfake detection\AI_VOICE_DEEPFAKE_DETECTION\data\processed\audio\hg_0010_part_004.npy,3.759,4.0,16000,16000,e1e3caded035e4812764a0547ac14bc2434560596fd71c674a804757f38517e5,validation
hg_0012_part_001,FAKE,C:\Users\Harish\Downloads\AI deepfake detection\AI_VOICE_DEEPFAKE_DETECTION\data\processed\audio\hg_0012_part_001.npy,9.908,4.0,16000,16000,dd914b1715f519aba5463cf41aada337f537d309b7238d977e4c45188cc42722,validation
hg_0012_part_004,FAKE,C:\Users\Harish\Downloads\AI deepfake detection\AI_VOICE_DEEPFAKE_DETECTION\data\processed\audio\hg_0012_part_004.npy,4.711,4.0,16000,16000,aefcc7f7b572498b434c90ef82af3124a7fe480391f26d52bb4b4e4195d505d2,validation
hg_0013_part_001,FAKE,C:\Users\Harish\Downloads\AI deepfake detection\AI_VOICE_DEEPFAKE_DETECTION\data\processed\audio\hg_0013_part_001.npy,5.432,4.0,16000,16000,0eb56d110f4274df2d2ad555f122fb0070be8445156dd84236fc65108e8a5085,validation
hg_0013_part_002,FAKE,C:\Users\Harish\Downloads\AI deepfake detection\AI_VOICE_DEEPFAKE_DETECTION\data\processed\audio\hg_0013_part_002.npy,3.411,4.0,16000,16000,9fbd32c75644b852403c475bdff37ce102471651a20005d332321986b16439a7,validation
hu_0001_c_part_013,FAKE,C:\Users\Harish\Downloads\AI deepfake detection\AI_VOICE_DEEPFAKE_DETECTION\data\processed\audio\hu_0001_c_part_013.npy,2.567,4.0,16000,16000,3b30fed7150f35a2a15e53ae6adc71c44a4824ca5ac44365b08f9761d6a6ada9,validation
hu_0001_c_part_015,FAKE,C:\Users\Harish\Downloads\AI deepfake detection\AI_VOICE_DEEPFAKE_DETECTION\data\processed\audio\hu_0001_c_part_015.npy,3.065,4.0,16000,16000,ca616644c14ff159b5bd9ce1d9cc8b3346d069badedc81454f54377f877361f5,validation
hu_0001_part_005,FAKE,C:\Users\Harish\Downloads\AI deepfake detection\AI_VOICE_DEEPFAKE_DETECTION\data\processed\audio\hu_0001_part_005.npy,2.846,4.0,16000,16000,5e3d1fcc4ca499e6807ff13c9dfb803fa4d8d44871342b4678a8895725899a84,validation
hu_0001_part_008,FAKE,C:\Users\Harish\Downloads\AI deepfake detection\AI_VOICE_DEEPFAKE_DETECTION\data\processed\audio\hu_0001_part_008.npy,2.661,4.0,16000,16000,70e991fb1a6ca36978863d97a086af845c5b5516ebbccf6c6c57921c7051dcb4,validation
hu_0002_part_003,FAKE,C:\Users\Harish\Downloads\AI deepfake detection\AI_VOICE_DEEPFAKE_DETECTION\data\processed\audio\hu_0002_part_003.npy,3.169,4.0,16000,16000,b57cb51b3af7001b6123dfd12b11bc5e9b5d62ee205828924a3f1a42871f868b,validation
hu_0002_part_005,FAKE,C:\Users\Harish\Downloads\AI deepfake detection\AI_VOICE_DEEPFAKE_DETECTION\data\processed\audio\hu_0002_part_005.npy,4.97,4.0,16000,16000,181bd1101f5f47057ffb2d4e6f5cc40e4b425eaedf8773b200d6ec0ffeab9789,validation
hu_0002_part_009,FAKE,C:\Users\Harish\Downloads\AI deepfake detection\AI_VOICE_DEEPFAKE_DETECTION\data\processed\audio\hu_0002_part_009.npy,2.904,4.0,16000,16000,ec636afff0ffd0bb1b41c3ca971e084c7edfbce6894fdcf63375f30b8ae5a555,validation
hu_0004_c_part_018,FAKE,C:\Users\Harish\Downloads\AI deepfake detection\AI_VOICE_DEEPFAKE_DETECTION\data\processed\audio\hu_0004_c_part_018.npy,3.436,4.0,16000,16000,f3421b2c8f7f566ebf9418afffff3e9a1ac8187c67a651dcf8974b5e90fc56fb,validation
hu_0004_part_005,FAKE,C:\Users\Harish\Downloads\AI deepfake detection\AI_VOICE_DEEPFAKE_DETECTION\data\processed\audio\hu_0004_part_005.npy,2.954,4.0,16000,16000,3b8a69e33baa9863d448766ebde09863c3e0084322db889583afed336bcbdcf3,validation
hu_0005_c_part_012,FAKE,C:\Users\Harish\Downloads\AI deepfake detection\AI_VOICE_DEEPFAKE_DETECTION\data\processed\audio\hu_0005_c_part_012.npy,3.212,4.0,16000,16000,c0dc092216c3815ed67e155c7c10d6f61745db4deeacf0bd88440ec4189f84cd,validation
hu_0005_c_part_013,FAKE,C:\Users\Harish\Downloads\AI deepfake detection\AI_VOICE_DEEPFAKE_DETECTION\data\processed\audio\hu_0005_c_part_013.npy,4.155,4.0,16000,16000,05b16708dd3117749eb49ee78d8b8bfea66a9e4e04dda05d0df9a983ca685e17,validation
hu_0005_part_004,FAKE,C:\Users\Harish\Downloads\AI deepfake detection\AI_VOICE_DEEPFAKE_DETECTION\data\processed\audio\hu_0005_part_004.npy,2.754,4.0,16000,16000,c0ae4276df80c7e02425af96cca36ff27aad332a04093f9b5712621acbe44e5b,validation
hu_0007_c_part_005,FAKE,C:\Users\Harish\Downloads\AI deepfake detection\AI_VOICE_DEEPFAKE_DETECTION\data\processed\audio\hu_0007_c_part_005.npy,4.213,4.0,16000,16000,073f290db7d4be3c55606c990c3fc6a6ca3b5e19f014306dce5e0893cb5b6692,validation
hu_0007_part_002,FAKE,C:\Users\Harish\Downloads\AI deepfake detection\AI_VOICE_DEEPFAKE_DETECTION\data\processed\audio\hu_0007_part_002.npy,2.742,4.0,16000,16000,2d28b5a91f1e1504293d954178f44b9e83828b18510824cff8ec2af1d7a406dd,validation
hu_0008_c_part_008,FAKE,C:\Users\Harish\Downloads\AI deepfake detection\AI_VOICE_DEEPFAKE_DETECTION\data\processed\audio\hu_0008_c_part_008.npy,3.099,4.0,16000,16000,32ec681d2a830d6a7a33eb7ba6336de2a0bda6a97aacf0faed84dbbd10f06c98,validation
hu_0009_c_part_013,FAKE,C:\Users\Harish\Downloads\AI deepfake detection\AI_VOICE_DEEPFAKE_DETECTION\data\processed\audio\hu_0009_c_part_013.npy,4.054,4.0,16000,16000,65545daf43c948831ee07d5bf59218990943129681bd8d2f6792f9a5e8091dee,validation
hu_0009_part_001,FAKE,C:\Users\Harish\Downloads\AI deepfake detection\AI_VOICE_DEEPFAKE_DETECTION\data\processed\audio\hu_0009_part_001.npy,4.313,4.0,16000,16000,7bff34215eded3066bc40846f8cf6e3c176c0f4b7b65d5165d31368993f3770f,validation
lv_0001_c_part_025,FAKE,C:\Users\Harish\Downloads\AI deepfake detection\AI_VOICE_DEEPFAKE_DETECTION\data\processed\audio\lv_0001_c_part_025.npy,4.297,4.0,16000,16000,7642a26731b072592ae221950a70e59343d293f529ce5c924379d458484f239b,validation
lv_0001_c_part_026,FAKE,C:\Users\Harish\Downloads\AI deepfake detection\AI_VOICE_DEEPFAKE_DETECTION\data\processed\audio\lv_0001_c_part_026.npy,2.848,4.0,16000,16000,685f006e68667ec3024589babd7837aa7fc893fbc973f461f6a0deef395d4861,validation
lv_0001_part_012,FAKE,C:\Users\Harish\Downloads\AI deepfake detection\AI_VOICE_DEEPFAKE_DETECTION\data\processed\audio\lv_0001_part_012.npy,3.341,4.0,16000,16000,c2169f980e006d5970f293566ad484b292479ee576d0ef2f70eff1e53d929dc3,validation
lv_0001_part_017,FAKE,C:\Users\Harish\Downloads\AI deepfake detection\AI_VOICE_DEEPFAKE_DETECTION\data\processed\audio\lv_0001_part_017.npy,5.861,4.0,16000,16000,d1a50cb935e554e62b89472fca89a338caf54873200a691e6b20b2e3398c2504,validation
lv_0002_c_part_022,FAKE,C:\Users\Harish\Downloads\AI deepfake detection\AI_VOICE_DEEPFAKE_DETECTION\data\processed\audio\lv_0002_c_part_022.npy,3.459,4.0,16000,16000,564aa5a655945b6bed66b9773ff21b87429404352799c8ddf409976879e3a003,validation
lv_0002_c_part_023,FAKE,C:\Users\Harish\Downloads\AI deepfake detection\AI_VOICE_DEEPFAKE_DETECTION\data\processed\audio\lv_0002_c_part_023.npy,3.692,4.0,16000,16000,1bc357215e811d6e088ae7a57ec713cb52b2d7676e3ce75c261c815e691138af,validation
lv_0002_part_008,FAKE,C:\Users\Harish\Downloads\AI deepfake detection\AI_VOICE_DEEPFAKE_DETECTION\data\processed\audio\lv_0002_part_008.npy,2.891,4.0,16000,16000,1e628033ec64e73cae12f5f85131c01d08a659c869c100609a0b454a1b5dff71,validation
lv_0003_c_part_018,FAKE,C:\Users\Harish\Downloads\AI deepfake detection\AI_VOICE_DEEPFAKE_DETECTION\data\processed\audio\lv_0003_c_part_018.npy,3.607,4.0,16000,16000,f0dc913e7be335feb5ed224e460241a41875d8b80034e35c0788df6f1032f2e7,validation
lv_0003_c_part_019,FAKE,C:\Users\Harish\Downloads\AI deepfake detection\AI_VOICE_DEEPFAKE_DETECTION\data\processed\audio\lv_0003_c_part_019.npy,3.682,4.0,16000,16000,7089c1ddb741245aad4ddd44f25026be766f31966ce58f1a07153b43422ae21b,validation
lv_0003_part_003,FAKE,C:\Users\Harish\Downloads\AI deepfake detection\AI_VOICE_DEEPFAKE_DETECTION\data\processed\audio\lv_0003_part_003.npy,3.655,4.0,16000,16000,0cce92d935eadda3e4cf6c0d1a41c5861ee3d9ef572db80f02df0b90f67b18fb,validation
lv_0003_part_007,FAKE,C:\Users\Harish\Downloads\AI deepfake detection\AI_VOICE_DEEPFAKE_DETECTION\data\processed\audio\lv_0003_part_007.npy,4.912,4.0,16000,16000,ca2f54c5c4bf05721ec2f5772380315047b633dbe39ec37313bdd06a2a76b31f,validation
lv_0003_part_008,FAKE,C:\Users\Harish\Downloads\AI deepfake detection\AI_VOICE_DEEPFAKE_DETECTION\data\processed\audio\lv_0003_part_008.npy,5.173,4.0,16000,16000,db3b11724419ceb52b5f2714eda0812ceb1d9b7fff872c7de0851cec8bb65cbd,validation
lv_0004_part_010,FAKE,C:\Users\Harish\Downloads\AI deepfake detection\AI_VOICE_DEEPFAKE_DETECTION\data\processed\audio\lv_0004_part_010.npy,2.83,4.0,16000,16000,094cc096001839b5e46ee327a200d38a38cf6ac5c801e415fefcdaca5c2a88b0,validation
lv_0004_part_015,FAKE,C:\Users\Harish\Downloads\AI deepfake detection\AI_VOICE_DEEPFAKE_DETECTION\data\processed\audio\lv_0004_part_015.npy,5.735,4.0,16000,16000,45a77bc76de21a436678f6c0a44ea1f23f0bedf878e73985f0e6bc1d226ad069,validation
lv_0005_c_part_017,FAKE,C:\Users\Harish\Downloads\AI deepfake detection\AI_VOICE_DEEPFAKE_DETECTION\data\processed\audio\lv_0005_c_part_017.npy,2.827,4.0,16000,16000,0ddeb92572468d086f46d6384eae9070dfb0ca15cccc3e5b057a4e481dd127f8,validation
lv_0005_c_part_025,FAKE,C:\Users\Harish\Downloads\AI deepfake detection\AI_VOICE_DEEPFAKE_DETECTION\data\processed\audio\lv_0005_c_part_025.npy,3.229,4.0,16000,16000,a776bd1da4d80d6ea336714dc0cf832e6275e92d0b94dac01eed035dbec41277,validation
lv_0005_part_008,FAKE,C:\Users\Harish\Downloads\AI deepfake detection\AI_VOICE_DEEPFAKE_DETECTION\data\processed\audio\lv_0005_part_008.npy,2.872,4.0,16000,16000,847cdeb74eeda2bd168a3bd2cfa64f929fcea7cd33efe2d8f109ff814fa2caa1,validation
lv_0005_part_009,FAKE,C:\Users\Harish\Downloads\AI deepfake detection\AI_VOICE_DEEPFAKE_DETECTION\data\processed\audio\lv_0005_part_009.npy,4.862,4.0,16000,16000,ebdfe0944c9edebafbabc914462c38bdc58176dab3597e741968e4eb5ffa9f8e,validation
lv_0005_part_011,FAKE,C:\Users\Harish\Downloads\AI deepfake detection\AI_VOICE_DEEPFAKE_DETECTION\data\processed\audio\lv_0005_part_011.npy,3.363,4.0,16000,16000,738b212319d02d2c50260e46e831fe2f5f295415ae14f0916c5ad877dc741bfd,validation
lv_0005_part_015,FAKE,C:\Users\Harish\Downloads\AI deepfake detection\AI_VOICE_DEEPFAKE_DETECTION\data\processed\audio\lv_0005_part_015.npy,5.927,4.0,16000,16000,89fddb39a2c366dab0efcb3ff33fa5ac78756bf6b5db3cac616a212cc97ed244,validation
lv_0006_part_002,FAKE,C:\Users\Harish\Downloads\AI deepfake detection\AI_VOICE_DEEPFAKE_DETECTION\data\processed\audio\lv_0006_part_002.npy,2.809,4.0,16000,16000,567ca10fc4ea1188a1fb9de697846cbd7cca6a097b5394dfa5ac907bc6d586da,validation
lv_0006_part_004,FAKE,C:\Users\Harish\Downloads\AI deepfake detection\AI_VOICE_DEEPFAKE_DETECTION\data\processed\audio\lv_0006_part_004.npy,3.034,4.0,16000,16000,914c337ea8d4f83f206e1bbf7757d01705673e9cc76f11b81b140c87a2dca92e,validation
lv_0006_part_011,FAKE,C:\Users\Harish\Downloads\AI deepfake detection\AI_VOICE_DEEPFAKE_DETECTION\data\processed\audio\lv_0006_part_011.npy,4.162,4.0,16000,16000,2b51b03e15453e25727edeb26dc90840530abfa885abb773b555547920db4c21,validation
po_0001_c_part_001,FAKE,C:\Users\Harish\Downloads\AI deepfake detection\AI_VOICE_DEEPFAKE_DETECTION\data\processed\audio\po_0001_c_part_001.npy,3.052,4.0,16000,16000,9ef46b0e96a307de651c9205d2592d4972924c34bb3e298d7ffe7e313f85b7d0,validation
po_0005_c_part_007,FAKE,C:\Users\Harish\Downloads\AI deepfake detection\AI_VOICE_DEEPFAKE_DETECTION\data\processed\audio\po_0005_c_part_007.npy,3.279,4.0,16000,16000,12945928d564459ef9d7e9eb782377e07b42f1e0a38ba9a2c67219cc0fd80e4d,validation
po_0005_c_part_010,FAKE,C:\Users\Harish\Downloads\AI deepfake detection\AI_VOICE_DEEPFAKE_DETECTION\data\processed\audio\po_0005_c_part_010.npy,3.988,4.0,16000,16000,0f53ad34dd6feceb4b8747b67a1d75189d6936dfaf2c2b73717ee0c0ff4b4e5b,validation
po_0006_part_001,FAKE,C:\Users\Harish\Downloads\AI deepfake detection\AI_VOICE_DEEPFAKE_DETECTION\data\processed\audio\po_0006_part_001.npy,4.326,4.0,16000,16000,eec5259ec8f32806c6ced692ef801b596771df51c016258c6a6dabfe1210e854,validation
po_0006_part_004,FAKE,C:\Users\Harish\Downloads\AI deepfake detection\AI_VOICE_DEEPFAKE_DETECTION\data\processed\audio\po_0006_part_004.npy,2.779,4.0,16000,16000,0ab11f1cb95b8819c0038882a3a38296265e310f5652f130d2f13ae91cf49ba8,validation
po_0007_c_part_011,FAKE,C:\Users\Harish\Downloads\AI deepfake detection\AI_VOICE_DEEPFAKE_DETECTION\data\processed\audio\po_0007_c_part_011.npy,4.323,4.0,16000,16000,6fe6a8a219b039b8f34de95f3534f4ce9cec30d7b2bad63412c5ea0da8cf8176,validation
po_0007_c_part_015,FAKE,C:\Users\Harish\Downloads\AI deepfake detection\AI_VOICE_DEEPFAKE_DETECTION\data\processed\audio\po_0007_c_part_015.npy,3.826,4.0,16000,16000,a2eee5d1df1989a02e0a6e1b7b495f1360eb6b4898c513fc1c4e7344f94bec64,validation
po_0008_c_part_014,FAKE,C:\Users\Harish\Downloads\AI deepfake detection\AI_VOICE_DEEPFAKE_DETECTION\data\processed\audio\po_0008_c_part_014.npy,3.634,4.0,16000,16000,3e3a39312b608c6a8f5d7ebfdcff0046fc0ae5c90181fb1453298fa2e1420145,validation
po_0008_c_part_015,FAKE,C:\Users\Harish\Downloads\AI deepfake detection\AI_VOICE_DEEPFAKE_DETECTION\data\processed\audio\po_0008_c_part_015.npy,3.618,4.0,16000,16000,8abfa9f237397f05e0b4501e7ae512b7cd7285d338e098394d6cbe29e849839c,validation
po_0012_part_001,FAKE,C:\Users\Harish\Downloads\AI deepfake detection\AI_VOICE_DEEPFAKE_DETECTION\data\processed\audio\po_0012_part_001.npy,2.508,4.0,16000,16000,4aa6dc044653a7b3c1836fd7428d26d7c024a80752d1869756ad557c58dfbb6a,validation
po_0019_part_001,FAKE,C:\Users\Harish\Downloads\AI deepfake detection\AI_VOICE_DEEPFAKE_DETECTION\data\processed\audio\po_0019_part_001.npy,8.28,4.0,16000,16000,e1f867591fc4e143e83daf5e1f91e08efb29af524bc7119d5db695fd2654c1c1,validation
po_0020_part_001,FAKE,C:\Users\Harish\Downloads\AI deepfake detection\AI_VOICE_DEEPFAKE_DETECTION\data\processed\audio\po_0020_part_001.npy,2.81,4.0,16000,16000,ed08f1d7481ff5bbbc488c8cad94c9247a63c0cb1eea55734afe01cbccdcbe99,validation
po_0023_part_001,FAKE,C:\Users\Harish\Downloads\AI deepfake detection\AI_VOICE_DEEPFAKE_DETECTION\data\processed\audio\po_0023_part_001.npy,4.984,4.0,16000,16000,5eb4b95f7b5fd86eb4da93bcd410248184721f824667692707d481e398372da8,validation
po_0024_part_001,FAKE,C:\Users\Harish\Downloads\AI deepfake detection\AI_VOICE_DEEPFAKE_DETECTION\data\processed\audio\po_0024_part_001.npy,4.523,4.0,16000,16000,01c6caf25450e9b940822d11908a1ec067fe3df7291dc593eb26b75729653fc2,validation
po_0026_part_004,FAKE,C:\Users\Harish\Downloads\AI deepfake detection\AI_VOICE_DEEPFAKE_DETECTION\data\processed\audio\po_0026_part_004.npy,4.089,4.0,16000,16000,deaf01e598e7ab85edf711096f43b47805168914a14d019c1f70a7fdadb1553d,validation
po_0026_part_005,FAKE,C:\Users\Harish\Downloads\AI deepfake detection\AI_VOICE_DEEPFAKE_DETECTION\data\processed\audio\po_0026_part_005.npy,3.288,4.0,16000,16000,9cfc5f0dbeea41f7457313cd8c73ff43576bfacd5e3e4ddcafb1580202ffb905,validation
po_0028_part_002,FAKE,C:\Users\Harish\Downloads\AI deepfake detection\AI_VOICE_DEEPFAKE_DETECTION\data\processed\audio\po_0028_part_002.npy,3.921,4.0,16000,16000,f100046af66d9909352b4ba86779439cf525335b444df46795b1db12c0df0270,validation
po_0028_part_004,FAKE,C:\Users\Harish\Downloads\AI deepfake detection\AI_VOICE_DEEPFAKE_DETECTION\data\processed\audio\po_0028_part_004.npy,2.874,4.0,16000,16000,9983d1a62448437fd81c2c7b9663bd6f2e5d278899ed9fa5480e299bc03cbcb7,validation
po_0029_part_001,FAKE,C:\Users\Harish\Downloads\AI deepfake detection\AI_VOICE_DEEPFAKE_DETECTION\data\processed\audio\po_0029_part_001.npy,3.225,4.0,16000,16000,352f75e6a812cdc2dbf4b478af40b2926db76758e2b90fbecba38170f7697d73,validation
po_0030_c_part_010,FAKE,C:\Users\Harish\Downloads\AI deepfake detection\AI_VOICE_DEEPFAKE_DETECTION\data\processed\audio\po_0030_c_part_010.npy,4.261,4.0,16000,16000,5e475aae8c9976b8d8085958331a28ad5a2f937a84c13b063e0a0d03feb4d21e,validation
po_0030_c_part_012,FAKE,C:\Users\Harish\Downloads\AI deepfake detection\AI_VOICE_DEEPFAKE_DETECTION\data\processed\audio\po_0030_c_part_012.npy,3.243,4.0,16000,16000,ff303b5ff42b85f9c5fd34edacab90a7882fa2e5d750bf0b4fc231bf2cfc1d23,validation
po_0030_part_008,FAKE,C:\Users\Harish\Downloads\AI deepfake detection\AI_VOICE_DEEPFAKE_DETECTION\data\processed\audio\po_0030_part_008.npy,4.641,4.0,16000,16000,ecd86eba81aee973e7ed8867f8e1fa1745aa91d591475794c962c8ecfd1c3b03,validation
po_0031_c_part_012,FAKE,C:\Users\Harish\Downloads\AI deepfake detection\AI_VOICE_DEEPFAKE_DETECTION\data\processed\audio\po_0031_c_part_012.npy,4.327,4.0,16000,16000,7dadb00d5dcf79a798b0e9d0613204327bb9f729bd458e4ff4b532984aad3927,validation
po_0031_part_001,FAKE,C:\Users\Harish\Downloads\AI deepfake detection\AI_VOICE_DEEPFAKE_DETECTION\data\processed\audio\po_0031_part_001.npy,5.235,4.0,16000,16000,874e9a3dd3fda4f0a2c058bb4872e007b4d953b97777fe6a187364288ad91fd8,validation
po_0031_part_004,FAKE,C:\Users\Harish\Downloads\AI deepfake detection\AI_VOICE_DEEPFAKE_DETECTION\data\processed\audio\po_0031_part_004.npy,2.873,4.0,16000,16000,5d4c692f419d48786ed5fde5c5000d12f858046e1f3885c03fdaa723dddeff73,validation
po_0031_part_007,FAKE,C:\Users\Harish\Downloads\AI deepfake detection\AI_VOICE_DEEPFAKE_DETECTION\data\processed\audio\po_0031_part_007.npy,4.879,4.0,16000,16000,a6d23164f8f543e2f0af4842ac53bd1020bbad64de80439c4daf8bd170439df0,validation
po_0032_part_001,FAKE,C:\Users\Harish\Downloads\AI deepfake detection\AI_VOICE_DEEPFAKE_DETECTION\data\processed\audio\po_0032_part_001.npy,2.614,4.0,16000,16000,09457e7aa82a9e216b62fed0ee15f8a6a17bb1feef81cf980cda875c134d3d8b,validation
po_0032_part_007,FAKE,C:\Users\Harish\Downloads\AI deepfake detection\AI_VOICE_DEEPFAKE_DETECTION\data\processed\audio\po_0032_part_007.npy,4.093,4.0,16000,16000,d131b8523b508b772bb3445977aaf808d51ccaf33d8e23428d90081dbd08fe36,validation
po_0033_part_002,FAKE,C:\Users\Harish\Downloads\AI deepfake detection\AI_VOICE_DEEPFAKE_DETECTION\data\processed\audio\po_0033_part_002.npy,3.124,4.0,16000,16000,534ceaf03e9a41a23b422858a293b2d38f4640f8f751a8e97c718006f0ff4d58,validation
po_0033_part_007,FAKE,C:\Users\Harish\Downloads\AI deepfake detection\AI_VOICE_DEEPFAKE_DETECTION\data\processed\audio\po_0033_part_007.npy,3.345,4.0,16000,16000,6cdee14ee890b2d12de86f25606c6ce750934a6e2d34b9b3a718bf2197b6828e,validation
po_0034_c_part_013,FAKE,C:\Users\Harish\Downloads\AI deepfake detection\AI_VOICE_DEEPFAKE_DETECTION\data\processed\audio\po_0034_c_part_013.npy,4.186,4.0,16000,16000,4c028f50f3098ddcc7480ae984fdf1020636ce5d20bfb06176883d793a709838,validation
po_0034_part_006,FAKE,C:\Users\Harish\Downloads\AI deepfake detection\AI_VOICE_DEEPFAKE_DETECTION\data\processed\audio\po_0034_part_006.npy,3.33,4.0,16000,16000,8ca59a28ba863e2917688d1286e38121ef7e0cb408e105e59ede7db2c035d8ea,validation
sp_0001_c_part_025,FAKE,C:\Users\Harish\Downloads\AI deepfake detection\AI_VOICE_DEEPFAKE_DETECTION\data\processed\audio\sp_0001_c_part_025.npy,4.297,4.0,16000,16000,7642a26731b072592ae221950a70e59343d293f529ce5c924379d458484f239b,validation
sp_0001_c_part_026,FAKE,C:\Users\Harish\Downloads\AI deepfake detection\AI_VOICE_DEEPFAKE_DETECTION\data\processed\audio\sp_0001_c_part_026.npy,2.848,4.0,16000,16000,685f006e68667ec3024589babd7837aa7fc893fbc973f461f6a0deef395d4861,validation
sp_0001_part_012,FAKE,C:\Users\Harish\Downloads\AI deepfake detection\AI_VOICE_DEEPFAKE_DETECTION\data\processed\audio\sp_0001_part_012.npy,3.341,4.0,16000,16000,c2169f980e006d5970f293566ad484b292479ee576d0ef2f70eff1e53d929dc3,validation
sp_0001_part_017,FAKE,C:\Users\Harish\Downloads\AI deepfake detection\AI_VOICE_DEEPFAKE_DETECTION\data\processed\audio\sp_0001_part_017.npy,5.861,4.0,16000,16000,d1a50cb935e554e62b89472fca89a338caf54873200a691e6b20b2e3398c2504,validation
sp_0002_c_part_022,FAKE,C:\Users\Harish\Downloads\AI deepfake detection\AI_VOICE_DEEPFAKE_DETECTION\data\processed\audio\sp_0002_c_part_022.npy,3.459,4.0,16000,16000,564aa5a655945b6bed66b9773ff21b87429404352799c8ddf409976879e3a003,validation
sp_0002_c_part_023,FAKE,C:\Users\Harish\Downloads\AI deepfake detection\AI_VOICE_DEEPFAKE_DETECTION\data\processed\audio\sp_0002_c_part_023.npy,3.692,4.0,16000,16000,1bc357215e811d6e088ae7a57ec713cb52b2d7676e3ce75c261c815e691138af,validation
sp_0002_part_008,FAKE,C:\Users\Harish\Downloads\AI deepfake detection\AI_VOICE_DEEPFAKE_DETECTION\data\processed\audio\sp_0002_part_008.npy,2.891,4.0,16000,16000,1e628033ec64e73cae12f5f85131c01d08a659c869c100609a0b454a1b5dff71,validation
sp_0003_c_part_018,FAKE,C:\Users\Harish\Downloads\AI deepfake detection\AI_VOICE_DEEPFAKE_DETECTION\data\processed\audio\sp_0003_c_part_018.npy,3.607,4.0,16000,16000,f0dc913e7be335feb5ed224e460241a41875d8b80034e35c0788df6f1032f2e7,validation
sp_0003_c_part_019,FAKE,C:\Users\Harish\Downloads\AI deepfake detection\AI_VOICE_DEEPFAKE_DETECTION\data\processed\audio\sp_0003_c_part_019.npy,3.682,4.0,16000,16000,7089c1ddb741245aad4ddd44f25026be766f31966ce58f1a07153b43422ae21b,validation
sp_0003_part_007,FAKE,C:\Users\Harish\Downloads\AI deepfake detection\AI_VOICE_DEEPFAKE_DETECTION\data\processed\audio\sp_0003_part_007.npy,4.912,4.0,16000,16000,ca2f54c5c4bf05721ec2f5772380315047b633dbe39ec37313bdd06a2a76b31f,validation
sp_0003_part_008,FAKE,C:\Users\Harish\Downloads\AI deepfake detection\AI_VOICE_DEEPFAKE_DETECTION\data\processed\audio\sp_0003_part_008.npy,5.173,4.0,16000,16000,db3b11724419ceb52b5f2714eda0812ceb1d9b7fff872c7de0851cec8bb65cbd,validation
sp_0004_part_010,FAKE,C:\Users\Harish\Downloads\AI deepfake detection\AI_VOICE_DEEPFAKE_DETECTION\data\processed\audio\sp_0004_part_010.npy,2.83,4.0,16000,16000,094cc096001839b5e46ee327a200d38a38cf6ac5c801e415fefcdaca5c2a88b0,validation
sp_0004_part_015,FAKE,C:\Users\Harish\Downloads\AI deepfake detection\AI_VOICE_DEEPFAKE_DETECTION\data\processed\audio\sp_0004_part_015.npy,5.735,4.0,16000,16000,45a77bc76de21a436678f6c0a44ea1f23f0bedf878e73985f0e6bc1d226ad069,validation
sp_0005_c_part_007,FAKE,C:\Users\Harish\Downloads\AI deepfake detection\AI_VOICE_DEEPFAKE_DETECTION\data\processed\audio\sp_0005_c_part_007.npy,3.279,4.0,16000,16000,12945928d564459ef9d7e9eb782377e07b42f1e0a38ba9a2c67219cc0fd80e4d,validation
sp_0005_c_part_010,FAKE,C:\Users\Harish\Downloads\AI deepfake detection\AI_VOICE_DEEPFAKE_DETECTION\data\processed\audio\sp_0005_c_part_010.npy,3.988,4.0,16000,16000,0f53ad34dd6feceb4b8747b67a1d75189d6936dfaf2c2b73717ee0c0ff4b4e5b,validation
sp_0005_c_part_017,FAKE,C:\Users\Harish\Downloads\AI deepfake detection\AI_VOICE_DEEPFAKE_DETECTION\data\processed\audio\sp_0005_c_part_017.npy,2.827,4.0,16000,16000,0ddeb92572468d086f46d6384eae9070dfb0ca15cccc3e5b057a4e481dd127f8,validation
sp_0005_c_part_025,FAKE,C:\Users\Harish\Downloads\AI deepfake detection\AI_VOICE_DEEPFAKE_DETECTION\data\processed\audio\sp_0005_c_part_025.npy,3.229,4.0,16000,16000,a776bd1da4d80d6ea336714dc0cf832e6275e92d0b94dac01eed035dbec41277,validation
sp_0005_part_008,FAKE,C:\Users\Harish\Downloads\AI deepfake detection\AI_VOICE_DEEPFAKE_DETECTION\data\processed\audio\sp_0005_part_008.npy,2.872,4.0,16000,16000,847cdeb74eeda2bd168a3bd2cfa64f929fcea7cd33efe2d8f109ff814fa2caa1,validation
sp_0005_part_009,FAKE,C:\Users\Harish\Downloads\AI deepfake detection\AI_VOICE_DEEPFAKE_DETECTION\data\processed\audio\sp_0005_part_009.npy,4.862,4.0,16000,16000,ebdfe0944c9edebafbabc914462c38bdc58176dab3597e741968e4eb5ffa9f8e,validation
sp_0005_part_011,FAKE,C:\Users\Harish\Downloads\AI deepfake detection\AI_VOICE_DEEPFAKE_DETECTION\data\processed\audio\sp_0005_part_011.npy,3.363,4.0,16000,16000,738b212319d02d2c50260e46e831fe2f5f295415ae14f0916c5ad877dc741bfd,validation
sp_0005_part_015,FAKE,C:\Users\Harish\Downloads\AI deepfake detection\AI_VOICE_DEEPFAKE_DETECTION\data\processed\audio\sp_0005_part_015.npy,5.927,4.0,16000,16000,89fddb39a2c366dab0efcb3ff33fa5ac78756bf6b5db3cac616a212cc97ed244,validation
sp_0006_part_001,FAKE,C:\Users\Harish\Downloads\AI deepfake detection\AI_VOICE_DEEPFAKE_DETECTION\data\processed\audio\sp_0006_part_001.npy,4.326,4.0,16000,16000,eec5259ec8f32806c6ced692ef801b596771df51c016258c6a6dabfe1210e854,validation
sp_0006_part_004,FAKE,C:\Users\Harish\Downloads\AI deepfake detection\AI_VOICE_DEEPFAKE_DETECTION\data\processed\audio\sp_0006_part_004.npy,2.779,4.0,16000,16000,0ab11f1cb95b8819c0038882a3a38296265e310f5652f130d2f13ae91cf49ba8,validation
sp_0006_part_011,FAKE,C:\Users\Harish\Downloads\AI deepfake detection\AI_VOICE_DEEPFAKE_DETECTION\data\processed\audio\sp_0006_part_011.npy,4.162,4.0,16000,16000,2b51b03e15453e25727edeb26dc90840530abfa885abb773b555547920db4c21,validation
sp_0007_c_part_011,FAKE,C:\Users\Harish\Downloads\AI deepfake detection\AI_VOICE_DEEPFAKE_DETECTION\data\processed\audio\sp_0007_c_part_011.npy,4.323,4.0,16000,16000,6fe6a8a219b039b8f34de95f3534f4ce9cec30d7b2bad63412c5ea0da8cf8176,validation
sp_0007_c_part_015,FAKE,C:\Users\Harish\Downloads\AI deepfake detection\AI_VOICE_DEEPFAKE_DETECTION\data\processed\audio\sp_0007_c_part_015.npy,3.826,4.0,16000,16000,a2eee5d1df1989a02e0a6e1b7b495f1360eb6b4898c513fc1c4e7344f94bec64,validation
sp_0008_c_part_014,FAKE,C:\Users\Harish\Downloads\AI deepfake detection\AI_VOICE_DEEPFAKE_DETECTION\data\processed\audio\sp_0008_c_part_014.npy,3.634,4.0,16000,16000,3e3a39312b608c6a8f5d7ebfdcff0046fc0ae5c90181fb1453298fa2e1420145,validation
sp_0008_c_part_015,FAKE,C:\Users\Harish\Downloads\AI deepfake detection\AI_VOICE_DEEPFAKE_DETECTION\data\processed\audio\sp_0008_c_part_015.npy,3.618,4.0,16000,16000,8abfa9f237397f05e0b4501e7ae512b7cd7285d338e098394d6cbe29e849839c,validation
yt_0000_part_003,REAL,C:\Users\Harish\Downloads\AI deepfake detection\AI_VOICE_DEEPFAKE_DETECTION\data\processed\audio\yt_0000_part_003.npy,3.721,4.0,44100,16000,579f0523982f7a69adc30930780d6b13dbbf0329b4ff905c5f2f3eaf79584fd6,test
yt_0000_part_004,REAL,C:\Users\Harish\Downloads\AI deepfake detection\AI_VOICE_DEEPFAKE_DETECTION\data\processed\audio\yt_0000_part_004.npy,4.447,4.0,44100,16000,c578b1bf47d41fbf177275ad08d9f2c7f38feab109a25719c0bd163fc6de8584,test
yt_0000_part_021,REAL,C:\Users\Harish\Downloads\AI deepfake detection\AI_VOICE_DEEPFAKE_DETECTION\data\processed\audio\yt_0000_part_021.npy,5.546,4.0,44100,16000,885c23290e09faf21038a7fd81a9feb8ffb8bcc8ee68b0e1f761e59f8421dce9,test
yt_0000_part_027,REAL,C:\Users\Harish\Downloads\AI deepfake detection\AI_VOICE_DEEPFAKE_DETECTION\data\processed\audio\yt_0000_part_027.npy,4.615,4.0,44100,16000,b7549e717cb84cc1dfea062d401ee9e6dbda43f2c34ad5f61061baccd4a11a70,test
yt_0000_part_048,REAL,C:\Users\Harish\Downloads\AI deepfake detection\AI_VOICE_DEEPFAKE_DETECTION\data\processed\audio\yt_0000_part_048.npy,3.285,4.0,44100,16000,37c2bdf0e5b9a77e2d49ddb7eaa6c780d122deef6460396fb8d920a6ae748cfd,test
yt_0000_part_051,REAL,C:\Users\Harish\Downloads\AI deepfake detection\AI_VOICE_DEEPFAKE_DETECTION\data\processed\audio\yt_0000_part_051.npy,3.325,4.0,44100,16000,90527c169d5d13cf43a2d1a53c6ae6e5910f197568e595f8835052d9fae7d4e7,test
yt_0000_part_085,REAL,C:\Users\Harish\Downloads\AI deepfake detection\AI_VOICE_DEEPFAKE_DETECTION\data\processed\audio\yt_0000_part_085.npy,11.185,4.0,44100,16000,496d44d1a998eee78dd08ff08c49bf30789b4de1015a80a904d9bf2383f81f46,test
yt_0000_part_087,REAL,C:\Users\Harish\Downloads\AI deepfake detection\AI_VOICE_DEEPFAKE_DETECTION\data\processed\audio\yt_0000_part_087.npy,2.632,4.0,44100,16000,0925b68549b810a109797f2c83fc49e112cecc9759f7fb86dacfba1cc7144401,test
yt_0000_part_091,REAL,C:\Users\Harish\Downloads\AI deepfake detection\AI_VOICE_DEEPFAKE_DETECTION\data\processed\audio\yt_0000_part_091.npy,2.792,4.0,44100,16000,ce789e7657bcb352a260dd15650b833a2e3e74cf45f814cb4a1b5db023cf8243,test
yt_0000_part_098,REAL,C:\Users\Harish\Downloads\AI deepfake detection\AI_VOICE_DEEPFAKE_DETECTION\data\processed\audio\yt_0000_part_098.npy,2.74,4.0,44100,16000,dcc748ded9a06128492992a7b09c4a04895f8eb8e0bf1cec964f2737db59bd99,test
yt_0000_part_104,REAL,C:\Users\Harish\Downloads\AI deepfake detection\AI_VOICE_DEEPFAKE_DETECTION\data\processed\audio\yt_0000_part_104.npy,3.514,4.0,44100,16000,7427cf2b07a57c6febaa7c35b01a4b3a8afa59b203b8dc86ce5cb4ded4e95c7c,test
yt_0000_part_116,REAL,C:\Users\Harish\Downloads\AI deepfake detection\AI_VOICE_DEEPFAKE_DETECTION\data\processed\audio\yt_0000_part_116.npy,3.146,4.0,44100,16000,8a3877563b6a80eef043853f08c34689cde0ab521942d4d8767f5c97d93fe391,test
yt_0000_part_122,REAL,C:\Users\Harish\Downloads\AI deepfake detection\AI_VOICE_DEEPFAKE_DETECTION\data\processed\audio\yt_0000_part_122.npy,3.234,4.0,44100,16000,7ff2bea78181c7841c733693220dcdd706aea256bb4733634cd0515ead376b30,test
yt_0000_part_126,REAL,C:\Users\Harish\Downloads\AI deepfake detection\AI_VOICE_DEEPFAKE_DETECTION\data\processed\audio\yt_0000_part_126.npy,12.132,4.0,44100,16000,f2cdf53df9ad66ccdbbbc0e1ef05b47c0a167bb39b118fded4327aafc82ead04,test
yt_0000_part_127,REAL,C:\Users\Harish\Downloads\AI deepfake detection\AI_VOICE_DEEPFAKE_DETECTION\data\processed\audio\yt_0000_part_127.npy,5.594,4.0,44100,16000,cddb09ec702c518f79185188d5d772b09c650cf442dfc8a1fd78663a67e166d4,test
yt_0000_part_130,REAL,C:\Users\Harish\Downloads\AI deepfake detection\AI_VOICE_DEEPFAKE_DETECTION\data\processed\audio\yt_0000_part_130.npy,3.137,4.0,44100,16000,623e60585d2ef61007110421c1e86b405f87e0606fcf3ba08b6d32cd70e1b09a,test
yt_0001_part_019,REAL,C:\Users\Harish\Downloads\AI deepfake detection\AI_VOICE_DEEPFAKE_DETECTION\data\processed\audio\yt_0001_part_019.npy,4.975,4.0,44100,16000,14a8145879e3b18d3e4dc7c0e7c7d3f37d4b6d05329fbce14751085f1331fec0,test
yt_0001_part_021,REAL,C:\Users\Harish\Downloads\AI deepfake detection\AI_VOICE_DEEPFAKE_DETECTION\data\processed\audio\yt_0001_part_021.npy,3.758,4.0,44100,16000,de5038d96bf90becbe0434c8a0692fcc0473d3f536bb3274722da1bde243b909,test
yt_0002_part_006,REAL,C:\Users\Harish\Downloads\AI deepfake detection\AI_VOICE_DEEPFAKE_DETECTION\data\processed\audio\yt_0002_part_006.npy,4.161,4.0,44100,16000,fd114fb7459a74a8b0ef67aaaec747c0e28cd59000d9f0a360376bcf50d9ae19,test
yt_0002_part_028,REAL,C:\Users\Harish\Downloads\AI deepfake detection\AI_VOICE_DEEPFAKE_DETECTION\data\processed\audio\yt_0002_part_028.npy,3.237,4.0,44100,16000,1a336bdbc768aed68f96d206c28b2a51019b43c2d4a38db415e9c34b6295be69,test
yt_0003_part_006,REAL,C:\Users\Harish\Downloads\AI deepfake detection\AI_VOICE_DEEPFAKE_DETECTION\data\processed\audio\yt_0003_part_006.npy,2.618,4.0,44100,16000,7af5386b20190f1ddc42d71ef3b48b2276d3bbfb2ae170c769114edc9860361c,test
yt_0003_part_022,REAL,C:\Users\Harish\Downloads\AI deepfake detection\AI_VOICE_DEEPFAKE_DETECTION\data\processed\audio\yt_0003_part_022.npy,4.985,4.0,44100,16000,d3d2496e96b45c560533bd9dba6604d4c74cf79cb7e1a0bc19f6fde744b7f32f,test
yt_0004_part_022,REAL,C:\Users\Harish\Downloads\AI deepfake detection\AI_VOICE_DEEPFAKE_DETECTION\data\processed\audio\yt_0004_part_022.npy,2.947,4.0,44100,16000,6d8886720016c189cf7fc4c32b5e4c79487eab98d426bb74753cd775958de923,test
yt_0004_part_023,REAL,C:\Users\Harish\Downloads\AI deepfake detection\AI_VOICE_DEEPFAKE_DETECTION\data\processed\audio\yt_0004_part_023.npy,3.052,4.0,44100,16000,2cde8e9ece67975f2bfd2368e6531362664b79ba7c8322c93b4de7d53c1f6c24,test
yt_0004_part_028,REAL,C:\Users\Harish\Downloads\AI deepfake detection\AI_VOICE_DEEPFAKE_DETECTION\data\processed\audio\yt_0004_part_028.npy,2.808,4.0,44100,16000,3d449a2234566a109fd019b9be3df1b3f387a23e0d2b6bbb56469a85a2ebb945,test
yt_0004_part_038,REAL,C:\Users\Harish\Downloads\AI deepfake detection\AI_VOICE_DEEPFAKE_DETECTION\data\processed\audio\yt_0004_part_038.npy,3.113,4.0,44100,16000,7b4a4d3f8817b6135ba862db8cd5767888c86a372d1769a82df575e6981dc6fb,test
yt_0005_part_005,REAL,C:\Users\Harish\Downloads\AI deepfake detection\AI_VOICE_DEEPFAKE_DETECTION\data\processed\audio\yt_0005_part_005.npy,4.28,4.0,44100,16000,11b1b7ec57321fc3e17b2b9c8a5876a36565965f9977ed40b59fc4bc169865ad,test
yt_0005_part_014,REAL,C:\Users\Harish\Downloads\AI deepfake detection\AI_VOICE_DEEPFAKE_DETECTION\data\processed\audio\yt_0005_part_014.npy,3.626,4.0,44100,16000,4e25a0f04bef890505268da11a7216a5404a5ff254b2d18e9148970de14b49fd,test
yt_0005_part_019,REAL,C:\Users\Harish\Downloads\AI deepfake detection\AI_VOICE_DEEPFAKE_DETECTION\data\processed\audio\yt_0005_part_019.npy,4.047,4.0,44100,16000,9eedbde528e2afc3f3e274282d8c53a5fb8b046e5574bf80f5dc840f5dc3df26,test
yt_0006_p2_part_013,REAL,C:\Users\Harish\Downloads\AI deepfake detection\AI_VOICE_DEEPFAKE_DETECTION\data\processed\audio\yt_0006_p2_part_013.npy,6.826,4.0,44100,16000,feffe0e5441d8f9942308820832b69e54b46480b438e13f0b4e96b85a870818d,test
yt_0006_p2_part_040,REAL,C:\Users\Harish\Downloads\AI deepfake detection\AI_VOICE_DEEPFAKE_DETECTION\data\processed\audio\yt_0006_p2_part_040.npy,6.941,4.0,44100,16000,755e4a66a084c0749f1bea172923331ab1f3f2a2ba94dfef9c3164e43ca5d3c7,test
yt_0006_p2_part_042,REAL,C:\Users\Harish\Downloads\AI deepfake detection\AI_VOICE_DEEPFAKE_DETECTION\data\processed\audio\yt_0006_p2_part_042.npy,6.941,4.0,44100,16000,cd7b0028c8995b9df6f1313f18e7c6938871d7d7dcbbaa57847a532b1ad6df7f,test
yt_0006_p2_part_052,REAL,C:\Users\Harish\Downloads\AI deepfake detection\AI_VOICE_DEEPFAKE_DETECTION\data\processed\audio\yt_0006_p2_part_052.npy,6.589,4.0,44100,16000,593049e5d59d416b9af7fc16008063fa5a821e5772477e745127c7f06b5d6c2c,test
yt_0006_part_011,REAL,C:\Users\Harish\Downloads\AI deepfake detection\AI_VOICE_DEEPFAKE_DETECTION\data\processed\audio\yt_0006_part_011.npy,6.825,4.0,44100,16000,f67b4d3b2387ec7163d028f6d4aa49bf78afaa8418dd16e6d406b454fd83b83c,test
yt_0006_part_013,REAL,C:\Users\Harish\Downloads\AI deepfake detection\AI_VOICE_DEEPFAKE_DETECTION\data\processed\audio\yt_0006_part_013.npy,7.104,4.0,44100,16000,eaa57b82092031196309dd5ed0d592d3a7bfaf7f90f5867f0cf89ff6d4d5507f,test
yt_0006_part_029,REAL,C:\Users\Harish\Downloads\AI deepfake detection\AI_VOICE_DEEPFAKE_DETECTION\data\processed\audio\yt_0006_part_029.npy,7.105,4.0,44100,16000,06dde83874438ef925f0a1a0f2faaa40567ba862aef677e6ba64b333863308ec,test
yt_0006_part_031,REAL,C:\Users\Harish\Downloads\AI deepfake detection\AI_VOICE_DEEPFAKE_DETECTION\data\processed\audio\yt_0006_part_031.npy,6.795,4.0,44100,16000,8b54d2efb357a0c4abb0fe6bcc6090a96bbef0aa43c439337aba18ffdf0edab7,test
yt_0006_part_042,REAL,C:\Users\Harish\Downloads\AI deepfake detection\AI_VOICE_DEEPFAKE_DETECTION\data\processed\audio\yt_0006_part_042.npy,6.939,4.0,44100,16000,ca22816208b25b781de24f2dc0372812198bb921904196211379ce37a0436b20,test
yt_0006_part_047,REAL,C:\Users\Harish\Downloads\AI deepfake detection\AI_VOICE_DEEPFAKE_DETECTION\data\processed\audio\yt_0006_part_047.npy,6.289,4.0,44100,16000,219b3df1147b0b31aafe2fe30f477dc2d8c50c51da1b64e9bbc10bff4d222960,test
yt_0006_part_051,REAL,C:\Users\Harish\Downloads\AI deepfake detection\AI_VOICE_DEEPFAKE_DETECTION\data\processed\audio\yt_0006_part_051.npy,6.589,4.0,44100,16000,593049e5d59d416b9af7fc16008063fa5a821e5772477e745127c7f06b5d6c2c,test
yt_0007_p2_part_031,REAL,C:\Users\Harish\Downloads\AI deepfake detection\AI_VOICE_DEEPFAKE_DETECTION\data\processed\audio\yt_0007_p2_part_031.npy,6.957,4.0,44100,16000,e00a4ff2c749d2ef3afbab68b8bff3e0696968536fc00e7a2e2f4da89c4a2d0d,test
yt_0007_part_013,REAL,C:\Users\Harish\Downloads\AI deepfake detection\AI_VOICE_DEEPFAKE_DETECTION\data\processed\audio\yt_0007_part_013.npy,8.162,4.0,44100,16000,21084baa10f51bd610290bcf2e25e6e6d196c3113bbaed985f9f44624bef360c,test
yt_0007_part_033,REAL,C:\Users\Harish\Downloads\AI deepfake detection\AI_VOICE_DEEPFAKE_DETECTION\data\processed\audio\yt_0007_part_033.npy,6.6,4.0,44100,16000,a8ad5ba546d9c647b9ed20541c79498cbe8fba65a0fe8975d9804d2515eb0adb,test
yt_0008_p2_part_258,REAL,C:\Users\Harish\Downloads\AI deepfake detection\AI_VOICE_DEEPFAKE_DETECTION\data\processed\audio\yt_0008_p2_part_258.npy,6.596,4.0,44100,16000,85bf56ab4fc45d5bbf24c4e5f6f0c1608126da04bcdf71b015aa86e7a203d523,test
yt_0008_p2_part_259,REAL,C:\Users\Harish\Downloads\AI deepfake detection\AI_VOICE_DEEPFAKE_DETECTION\data\processed\audio\yt_0008_p2_part_259.npy,6.596,4.0,44100,16000,c89cf5add400b72d3c1c71891ee185ff7bd8af06e9dde24f4af47fc63264d16f,test
yt_0008_part_002,REAL,C:\Users\Harish\Downloads\AI deepfake detection\AI_VOICE_DEEPFAKE_DETECTION\data\processed\audio\yt_0008_part_002.npy,2.63,4.0,44100,16000,9d3c583f9456c7e504e1f624e9d310adf7a7a0729a0c55fe4da313998aea7d19,test
yt_0008_part_007,REAL,C:\Users\Harish\Downloads\AI deepfake detection\AI_VOICE_DEEPFAKE_DETECTION\data\processed\audio\yt_0008_part_007.npy,3.677,4.0,44100,16000,23bca9730ad96b02752d2fa41b28454ba279dcc0ff518cac518891a0174bd09e,test
yt_0008_part_010,REAL,C:\Users\Harish\Downloads\AI deepfake detection\AI_VOICE_DEEPFAKE_DETECTION\data\processed\audio\yt_0008_part_010.npy,3.171,4.0,44100,16000,0f2a20101a8f621373c294e6cb9876db33ebe310e1d9238a8cba339df3cebcac,test
yt_0008_part_032,REAL,C:\Users\Harish\Downloads\AI deepfake detection\AI_VOICE_DEEPFAKE_DETECTION\data\processed\audio\yt_0008_part_032.npy,3.554,4.0,44100,16000,c2eb421c3bd86cec5ce863c03b67aae96f5c9533cd5a70adaec845d139d76b30,test
yt_0008_part_045,REAL,C:\Users\Harish\Downloads\AI deepfake detection\AI_VOICE_DEEPFAKE_DETECTION\data\processed\audio\yt_0008_part_045.npy,3.193,4.0,44100,16000,54f14da84bea2125359688208b42f44f1e6de73ce974391dd4ac6b22be23e2eb,test
yt_0008_part_054,REAL,C:\Users\Harish\Downloads\AI deepfake detection\AI_VOICE_DEEPFAKE_DETECTION\data\processed\audio\yt_0008_part_054.npy,2.935,4.0,44100,16000,66cad98df77d129455c69f937dc9726d1c45eea84c8e8cd979419505d7b2a1bc,test
yt_0008_part_061,REAL,C:\Users\Harish\Downloads\AI deepfake detection\AI_VOICE_DEEPFAKE_DETECTION\data\processed\audio\yt_0008_part_061.npy,3.098,4.0,44100,16000,2dae8f85ce3bf47ebc2f07206d48f462a36a967266cbe133cd9f8bbfbf20a867,test
yt_0008_part_084,REAL,C:\Users\Harish\Downloads\AI deepfake detection\AI_VOICE_DEEPFAKE_DETECTION\data\processed\audio\yt_0008_part_084.npy,3.545,4.0,44100,16000,edde809b1dc50af7c537bb68900c7942c596952ccc1d97fcb5c80fa5767ba881,test
yt_0008_part_089,REAL,C:\Users\Harish\Downloads\AI deepfake detection\AI_VOICE_DEEPFAKE_DETECTION\data\processed\audio\yt_0008_part_089.npy,5.847,4.0,44100,16000,b0120a8bb02d3a03210826ae48e4ad55b9ed96262b791394cf84773c00e5eab1,test
yt_0008_part_124,REAL,C:\Users\Harish\Downloads\AI deepfake detection\AI_VOICE_DEEPFAKE_DETECTION\data\processed\audio\yt_0008_part_124.npy,4.585,4.0,44100,16000,6038f92578f6f0eff04d845dc83e318c7435e2d47968fb671f682ff0ce3c1d6f,test
yt_0008_part_127,REAL,C:\Users\Harish\Downloads\AI deepfake detection\AI_VOICE_DEEPFAKE_DETECTION\data\processed\audio\yt_0008_part_127.npy,2.502,4.0,44100,16000,ec1d3ba1f4c215b8f968c93f0fca02722f36e61e116d4b2509cbcf2b7f0f5831,test
yt_0008_part_138,REAL,C:\Users\Harish\Downloads\AI deepfake detection\AI_VOICE_DEEPFAKE_DETECTION\data\processed\audio\yt_0008_part_138.npy,5.043,4.0,44100,16000,514330fc2a5ee3172da45833ac516f8364900658543cc3bbc3bcbdb0b7ea3b52,test
yt_0008_part_142,REAL,C:\Users\Harish\Downloads\AI deepfake detection\AI_VOICE_DEEPFAKE_DETECTION\data\processed\audio\yt_0008_part_142.npy,4.454,4.0,44100,16000,0919d35bd9a0693c25789f415fb1a18dbdaebdc3beb2c0cc36839379b071cf9f,test
yt_0008_part_150,REAL,C:\Users\Harish\Downloads\AI deepfake detection\AI_VOICE_DEEPFAKE_DETECTION\data\processed\audio\yt_0008_part_150.npy,4.046,4.0,44100,16000,4db526a50deaae5cf07a6467be685238a2507d6dad0f6bd884b5d42a05a39e63,test
yt_0008_part_178,REAL,C:\Users\Harish\Downloads\AI deepfake detection\AI_VOICE_DEEPFAKE_DETECTION\data\processed\audio\yt_0008_part_178.npy,2.874,4.0,44100,16000,e91ce388f427a1b93adc70d7dc158462a4e8a62cc1de8efc72a6ed7e2796dfe1,test
yt_0008_part_203,REAL,C:\Users\Harish\Downloads\AI deepfake detection\AI_VOICE_DEEPFAKE_DETECTION\data\processed\audio\yt_0008_part_203.npy,7.987,4.0,44100,16000,3943deb45c0eb69f6cc04d4d0f118b2682fbcef25458d20fd51112afc9dc4e40,test
yt_0008_part_223,REAL,C:\Users\Harish\Downloads\AI deepfake detection\AI_VOICE_DEEPFAKE_DETECTION\data\processed\audio\yt_0008_part_223.npy,5.169,4.0,44100,16000,7500b3278134daacb719fb5cef010c5aa0da06a4c26bff1a586e9b1e03e54916,test
yt_0008_part_230,REAL,C:\Users\Harish\Downloads\AI deepfake detection\AI_VOICE_DEEPFAKE_DETECTION\data\processed\audio\yt_0008_part_230.npy,2.76,4.0,44100,16000,b8151ce852a19786aec28a583a955dca943dc6bc844f5d4b8a5dd45027b119e9,test
yt_0008_part_231,REAL,C:\Users\Harish\Downloads\AI deepfake detection\AI_VOICE_DEEPFAKE_DETECTION\data\processed\audio\yt_0008_part_231.npy,3.245,4.0,44100,16000,bb31cd0470883736f9ee2727e53afe7c28dc58cfb20b23776d54ba29a1257f61,test
yt_0008_part_235,REAL,C:\Users\Harish\Downloads\AI deepfake detection\AI_VOICE_DEEPFAKE_DETECTION\data\processed\audio\yt_0008_part_235.npy,3.024,4.0,44100,16000,8406c0cfda18fd5e0e7e9a0d0d320e576a9404f3a8b2e33aeffb5324ef52c078,test
yt_0008_part_236,REAL,C:\Users\Harish\Downloads\AI deepfake detection\AI_VOICE_DEEPFAKE_DETECTION\data\processed\audio\yt_0008_part_236.npy,2.542,4.0,44100,16000,f97c2220c50c973bfe0a4cd3bf9c114ec27b34f8f899cc347c133a3a228253fe,test
yt_0008_part_251,REAL,C:\Users\Harish\Downloads\AI deepfake detection\AI_VOICE_DEEPFAKE_DETECTION\data\processed\audio\yt_0008_part_251.npy,2.601,4.0,44100,16000,e5e01d54c6823f5eb6ce4a5be40eba05b03e74ec7a7dee9bd7a30c47e832cd19,test
yt_0009_p2_part_281,REAL,C:\Users\Harish\Downloads\AI deepfake detection\AI_VOICE_DEEPFAKE_DETECTION\data\processed\audio\yt_0009_p2_part_281.npy,5.833,4.0,44100,16000,4c786fcb86f192c578a12a2a3e83e3234dc5213e12897bddcd9231f1db3c3b1d,test
yt_0009_part_013,REAL,C:\Users\Harish\Downloads\AI deepfake detection\AI_VOICE_DEEPFAKE_DETECTION\data\processed\audio\yt_0009_part_013.npy,5.256,4.0,44100,16000,f4a8daf8641f7bdbe2d63dd7d8157ef1c6e109bab9ee567297bc22e21c0d1f11,test
yt_0009_part_020,REAL,C:\Users\Harish\Downloads\AI deepfake detection\AI_VOICE_DEEPFAKE_DETECTION\data\processed\audio\yt_0009_part_020.npy,8.566,4.0,44100,16000,f3948b504247078aaeaf984d512c43b93bcf67a40713fd7f31335d65df414fcc,test
yt_0009_part_027,REAL,C:\Users\Harish\Downloads\AI deepfake detection\AI_VOICE_DEEPFAKE_DETECTION\data\processed\audio\yt_0009_part_027.npy,3.578,4.0,44100,16000,ed04ac99c038376b3649845d9df4b927f50fad67c3f8da7e0af0dd894cc85640,test
yt_0009_part_031,REAL,C:\Users\Harish\Downloads\AI deepfake detection\AI_VOICE_DEEPFAKE_DETECTION\data\processed\audio\yt_0009_part_031.npy,2.628,4.0,44100,16000,3fa0724c3d3c26a8951923a3a1150d72e0f1c31fd42515ce7434d9ef1127ab29,test
yt_0009_part_056,REAL,C:\Users\Harish\Downloads\AI deepfake detection\AI_VOICE_DEEPFAKE_DETECTION\data\processed\audio\yt_0009_part_056.npy,3.357,4.0,44100,16000,51f8e0c28f208dc77473e069c52209c869d9ea1877695ba92044ab498ad70e12,test
yt_0009_part_072,REAL,C:\Users\Harish\Downloads\AI deepfake detection\AI_VOICE_DEEPFAKE_DETECTION\data\processed\audio\yt_0009_part_072.npy,3.295,4.0,44100,16000,64b98d0583385f2e190c9fdb8a09829782edc8819bb21af26971c75ed1ab45a0,test
yt_0009_part_080,REAL,C:\Users\Harish\Downloads\AI deepfake detection\AI_VOICE_DEEPFAKE_DETECTION\data\processed\audio\yt_0009_part_080.npy,2.785,4.0,44100,16000,8a265b35dfe03365e239f7d998e64eda7f6559ad0ed190df533c9d86580f4cf7,test
yt_0009_part_094,REAL,C:\Users\Harish\Downloads\AI deepfake detection\AI_VOICE_DEEPFAKE_DETECTION\data\processed\audio\yt_0009_part_094.npy,2.747,4.0,44100,16000,2081b9a6e0e6ee2ec2fc256491bcf08bdea9757b03f9717a25baadad9996db94,test
yt_0009_part_095,REAL,C:\Users\Harish\Downloads\AI deepfake detection\AI_VOICE_DEEPFAKE_DETECTION\data\processed\audio\yt_0009_part_095.npy,2.907,4.0,44100,16000,80bd09d242bb294a8a52e2b225bd7eb438103252b6d668b5eeb51371e9f97694,test
yt_0009_part_111,REAL,C:\Users\Harish\Downloads\AI deepfake detection\AI_VOICE_DEEPFAKE_DETECTION\data\processed\audio\yt_0009_part_111.npy,4.783,4.0,44100,16000,ee02447f1d1b55a6007aef21fdae4b51b32ad2d750f0cbd9f091ec2c39a237a2,test
yt_0009_part_113,REAL,C:\Users\Harish\Downloads\AI deepfake detection\AI_VOICE_DEEPFAKE_DETECTION\data\processed\audio\yt_0009_part_113.npy,3.713,4.0,44100,16000,93b94ccbb2d91fd7bf356358741add3224df403983eebea2f1c2a0ec987930a3,test
yt_0009_part_116,REAL,C:\Users\Harish\Downloads\AI deepfake detection\AI_VOICE_DEEPFAKE_DETECTION\data\processed\audio\yt_0009_part_116.npy,5.095,4.0,44100,16000,09829b7edb41435e86f65b6ec8f100e58151f26c1a14c5353c727e6a1a014509,test
yt_0009_part_149,REAL,C:\Users\Harish\Downloads\AI deepfake detection\AI_VOICE_DEEPFAKE_DETECTION\data\processed\audio\yt_0009_part_149.npy,7.647,4.0,44100,16000,9abd70434f4c4bbfed8331bc6b5a0c2fc8f7e6d7768c60446ca2306ce4deb896,test
yt_0009_part_151,REAL,C:\Users\Harish\Downloads\AI deepfake detection\AI_VOICE_DEEPFAKE_DETECTION\data\processed\audio\yt_0009_part_151.npy,5.675,4.0,44100,16000,800940deeecc166bbf8796b0fc80e767b0d57b962354de3934251193856d7485,test
yt_0009_part_159,REAL,C:\Users\Harish\Downloads\AI deepfake detection\AI_VOICE_DEEPFAKE_DETECTION\data\processed\audio\yt_0009_part_159.npy,3.308,4.0,44100,16000,91d2dc210712823a371202722156ffff51a9999dcced34b6f3d99493fce127a1,test
yt_0009_part_163,REAL,C:\Users\Harish\Downloads\AI deepfake detection\AI_VOICE_DEEPFAKE_DETECTION\data\processed\audio\yt_0009_part_163.npy,3.488,4.0,44100,16000,348382924d4ede7e4e24319474fc1ffbf72e64e0e0f67188244112df9f004ecd,test
yt_0009_part_165,REAL,C:\Users\Harish\Downloads\AI deepfake detection\AI_VOICE_DEEPFAKE_DETECTION\data\processed\audio\yt_0009_part_165.npy,2.801,4.0,44100,16000,bcdf249ce3a50b4701f86288e3a43f6c7f1780a5bf241eb844ec37b0e27fe928,test
yt_0009_part_188,REAL,C:\Users\Harish\Downloads\AI deepfake detection\AI_VOICE_DEEPFAKE_DETECTION\data\processed\audio\yt_0009_part_188.npy,2.71,4.0,44100,16000,84bfc18419cb3ad64cdf400373ef315bf1311ca0a6c4a6cd2983395f568cb45c,test
yt_0009_part_202,REAL,C:\Users\Harish\Downloads\AI deepfake detection\AI_VOICE_DEEPFAKE_DETECTION\data\processed\audio\yt_0009_part_202.npy,4.367,4.0,44100,16000,d9dccbebfbfd4fce2b66d52c9e71e59a8f1eaf608cce8c77ae54c15d6ad51321,test
yt_0009_part_206,REAL,C:\Users\Harish\Downloads\AI deepfake detection\AI_VOICE_DEEPFAKE_DETECTION\data\processed\audio\yt_0009_part_206.npy,3.235,4.0,44100,16000,14ea72d494ce29606a8683b3a817e0e2a57c4e8988f63626a54e6bc6551244ec,test
yt_0009_part_208,REAL,C:\Users\Harish\Downloads\AI deepfake detection\AI_VOICE_DEEPFAKE_DETECTION\data\processed\audio\yt_0009_part_208.npy,4.16,4.0,44100,16000,ca7e36c48ca5181c3b69449b385aafaa8f9e29386167ad5de99a6a7e10b32719,test
yt_0009_part_232,REAL,C:\Users\Harish\Downloads\AI deepfake detection\AI_VOICE_DEEPFAKE_DETECTION\data\processed\audio\yt_0009_part_232.npy,3.123,4.0,44100,16000,502d93d6f99ebb97105c34b87ee7728d0ff5fb7763c0afc2573f7d649d1c6a35,test
yt_0009_part_239,REAL,C:\Users\Harish\Downloads\AI deepfake detection\AI_VOICE_DEEPFAKE_DETECTION\data\processed\audio\yt_0009_part_239.npy,3.512,4.0,44100,16000,4b9b388639c8d6b5eb4a7205463dc7b4cab28b14cd1f4d0f60f3759d93702861,test
yt_0009_part_247,REAL,C:\Users\Harish\Downloads\AI deepfake detection\AI_VOICE_DEEPFAKE_DETECTION\data\processed\audio\yt_0009_part_247.npy,3.24,4.0,44100,16000,022cd5f8885cdf09559ce0ea793526e83cb7ee9dda4dbe07924646f2b82ea35e,test
yt_0009_part_254,REAL,C:\Users\Harish\Downloads\AI deepfake detection\AI_VOICE_DEEPFAKE_DETECTION\data\processed\audio\yt_0009_part_254.npy,3.419,4.0,44100,16000,71e1279e364a051825cc5e399469f79fba58ee2c90cb5c3f00078aa41fdf9b84,test
yt_0009_part_255,REAL,C:\Users\Harish\Downloads\AI deepfake detection\AI_VOICE_DEEPFAKE_DETECTION\data\processed\audio\yt_0009_part_255.npy,7.642,4.0,44100,16000,6c23b0bcf6533ca41ac3d6b331b76489a0fae10c729bcd39c94115fec5c50d9d,test
yt_0010_part_011,REAL,C:\Users\Harish\Downloads\AI deepfake detection\AI_VOICE_DEEPFAKE_DETECTION\data\processed\audio\yt_0010_part_011.npy,3.745,4.0,44100,16000,faf86aedb22deab562b8752d06dc662ca25cd9da2d5879fbf5d47ffa16d1eafa,test
yt_0010_part_017,REAL,C:\Users\Harish\Downloads\AI deepfake detection\AI_VOICE_DEEPFAKE_DETECTION\data\processed\audio\yt_0010_part_017.npy,6.532,4.0,44100,16000,e8674db68c5b48cf7bfd711cae0dc0ba213651dafb9fdae778bb11edf480c03f,test
yt_0010_part_018,REAL,C:\Users\Harish\Downloads\AI deepfake detection\AI_VOICE_DEEPFAKE_DETECTION\data\processed\audio\yt_0010_part_018.npy,3.965,4.0,44100,16000,c68f5150d1f9add2e3bca2310aceb4ec3d11044d3fcf90de7349efb62a7b6999,test
yt_0010_part_034,REAL,C:\Users\Harish\Downloads\AI deepfake detection\AI_VOICE_DEEPFAKE_DETECTION\data\processed\audio\yt_0010_part_034.npy,2.726,4.0,44100,16000,69b92f343b793532456f6d6fdabf7a65240da3b699cc4d31cd012fb88540037d,test
yt_0010_part_044,REAL,C:\Users\Harish\Downloads\AI deepfake detection\AI_VOICE_DEEPFAKE_DETECTION\data\processed\audio\yt_0010_part_044.npy,5.033,4.0,44100,16000,e3058cf28a7e730ae6fa882c69a5a7123f489ca50e10c90c932edc26b6377b20,test
yt_0010_part_056,REAL,C:\Users\Harish\Downloads\AI deepfake detection\AI_VOICE_DEEPFAKE_DETECTION\data\processed\audio\yt_0010_part_056.npy,6.415,4.0,44100,16000,aaabc14799ad1a356b3abcbc5088122f130a76a97080ce31eb2b5e83e653fa4d,test
yt_0011_part_001,REAL,C:\Users\Harish\Downloads\AI deepfake detection\AI_VOICE_DEEPFAKE_DETECTION\data\processed\audio\yt_0011_part_001.npy,3.632,4.0,44100,16000,71191d7b8fc0fe112ed4942713acca14a78539268bc0f7072cbb96d58f79acdd,test
yt_0011_part_007,REAL,C:\Users\Harish\Downloads\AI deepfake detection\AI_VOICE_DEEPFAKE_DETECTION\data\processed\audio\yt_0011_part_007.npy,2.554,4.0,44100,16000,c076484b7a2ebeb12add3a6045ab0b231f5e5bb5ecbafea87d409029d40723f7,test
yt_0011_part_010,REAL,C:\Users\Harish\Downloads\AI deepfake detection\AI_VOICE_DEEPFAKE_DETECTION\data\processed\audio\yt_0011_part_010.npy,4.225,4.0,44100,16000,32a833e718b8bfc7caadb55bc6d10193a8e417dfdba3a4be8b3725f827a9478d,test
yt_0011_part_012,REAL,C:\Users\Harish\Downloads\AI deepfake detection\AI_VOICE_DEEPFAKE_DETECTION\data\processed\audio\yt_0011_part_012.npy,2.844,4.0,44100,16000,8efee1479d962e001fa981992ed052a3e3919e820af61bb2bb02227bd4f4a5db,test
yt_0011_part_039,REAL,C:\Users\Harish\Downloads\AI deepfake detection\AI_VOICE_DEEPFAKE_DETECTION\data\processed\audio\yt_0011_part_039.npy,4.184,4.0,44100,16000,af6b070d1f6bb41eab0034fec7f36ac697dd9315c7ca55e27b3a7359cf8c3130,test
yt_0011_part_047,REAL,C:\Users\Harish\Downloads\AI deepfake detection\AI_VOICE_DEEPFAKE_DETECTION\data\processed\audio\yt_0011_part_047.npy,4.701,4.0,44100,16000,44170761e583d81c318baffdb5dd46d6711282bf10257afdcf358f8c5b59b18f,test
yt_0011_part_052,REAL,C:\Users\Harish\Downloads\AI deepfake detection\AI_VOICE_DEEPFAKE_DETECTION\data\processed\audio\yt_0011_part_052.npy,4.538,4.0,44100,16000,44fb7933e2a9d772bd7e40f3e14c171de704250b88b0c179d36e1e0226ccc110,test
yt_0011_part_067,REAL,C:\Users\Harish\Downloads\AI deepfake detection\AI_VOICE_DEEPFAKE_DETECTION\data\processed\audio\yt_0011_part_067.npy,3.786,4.0,44100,16000,e2c88b45eea3cb981d89704586f8bf0d8bc6f074d4eb1d2798f9767c9a1b749d,test
yt_0011_part_072,REAL,C:\Users\Harish\Downloads\AI deepfake detection\AI_VOICE_DEEPFAKE_DETECTION\data\processed\audio\yt_0011_part_072.npy,3.894,4.0,44100,16000,5a31d7d5ed5d73b37d8ab87a12022e4ae5f7db6d71b1ab10f70c60a89adc943d,test
yt_0011_part_079,REAL,C:\Users\Harish\Downloads\AI deepfake detection\AI_VOICE_DEEPFAKE_DETECTION\data\processed\audio\yt_0011_part_079.npy,4.051,4.0,44100,16000,854f07b0eb942b666c7dc6bccf1acd8a9dd011b2cfb3cbdcafabe664106f0afb,test
yt_0011_part_104,REAL,C:\Users\Harish\Downloads\AI deepfake detection\AI_VOICE_DEEPFAKE_DETECTION\data\processed\audio\yt_0011_part_104.npy,7.213,4.0,44100,16000,53dd44351885e46529ce3f85b7dcd7b22e5c487df4f77e9be9e38849cc2d3874,test
yt_0011_part_105,REAL,C:\Users\Harish\Downloads\AI deepfake detection\AI_VOICE_DEEPFAKE_DETECTION\data\processed\audio\yt_0011_part_105.npy,4.485,4.0,44100,16000,0fa592a84e5edea8ad9386dde06ee367296fc7c6b23f0b6833fd84eefec5e460,test
yt_0011_part_120,REAL,C:\Users\Harish\Downloads\AI deepfake detection\AI_VOICE_DEEPFAKE_DETECTION\data\processed\audio\yt_0011_part_120.npy,6.433,4.0,44100,16000,8deefa8bbc19d68a7a1989089ae4fb074f227c1b5da418637897f9b6c121807c,test
yt_0011_part_140,REAL,C:\Users\Harish\Downloads\AI deepfake detection\AI_VOICE_DEEPFAKE_DETECTION\data\processed\audio\yt_0011_part_140.npy,7.644,4.0,44100,16000,df1975b4bf301d33465ade74c27e63c0c9720aab662278f7de7826d9204303d7,test
yt_0011_part_155,REAL,C:\Users\Harish\Downloads\AI deepfake detection\AI_VOICE_DEEPFAKE_DETECTION\data\processed\audio\yt_0011_part_155.npy,8.063,4.0,44100,16000,9067c8630ad022a08af31119a211243bf6b378fe0a7a0b34f6212433004023eb,test
yt_0011_part_172,REAL,C:\Users\Harish\Downloads\AI deepfake detection\AI_VOICE_DEEPFAKE_DETECTION\data\processed\audio\yt_0011_part_172.npy,9.823,4.0,44100,16000,32e917cb71236010e428fe3c7caafcf48bcf38452d97d2d5c14574d9fa8b7e41,test
yt_0012_p2_part_177,REAL,C:\Users\Harish\Downloads\AI deepfake detection\AI_VOICE_DEEPFAKE_DETECTION\data\processed\audio\yt_0012_p2_part_177.npy,6.651,4.0,44100,16000,bd7fcf03296dcfa6381940b7bd007b350a7ab401685e7dceefd1732c0cce4474,test
yt_0012_part_013,REAL,C:\Users\Harish\Downloads\AI deepfake detection\AI_VOICE_DEEPFAKE_DETECTION\data\processed\audio\yt_0012_part_013.npy,4.064,4.0,44100,16000,a74f478e4a1f6ca5e941b16e92dd73b93c4a7231d5de5fcd5a81fe1de1857102,test
yt_0012_part_024,REAL,C:\Users\Harish\Downloads\AI deepfake detection\AI_VOICE_DEEPFAKE_DETECTION\data\processed\audio\yt_0012_part_024.npy,7.633,4.0,44100,16000,0f4cdfa6efd2d8dbd4975c51d9b550386a2cbad00ee7eda1ed971be3e9094f2d,test
yt_0012_part_029,REAL,C:\Users\Harish\Downloads\AI deepfake detection\AI_VOICE_DEEPFAKE_DETECTION\data\processed\audio\yt_0012_part_029.npy,3.273,4.0,44100,16000,24d2427b0477b00900df010633e1e96719d7e360e738eff53f85464badbfe9d6,test
yt_0012_part_032,REAL,C:\Users\Harish\Downloads\AI deepfake detection\AI_VOICE_DEEPFAKE_DETECTION\data\processed\audio\yt_0012_part_032.npy,4.733,4.0,44100,16000,11ddc1bb7e09f70702d7cebe981129ede38357cf8475484a764d4e682933d13f,test
yt_0012_part_052,REAL,C:\Users\Harish\Downloads\AI deepfake detection\AI_VOICE_DEEPFAKE_DETECTION\data\processed\audio\yt_0012_part_052.npy,3.826,4.0,44100,16000,722f2a2089407649f61273cb5a44c2df61ba9cbef4c6ec0917ed5e26e454b365,test
yt_0012_part_063,REAL,C:\Users\Harish\Downloads\AI deepfake detection\AI_VOICE_DEEPFAKE_DETECTION\data\processed\audio\yt_0012_part_063.npy,5.769,4.0,44100,16000,861e060c7c75de5227e3c9d83ff43878573cde651dbb3ec2139198e53affd354,test
yt_0012_part_065,REAL,C:\Users\Harish\Downloads\AI deepfake detection\AI_VOICE_DEEPFAKE_DETECTION\data\processed\audio\yt_0012_part_065.npy,5.852,4.0,44100,16000,b41a7ad8dc11a0349737c6ac4b9b3781ff6aa5d204f6775d9c3b31072a3d0601,test
yt_0012_part_068,REAL,C:\Users\Harish\Downloads\AI deepfake detection\AI_VOICE_DEEPFAKE_DETECTION\data\processed\audio\yt_0012_part_068.npy,5.264,4.0,44100,16000,9064a68bc933e99eb5a057c3197d0927984043cd17ed6e88e43539d676c5d566,test
yt_0012_part_085,REAL,C:\Users\Harish\Downloads\AI deepfake detection\AI_VOICE_DEEPFAKE_DETECTION\data\processed\audio\yt_0012_part_085.npy,4.776,4.0,44100,16000,1047c54ddad02aefd8d397485dd046a9450abccb2d991eea014d2810bd7f90ab,test
yt_0012_part_089,REAL,C:\Users\Harish\Downloads\AI deepfake detection\AI_VOICE_DEEPFAKE_DETECTION\data\processed\audio\yt_0012_part_089.npy,3.223,4.0,44100,16000,c405f2ef04944bad31ece30d702ec9d5b89372ef6bcdc75865fb05e586cc175a,test
yt_0012_part_104,REAL,C:\Users\Harish\Downloads\AI deepfake detection\AI_VOICE_DEEPFAKE_DETECTION\data\processed\audio\yt_0012_part_104.npy,2.892,4.0,44100,16000,6c3647764f21d10106cc9ba126e1ec28c23e39556b8024bc43c0e48ea7e43126,test
yt_0012_part_122,REAL,C:\Users\Harish\Downloads\AI deepfake detection\AI_VOICE_DEEPFAKE_DETECTION\data\processed\audio\yt_0012_part_122.npy,4.583,4.0,44100,16000,8fc76aeed3689f36f52b550e6b9e47b990a50a64ea2ad35acac7abe1bcb5bb6a,test
yt_0012_part_125,REAL,C:\Users\Harish\Downloads\AI deepfake detection\AI_VOICE_DEEPFAKE_DETECTION\data\processed\audio\yt_0012_part_125.npy,6.005,4.0,44100,16000,3e892ad0d8c12e2ed1ebe4e249164c49d995a7b38d2b0736247f6dd195f3c2b2,test
yt_0012_part_127,REAL,C:\Users\Harish\Downloads\AI deepfake detection\AI_VOICE_DEEPFAKE_DETECTION\data\processed\audio\yt_0012_part_127.npy,7.483,4.0,44100,16000,f928653ec78c83467c9a693cef3257e074757f44dd6d28890db894d842d43497,test
yt_0012_part_162,REAL,C:\Users\Harish\Downloads\AI deepfake detection\AI_VOICE_DEEPFAKE_DETECTION\data\processed\audio\yt_0012_part_162.npy,10.203,4.0,44100,16000,b78522a4a03039ed7345d42cc03f040b4071349f34616a66177d5f18e7e80049,test
yt_0013_part_001,REAL,C:\Users\Harish\Downloads\AI deepfake detection\AI_VOICE_DEEPFAKE_DETECTION\data\processed\audio\yt_0013_part_001.npy,4.385,4.0,44100,16000,fa78fc98411227e7625efe799367c1c1234aaad64b8d7460ee768743360361db,test
yt_0013_part_006,REAL,C:\Users\Harish\Downloads\AI deepfake detection\AI_VOICE_DEEPFAKE_DETECTION\data\processed\audio\yt_0013_part_006.npy,5.649,4.0,44100,16000,4104fd07998a7241fa7b6c2dea06b99c0535b300deb0c3ab294facc0cae0931d,test
yt_0013_part_007,REAL,C:\Users\Harish\Downloads\AI deepfake detection\AI_VOICE_DEEPFAKE_DETECTION\data\processed\audio\yt_0013_part_007.npy,4.92,4.0,44100,16000,519fab415c7a8f9309c4629badecc4459d28128213c68d9e6ac03c045728e9c4,test
yt_0013_part_028,REAL,C:\Users\Harish\Downloads\AI deepfake detection\AI_VOICE_DEEPFAKE_DETECTION\data\processed\audio\yt_0013_part_028.npy,4.969,4.0,44100,16000,359a56ee71c9f792a84bc0b47ed803de654f601282fbbb35e7ce093be9e0dcba,test
yt_0013_part_037,REAL,C:\Users\Harish\Downloads\AI deepfake detection\AI_VOICE_DEEPFAKE_DETECTION\data\processed\audio\yt_0013_part_037.npy,4.523,4.0,44100,16000,61107a4e964c73350d197708b9dad05c147e6f25c2e5f653ac8ab13d9d67d265,test
yt_0013_part_040,REAL,C:\Users\Harish\Downloads\AI deepfake detection\AI_VOICE_DEEPFAKE_DETECTION\data\processed\audio\yt_0013_part_040.npy,9.218,4.0,44100,16000,06a2200c04afc776969bc408a5c5c6dd73c2217007165b3f91e9d0c668399de8,test
yt_0013_part_047,REAL,C:\Users\Harish\Downloads\AI deepfake detection\AI_VOICE_DEEPFAKE_DETECTION\data\processed\audio\yt_0013_part_047.npy,6.521,4.0,44100,16000,a7f4f3f3e86c2bdc961626062ddb09582fdf46134382f2a447498714beebc759,test
yt_0013_part_067,REAL,C:\Users\Harish\Downloads\AI deepfake detection\AI_VOICE_DEEPFAKE_DETECTION\data\processed\audio\yt_0013_part_067.npy,3.585,4.0,44100,16000,ba49aaba700d21dd654199361bc1f7b80e6019cc847a2ce773e33261dc4f9752,test
yt_0013_part_072,REAL,C:\Users\Harish\Downloads\AI deepfake detection\AI_VOICE_DEEPFAKE_DETECTION\data\processed\audio\yt_0013_part_072.npy,5.508,4.0,44100,16000,082794d3be425251b985e28fa8bfb98f49721ee01c4a00bea071c9dce0311bc7,test
el_0009_c_part_004,FAKE,C:\Users\Harish\Downloads\AI deepfake detection\AI_VOICE_DEEPFAKE_DETECTION\data\processed\audio\el_0009_c_part_004.npy,2.593,4.0,16000,16000,a6e055b8c580d83c743e989083cd8a643c2a3f2806af34d031f0b68e36a07cff,test
el_0009_c_part_005,FAKE,C:\Users\Harish\Downloads\AI deepfake detection\AI_VOICE_DEEPFAKE_DETECTION\data\processed\audio\el_0009_c_part_005.npy,3.595,4.0,16000,16000,e6222382de1f7d00b545f61bff25f35777bdf2823bee32aaee734e2710c62764,test
el_0009_c_part_006,FAKE,C:\Users\Harish\Downloads\AI deepfake detection\AI_VOICE_DEEPFAKE_DETECTION\data\processed\audio\el_0009_c_part_006.npy,3.571,4.0,16000,16000,0cbc182e9a586fd145bb70b04d9ab7c56e1d1851614b8a9fd4870737d1629f0b,test
el_0009_c_part_010,FAKE,C:\Users\Harish\Downloads\AI deepfake detection\AI_VOICE_DEEPFAKE_DETECTION\data\processed\audio\el_0009_c_part_010.npy,3.324,4.0,16000,16000,054806ff6898103d92743a8aa76bc36fe8e42fd83c57cc658e1680593820b0b0,test
el_0009_c_part_014,FAKE,C:\Users\Harish\Downloads\AI deepfake detection\AI_VOICE_DEEPFAKE_DETECTION\data\processed\audio\el_0009_c_part_014.npy,3.775,4.0,16000,16000,30701cd7d444b1687612e61542aead933d806f64c821d938f8e54ec7e293114f,test
el_0009_part_002,FAKE,C:\Users\Harish\Downloads\AI deepfake detection\AI_VOICE_DEEPFAKE_DETECTION\data\processed\audio\el_0009_part_002.npy,2.591,4.0,16000,16000,5a616a1eb472266afe66594b5cbfe19b73e622fe72a41c808d018b336b70533b,test
el_0010_c_part_011,FAKE,C:\Users\Harish\Downloads\AI deepfake detection\AI_VOICE_DEEPFAKE_DETECTION\data\processed\audio\el_0010_c_part_011.npy,3.19,4.0,16000,16000,37118357f366eb501a455c2b3215cd9157bb0eaeb0aa2fdd596d51bb3c5834b6,test
el_0010_c_part_013,FAKE,C:\Users\Harish\Downloads\AI deepfake detection\AI_VOICE_DEEPFAKE_DETECTION\data\processed\audio\el_0010_c_part_013.npy,3.261,4.0,16000,16000,dc4ab93036b5cdf89c10111c1e3b020eb33fa94961158befab41237e8a51f496,test
el_0012_part_001,FAKE,C:\Users\Harish\Downloads\AI deepfake detection\AI_VOICE_DEEPFAKE_DETECTION\data\processed\audio\el_0012_part_001.npy,5.928,4.0,16000,16000,8c7962354501a32d3dc745954abb4ad49092238ec0bac71166c3de2bfc13271e,test
el_0012_part_002,FAKE,C:\Users\Harish\Downloads\AI deepfake detection\AI_VOICE_DEEPFAKE_DETECTION\data\processed\audio\el_0012_part_002.npy,3.866,4.0,16000,16000,c03eb17467b6abf8a39427cf13115900c8a9a80eb0cb5b2df76787efaa50b1a6,test
el_0013_c_part_011,FAKE,C:\Users\Harish\Downloads\AI deepfake detection\AI_VOICE_DEEPFAKE_DETECTION\data\processed\audio\el_0013_c_part_011.npy,3.506,4.0,16000,16000,95e1dccce23c7fb57b9eefd9cdeba8d11cb4cdfaf6e2e23db6b63f1105dc8468,test
el_0013_c_part_015,FAKE,C:\Users\Harish\Downloads\AI deepfake detection\AI_VOICE_DEEPFAKE_DETECTION\data\processed\audio\el_0013_c_part_015.npy,2.781,4.0,16000,16000,f13558aee5e451053a4a1e666e3eed73942fbccfe62a840f940e662cadb9797f,test
el_0013_c_part_017,FAKE,C:\Users\Harish\Downloads\AI deepfake detection\AI_VOICE_DEEPFAKE_DETECTION\data\processed\audio\el_0013_c_part_017.npy,3.257,4.0,16000,16000,a7223f0a6006322112fd1d64425655c442dac2b54a043f6e8972f0104ca1a3fa,test
el_0013_c_part_018,FAKE,C:\Users\Harish\Downloads\AI deepfake detection\AI_VOICE_DEEPFAKE_DETECTION\data\processed\audio\el_0013_c_part_018.npy,3.306,4.0,16000,16000,e3f1e6e8c7f3f8d3c53185d5b7d3b5978934929689a43f45aa945d8e4221cd78,test
el_0014_c_part_007,FAKE,C:\Users\Harish\Downloads\AI deepfake detection\AI_VOICE_DEEPFAKE_DETECTION\data\processed\audio\el_0014_c_part_007.npy,2.614,4.0,16000,16000,8627ff8a110daf3663b5124e3029f8c0d93867d8be30cab25ef4d77d119dde5b,test
el_0014_c_part_010,FAKE,C:\Users\Harish\Downloads\AI deepfake detection\AI_VOICE_DEEPFAKE_DETECTION\data\processed\audio\el_0014_c_part_010.npy,3.227,4.0,16000,16000,371056b7e0b824150503f48244313d56d0534e5dea6dae44308fb39dd289f60a,test
el_0015_c_part_009,FAKE,C:\Users\Harish\Downloads\AI deepfake detection\AI_VOICE_DEEPFAKE_DETECTION\data\processed\audio\el_0015_c_part_009.npy,3.697,4.0,16000,16000,f8cc2984d267e2ab31f18eb8adaabf6e584ff97879a8ceaffcb3877b1331b5cf,test
el_0015_c_part_010,FAKE,C:\Users\Harish\Downloads\AI deepfake detection\AI_VOICE_DEEPFAKE_DETECTION\data\processed\audio\el_0015_c_part_010.npy,3.107,4.0,16000,16000,10f4f0ecb268d9582798055e4e6863848bf3a5b6740e9e37d1d1145af7f3fef7,test
el_0015_c_part_012,FAKE,C:\Users\Harish\Downloads\AI deepfake detection\AI_VOICE_DEEPFAKE_DETECTION\data\processed\audio\el_0015_c_part_012.npy,4.304,4.0,16000,16000,dd7e1d6ad6416448068f71f3f53c1ac7d9071428057cb164be0ef84bdc690919,test
el_0015_c_part_017,FAKE,C:\Users\Harish\Downloads\AI deepfake detection\AI_VOICE_DEEPFAKE_DETECTION\data\processed\audio\el_0015_c_part_017.npy,2.815,4.0,16000,16000,c4de7592647ac5cdcc45286ee0cf15b8d9237fdcbbc2a23f8bca3ba1a4778658,test
el_0015_part_003,FAKE,C:\Users\Harish\Downloads\AI deepfake detection\AI_VOICE_DEEPFAKE_DETECTION\data\processed\audio\el_0015_part_003.npy,2.55,4.0,16000,16000,08d5cc91d62a6a5ca499d9905e1fdcb9e7f963df750029b3c7fc195892b806f1,test
el_0019_c_part_003,FAKE,C:\Users\Harish\Downloads\AI deepfake detection\AI_VOICE_DEEPFAKE_DETECTION\data\processed\audio\el_0019_c_part_003.npy,3.596,4.0,16000,16000,e3dcdd6244a41a42f27e8f24fef5b1fead5993d8d6159253a6f4ba037b0b2c94,test
el_0020_part_001,FAKE,C:\Users\Harish\Downloads\AI deepfake detection\AI_VOICE_DEEPFAKE_DETECTION\data\processed\audio\el_0020_part_001.npy,3.369,4.0,16000,16000,de92602bc8d43a068ce9003df31788789669ea69e57ffda5d17fb7be3a2bf64a,test
el_0021_part_001,FAKE,C:\Users\Harish\Downloads\AI deepfake detection\AI_VOICE_DEEPFAKE_DETECTION\data\processed\audio\el_0021_part_001.npy,3.369,4.0,16000,16000,de92602bc8d43a068ce9003df31788789669ea69e57ffda5d17fb7be3a2bf64a,test
el_0025_part_001,FAKE,C:\Users\Harish\Downloads\AI deepfake detection\AI_VOICE_DEEPFAKE_DETECTION\data\processed\audio\el_0025_part_001.npy,3.75,4.0,16000,16000,ac79ef759662384d95b3c07aeea661674816763a138efbeb87a2d24afa18c76c,test
el_0027_part_001,FAKE,C:\Users\Harish\Downloads\AI deepfake detection\AI_VOICE_DEEPFAKE_DETECTION\data\processed\audio\el_0027_part_001.npy,2.769,4.0,16000,16000,cac0ce166b4fde9532330439a7b105f7f6befa8065599a944e822f50d5b0d58b,test
hg_0002_part_001,FAKE,C:\Users\Harish\Downloads\AI deepfake detection\AI_VOICE_DEEPFAKE_DETECTION\data\processed\audio\hg_0002_part_001.npy,10.33,4.0,16000,16000,adc29e3ec69155626a047065824a0fc7492cc60b1b643cf72cc48c13b8f1f73a,test
hg_0002_part_003,FAKE,C:\Users\Harish\Downloads\AI deepfake detection\AI_VOICE_DEEPFAKE_DETECTION\data\processed\audio\hg_0002_part_003.npy,4.703,4.0,16000,16000,93d07b3a7c923518765013fcefbabb49aed632a620183ed1ca241c8b2cba0936,test
hg_0004_part_002,FAKE,C:\Users\Harish\Downloads\AI deepfake detection\AI_VOICE_DEEPFAKE_DETECTION\data\processed\audio\hg_0004_part_002.npy,5.727,4.0,16000,16000,d5c878d1ce5bea027414d0efc89293def0dbaa4ec60d97e2c36dcb4ad6be6236,test
hg_0004_part_003,FAKE,C:\Users\Harish\Downloads\AI deepfake detection\AI_VOICE_DEEPFAKE_DETECTION\data\processed\audio\hg_0004_part_003.npy,2.68,4.0,16000,16000,97d87eb7b6aca32b73e2dbef6c3e8aa8caa17e604b25b1f473a2831202ecafb8,test
hg_0005_part_002,FAKE,C:\Users\Harish\Downloads\AI deepfake detection\AI_VOICE_DEEPFAKE_DETECTION\data\processed\audio\hg_0005_part_002.npy,3.241,4.0,16000,16000,f6ef6c9793cc484c968d3376b45515c9b12feac63d17939ba7af263942f9f8df,test
hg_0005_part_005,FAKE,C:\Users\Harish\Downloads\AI deepfake detection\AI_VOICE_DEEPFAKE_DETECTION\data\processed\audio\hg_0005_part_005.npy,3.54,4.0,16000,16000,58a35c8217f1982e2b6406d391e1151f7d77ba902f4ff4f4e7f7d9e7864c3120,test
hg_0006_c_part_006,FAKE,C:\Users\Harish\Downloads\AI deepfake detection\AI_VOICE_DEEPFAKE_DETECTION\data\processed\audio\hg_0006_c_part_006.npy,4.403,4.0,16000,16000,f43deb098c9fc32a6ff9b99e2c69967797f7ddf7899e181951da6e51cf5344dd,test
hg_0009_part_003,FAKE,C:\Users\Harish\Downloads\AI deepfake detection\AI_VOICE_DEEPFAKE_DETECTION\data\processed\audio\hg_0009_part_003.npy,5.257,4.0,16000,16000,3403eb06be03be77a987193e5f0d0ca2515ae9f81f39ece4f816ea8f549b5b37,test
hg_0011_part_003,FAKE,C:\Users\Harish\Downloads\AI deepfake detection\AI_VOICE_DEEPFAKE_DETECTION\data\processed\audio\hg_0011_part_003.npy,3.373,4.0,16000,16000,cd8eae66567f23019070c0f8fd87c1a0aa13ff18f6ba529fb58c942aeb9807c1,test
hg_0012_c_part_006,FAKE,C:\Users\Harish\Downloads\AI deepfake detection\AI_VOICE_DEEPFAKE_DETECTION\data\processed\audio\hg_0012_c_part_006.npy,4.445,4.0,16000,16000,e9e6c0a4bccfd424465d7dc48b1f78d99c8146b5b68ac0d320b3c7816dbd6c4f,test
hu_0002_part_004,FAKE,C:\Users\Harish\Downloads\AI deepfake detection\AI_VOICE_DEEPFAKE_DETECTION\data\processed\audio\hu_0002_part_004.npy,2.605,4.0,16000,16000,28afdd0c91ccae35be16d851d9670f2e881c2596573478854552658fc683106d,test
hu_0002_part_010,FAKE,C:\Users\Harish\Downloads\AI deepfake detection\AI_VOICE_DEEPFAKE_DETECTION\data\processed\audio\hu_0002_part_010.npy,4.488,4.0,16000,16000,4365acec7a0c5267ba4e846a346c59274e44e81f0235b7733be88506eaf9f9ff,test
hu_0003_c_part_006,FAKE,C:\Users\Harish\Downloads\AI deepfake detection\AI_VOICE_DEEPFAKE_DETECTION\data\processed\audio\hu_0003_c_part_006.npy,4.32,4.0,16000,16000,c7a4338569fa6ffeb199532ab991396ac882b0f1745ea2eea3c336bafd739561,test
hu_0003_part_002,FAKE,C:\Users\Harish\Downloads\AI deepfake detection\AI_VOICE_DEEPFAKE_DETECTION\data\processed\audio\hu_0003_part_002.npy,2.543,4.0,16000,16000,9960a10d67c5116b9bc90377788158b68627428b587a1bc2aa9c5797fcf7d919,test
hu_0004_c_part_014,FAKE,C:\Users\Harish\Downloads\AI deepfake detection\AI_VOICE_DEEPFAKE_DETECTION\data\processed\audio\hu_0004_c_part_014.npy,3.455,4.0,16000,16000,729f497dd84083faf7387dd9b485b5aba49382b314cef6c6987f56e38aed254a,test
hu_0004_part_001,FAKE,C:\Users\Harish\Downloads\AI deepfake detection\AI_VOICE_DEEPFAKE_DETECTION\data\processed\audio\hu_0004_part_001.npy,4.222,4.0,16000,16000,d4e7f5a5fd4eebf479a378c7ace425bc4fa8c2df979eebbb84d5c28492a265fa,test
hu_0004_part_002,FAKE,C:\Users\Harish\Downloads\AI deepfake detection\AI_VOICE_DEEPFAKE_DETECTION\data\processed\audio\hu_0004_part_002.npy,5.25,4.0,16000,16000,f3b0cd4a71429fcbebf6949869f5c1e1a78c9984998ff9b42f573133b4151241,test
hu_0004_part_004,FAKE,C:\Users\Harish\Downloads\AI deepfake detection\AI_VOICE_DEEPFAKE_DETECTION\data\processed\audio\hu_0004_part_004.npy,2.961,4.0,16000,16000,3b0c089592a014d29dec549bf12b4cc7f9b34e233cda53fce0a9cd14ba5a5156,test
hu_0004_part_007,FAKE,C:\Users\Harish\Downloads\AI deepfake detection\AI_VOICE_DEEPFAKE_DETECTION\data\processed\audio\hu_0004_part_007.npy,5.375,4.0,16000,16000,55ffcf48e83dc0524ccdc3923e9a7101339b5dfc8cb79529018271e064c1c823,test
hu_0006_part_001,FAKE,C:\Users\Harish\Downloads\AI deepfake detection\AI_VOICE_DEEPFAKE_DETECTION\data\processed\audio\hu_0006_part_001.npy,7.781,4.0,16000,16000,f6ceafeeda8920a94f2aa78350ba77097f3191b87b40985759a33a06770b6965,test
hu_0007_part_001,FAKE,C:\Users\Harish\Downloads\AI deepfake detection\AI_VOICE_DEEPFAKE_DETECTION\data\processed\audio\hu_0007_part_001.npy,4.441,4.0,16000,16000,08f2afba376ef9cf5bd19676c2bbd8d2f9cf07490a71a9263ece116275f089d2,test
hu_0008_c_part_004,FAKE,C:\Users\Harish\Downloads\AI deepfake detection\AI_VOICE_DEEPFAKE_DETECTION\data\processed\audio\hu_0008_c_part_004.npy,2.956,4.0,16000,16000,2cdeb878c3e342ee6b3a444b3c7fc8db822fc74ed763af216c6becbf0374702c,test
hu_0008_c_part_007,FAKE,C:\Users\Harish\Downloads\AI deepfake detection\AI_VOICE_DEEPFAKE_DETECTION\data\processed\audio\hu_0008_c_part_007.npy,4.409,4.0,16000,16000,e9d58cd2ed800606e0d350d0c5f253d1b0f7c9851b4f5ccd64f3950fa0901433,test
hu_0008_c_part_009,FAKE,C:\Users\Harish\Downloads\AI deepfake detection\AI_VOICE_DEEPFAKE_DETECTION\data\processed\audio\hu_0008_c_part_009.npy,2.925,4.0,16000,16000,b3ec9791770ecd1f6615ea2236d1cbfeb7bd4ffceecd5a3afa5118421793e935,test
hu_0008_c_part_011,FAKE,C:\Users\Harish\Downloads\AI deepfake detection\AI_VOICE_DEEPFAKE_DETECTION\data\processed\audio\hu_0008_c_part_011.npy,3.402,4.0,16000,16000,b2bfe63905295882139161669e820e7c920f26e81d53e86271954416422759b2,test
hu_0008_c_part_017,FAKE,C:\Users\Harish\Downloads\AI deepfake detection\AI_VOICE_DEEPFAKE_DETECTION\data\processed\audio\hu_0008_c_part_017.npy,3.269,4.0,16000,16000,d2e8d5ced49683f76117fcf4e73f156f6ca81ca787150db724f65fe079f83cee,test
hu_0009_part_003,FAKE,C:\Users\Harish\Downloads\AI deepfake detection\AI_VOICE_DEEPFAKE_DETECTION\data\processed\audio\hu_0009_part_003.npy,3.006,4.0,16000,16000,23f5d219b6160434e61f313fb69a597a7019c533b36df9733eaeea2282e7cfff,test
hu_0009_part_005,FAKE,C:\Users\Harish\Downloads\AI deepfake detection\AI_VOICE_DEEPFAKE_DETECTION\data\processed\audio\hu_0009_part_005.npy,3.038,4.0,16000,16000,cec8a39cd2ee1909097e86dbf6d9a75f2a98ad06490d5a4bcb6948918d9ad688,test
lv_0001_c_part_018,FAKE,C:\Users\Harish\Downloads\AI deepfake detection\AI_VOICE_DEEPFAKE_DETECTION\data\processed\audio\lv_0001_c_part_018.npy,2.919,4.0,16000,16000,f1a3ca6cbe4e0d7022d1644748985c83a0289273cb5874fb0cd1bd275ff72a19,test
lv_0001_c_part_019,FAKE,C:\Users\Harish\Downloads\AI deepfake detection\AI_VOICE_DEEPFAKE_DETECTION\data\processed\audio\lv_0001_c_part_019.npy,3.145,4.0,16000,16000,f6f0bd8bc1cf840310cdf203997d039f5b16b576002aac3fa5134f2f965a4a03,test
lv_0001_part_001,FAKE,C:\Users\Harish\Downloads\AI deepfake detection\AI_VOICE_DEEPFAKE_DETECTION\data\processed\audio\lv_0001_part_001.npy,3.225,4.0,16000,16000,3bc3f093f82bf1a89efadb02abe9202b442fd5634fd4a350db1ab10edc924b9c,test
lv_0001_part_005,FAKE,C:\Users\Harish\Downloads\AI deepfake detection\AI_VOICE_DEEPFAKE_DETECTION\data\processed\audio\lv_0001_part_005.npy,4.287,4.0,16000,16000,14e38d13f264cc8fdf295c99f194b61a6bd4ada5e78eee5ff2fc99dd8013f85e,test
lv_0001_part_006,FAKE,C:\Users\Harish\Downloads\AI deepfake detection\AI_VOICE_DEEPFAKE_DETECTION\data\processed\audio\lv_0001_part_006.npy,4.398,4.0,16000,16000,7090e23b88b425a4fff8e22d4bd3dab57a21d72ad75d823f54e1716c804ae393,test
lv_0001_part_014,FAKE,C:\Users\Harish\Downloads\AI deepfake detection\AI_VOICE_DEEPFAKE_DETECTION\data\processed\audio\lv_0001_part_014.npy,4.681,4.0,16000,16000,9370307c7a5d378d41f205c4e09cf2d4ed8c110e806a11940a2b7cbdb3e5368c,test
lv_0001_part_016,FAKE,C:\Users\Harish\Downloads\AI deepfake detection\AI_VOICE_DEEPFAKE_DETECTION\data\processed\audio\lv_0001_part_016.npy,2.858,4.0,16000,16000,2c03a986e619a3e30ce27a384ccba90c2c4673c2cafe1271804b17158c451be5,test
lv_0002_c_part_011,FAKE,C:\Users\Harish\Downloads\AI deepfake detection\AI_VOICE_DEEPFAKE_DETECTION\data\processed\audio\lv_0002_c_part_011.npy,3.888,4.0,16000,16000,c3b999f60fbcae37e51ef318d30980d98d1f6812fbfdd6281810a0e6c2ece38b,test
lv_0002_c_part_020,FAKE,C:\Users\Harish\Downloads\AI deepfake detection\AI_VOICE_DEEPFAKE_DETECTION\data\processed\audio\lv_0002_c_part_020.npy,3.215,4.0,16000,16000,8f4d873da7699d58f6d11dafcd66599e87145287efe2649b00f58e91f7f24851,test
lv_0002_part_001,FAKE,C:\Users\Harish\Downloads\AI deepfake detection\AI_VOICE_DEEPFAKE_DETECTION\data\processed\audio\lv_0002_part_001.npy,3.242,4.0,16000,16000,51b2656ba6d616725547de81913d1bff7694f3ed504c761ce20518c333d19153,test
lv_0003_c_part_015,FAKE,C:\Users\Harish\Downloads\AI deepfake detection\AI_VOICE_DEEPFAKE_DETECTION\data\processed\audio\lv_0003_c_part_015.npy,3.888,4.0,16000,16000,a835543585d777bdcba57bcb7cf964d7732e642ab6a38e5e40541e583a72961e,test
lv_0003_part_001,FAKE,C:\Users\Harish\Downloads\AI deepfake detection\AI_VOICE_DEEPFAKE_DETECTION\data\processed\audio\lv_0003_part_001.npy,3.343,4.0,16000,16000,47cdc4a54f98035719cbf29c0ee172975e99b9c3a33beb56a638dc337c3d9e96,test
lv_0003_part_004,FAKE,C:\Users\Harish\Downloads\AI deepfake detection\AI_VOICE_DEEPFAKE_DETECTION\data\processed\audio\lv_0003_part_004.npy,4.207,4.0,16000,16000,69d606de9279ef87a0e14f4a685e0d15ea58e38cff3f202b19612309134edcf2,test
lv_0004_c_part_023,FAKE,C:\Users\Harish\Downloads\AI deepfake detection\AI_VOICE_DEEPFAKE_DETECTION\data\processed\audio\lv_0004_c_part_023.npy,2.96,4.0,16000,16000,bf2ccab76821b4a868d87af5cad69c4e739132a11f7157126e75c8ee6d782e33,test
lv_0004_c_part_024,FAKE,C:\Users\Harish\Downloads\AI deepfake detection\AI_VOICE_DEEPFAKE_DETECTION\data\processed\audio\lv_0004_c_part_024.npy,3.42,4.0,16000,16000,31d195a561311d23d0612d4b531a81cd3c0e061a44dd7f7ddf00af8bb1c61953,test
lv_0004_part_004,FAKE,C:\Users\Harish\Downloads\AI deepfake detection\AI_VOICE_DEEPFAKE_DETECTION\data\processed\audio\lv_0004_part_004.npy,4.499,4.0,16000,16000,f6dc2d58a16493906da6c7b0bece53d962bd62658270d7fca6a35ebbcf00a415,test
lv_0004_part_014,FAKE,C:\Users\Harish\Downloads\AI deepfake detection\AI_VOICE_DEEPFAKE_DETECTION\data\processed\audio\lv_0004_part_014.npy,5.139,4.0,16000,16000,6132033929c51b7494ae54cfa59d4ea1e631bb9780607723c60f2f38ed9a6d59,test
lv_0004_part_018,FAKE,C:\Users\Harish\Downloads\AI deepfake detection\AI_VOICE_DEEPFAKE_DETECTION\data\processed\audio\lv_0004_part_018.npy,3.053,4.0,16000,16000,bb47868b1fc4cda432081ebb96b3ed530338cfd7976369268c98d925449cc7f2,test
lv_0004_part_019,FAKE,C:\Users\Harish\Downloads\AI deepfake detection\AI_VOICE_DEEPFAKE_DETECTION\data\processed\audio\lv_0004_part_019.npy,3.166,4.0,16000,16000,3f76552a5cca1e172b4dd01d0764a4603a1318bb04de7d740cb1773a917f913e,test
lv_0005_c_part_016,FAKE,C:\Users\Harish\Downloads\AI deepfake detection\AI_VOICE_DEEPFAKE_DETECTION\data\processed\audio\lv_0005_c_part_016.npy,3.471,4.0,16000,16000,fece41f033b6164f03dd72b29d61a27fcea7a9fee6450afda8a8b6a90520e7d9,test
lv_0005_c_part_019,FAKE,C:\Users\Harish\Downloads\AI deepfake detection\AI_VOICE_DEEPFAKE_DETECTION\data\processed\audio\lv_0005_c_part_019.npy,2.601,4.0,16000,16000,e9c03063b606b711e9189bf0619d0cc3f4ada67b517769cd2915834410ed6f52,test
lv_0005_part_012,FAKE,C:\Users\Harish\Downloads\AI deepfake detection\AI_VOICE_DEEPFAKE_DETECTION\data\processed\audio\lv_0005_part_012.npy,2.997,4.0,16000,16000,734b18e4b9457b21081b84128a37e080cc7a70658b9e8bacfe90ba0e83ff7104,test
lv_0005_part_013,FAKE,C:\Users\Harish\Downloads\AI deepfake detection\AI_VOICE_DEEPFAKE_DETECTION\data\processed\audio\lv_0005_part_013.npy,4.347,4.0,16000,16000,be9fab8378a6d053b5e589e5e239e25cfb868eb2f41fdf3abf7a79221ead9793,test
lv_0006_c_part_023,FAKE,C:\Users\Harish\Downloads\AI deepfake detection\AI_VOICE_DEEPFAKE_DETECTION\data\processed\audio\lv_0006_c_part_023.npy,2.987,4.0,16000,16000,530b5729e850eabb206317c5cb70050fe7470bb2868ae7002bb0c4abc1479033,test
po_0001_part_005,FAKE,C:\Users\Harish\Downloads\AI deepfake detection\AI_VOICE_DEEPFAKE_DETECTION\data\processed\audio\po_0001_part_005.npy,3.351,4.0,16000,16000,1d4a8772a346bbb4c9726d727814b5a9cf5a63fae2f737a6f2e38eee3c175733,test
po_0002_c_part_008,FAKE,C:\Users\Harish\Downloads\AI deepfake detection\AI_VOICE_DEEPFAKE_DETECTION\data\processed\audio\po_0002_c_part_008.npy,3.953,4.0,16000,16000,b0cac32f58d7e66554bed6bc4fd68c86d59849a50ca5c2780b2420b7b6f46018,test
po_0003_part_003,FAKE,C:\Users\Harish\Downloads\AI deepfake detection\AI_VOICE_DEEPFAKE_DETECTION\data\processed\audio\po_0003_part_003.npy,3.367,4.0,16000,16000,9819865067cf4e2dd8afffa8ebf4a468e5499cad949b3c70ab594474a0784713,test
po_0004_part_002,FAKE,C:\Users\Harish\Downloads\AI deepfake detection\AI_VOICE_DEEPFAKE_DETECTION\data\processed\audio\po_0004_part_002.npy,2.79,4.0,16000,16000,f56eb6279587835e63c61b5657dee4273e4580187d94100af1dcead8fa7df5e7,test
po_0005_c_part_008,FAKE,C:\Users\Harish\Downloads\AI deepfake detection\AI_VOICE_DEEPFAKE_DETECTION\data\processed\audio\po_0005_c_part_008.npy,3.432,4.0,16000,16000,cb2a1c01f94486eb05aac044ae629aa34cd252b2151b798e84d2d67406f5b410,test
po_0005_part_002,FAKE,C:\Users\Harish\Downloads\AI deepfake detection\AI_VOICE_DEEPFAKE_DETECTION\data\processed\audio\po_0005_part_002.npy,5.046,4.0,16000,16000,1dd27024ea8067768a5fdc5f9f00deb7181c401515fbd0cd851f9c59a728e489,test
po_0007_part_001,FAKE,C:\Users\Harish\Downloads\AI deepfake detection\AI_VOICE_DEEPFAKE_DETECTION\data\processed\audio\po_0007_part_001.npy,5.589,4.0,16000,16000,968a27b06a00bf19b62fb44d81280f0955e9abedad5e40c5c1713341807ec997,test
po_0007_part_003,FAKE,C:\Users\Harish\Downloads\AI deepfake detection\AI_VOICE_DEEPFAKE_DETECTION\data\processed\audio\po_0007_part_003.npy,3.01,4.0,16000,16000,e462c5d8f88f5a1a4134a4686e6d12b4e9e38dfa6a6dbd6a4a3a54242272a86b,test
po_0008_c_part_009,FAKE,C:\Users\Harish\Downloads\AI deepfake detection\AI_VOICE_DEEPFAKE_DETECTION\data\processed\audio\po_0008_c_part_009.npy,3.991,4.0,16000,16000,77b46fd198386b54b5be28664ae6caa0067eab9d04d85f779a52420a05b1c4d5,test
po_0008_c_part_012,FAKE,C:\Users\Harish\Downloads\AI deepfake detection\AI_VOICE_DEEPFAKE_DETECTION\data\processed\audio\po_0008_c_part_012.npy,4.62,4.0,16000,16000,edfc233c9acb14b69a43afec6b87e7cbe159ce9433abd404caa439600bf8c885,test
po_0008_part_006,FAKE,C:\Users\Harish\Downloads\AI deepfake detection\AI_VOICE_DEEPFAKE_DETECTION\data\processed\audio\po_0008_part_006.npy,3.134,4.0,16000,16000,b0fa16d51377523233901d4bd46e34dfcc78f11a4478bf66104ce0abb027b577,test
po_0009_part_001,FAKE,C:\Users\Harish\Downloads\AI deepfake detection\AI_VOICE_DEEPFAKE_DETECTION\data\processed\audio\po_0009_part_001.npy,3.728,4.0,16000,16000,e84ebb7f8074ea649d6b235ff390aa834991ac6ec3eac5249fb5fc238dbfb410,test
po_0010_c_part_005,FAKE,C:\Users\Harish\Downloads\AI deepfake detection\AI_VOICE_DEEPFAKE_DETECTION\data\processed\audio\po_0010_c_part_005.npy,3.334,4.0,16000,16000,b588ec4ee075542e89ab05219726e52433b8b7fdecd4af77cd7bf5065b5db959,test
po_0010_part_001,FAKE,C:\Users\Harish\Downloads\AI deepfake detection\AI_VOICE_DEEPFAKE_DETECTION\data\processed\audio\po_0010_part_001.npy,4.303,4.0,16000,16000,63f187fc375827e47e523787262632ee33bbac103970f1898d967d3d5edef538,test
po_0010_part_002,FAKE,C:\Users\Harish\Downloads\AI deepfake detection\AI_VOICE_DEEPFAKE_DETECTION\data\processed\audio\po_0010_part_002.npy,3.083,4.0,16000,16000,d5179e94ca98e5608efe7c06593810785bcd75e707952d59f8fbbe87f1f7270c,test
po_0016_part_001,FAKE,C:\Users\Harish\Downloads\AI deepfake detection\AI_VOICE_DEEPFAKE_DETECTION\data\processed\audio\po_0016_part_001.npy,2.717,4.0,16000,16000,8b528c54ff484a74f314cd440a3187b445ddd84572781d6fc998f499962b3eb6,test
po_0017_part_001,FAKE,C:\Users\Harish\Downloads\AI deepfake detection\AI_VOICE_DEEPFAKE_DETECTION\data\processed\audio\po_0017_part_001.npy,4.974,4.0,16000,16000,57a83d900ca7fd59bdc5c502e6842db486e27ce7f459c8ec8d09209eb2373753,test
po_0020_part_002,FAKE,C:\Users\Harish\Downloads\AI deepfake detection\AI_VOICE_DEEPFAKE_DETECTION\data\processed\audio\po_0020_part_002.npy,5.449,4.0,16000,16000,9cd3a5bcea7436c396cff1b763621d0a9bb7dbfe18392751042542328c308a29,test
po_0021_part_001,FAKE,C:\Users\Harish\Downloads\AI deepfake detection\AI_VOICE_DEEPFAKE_DETECTION\data\processed\audio\po_0021_part_001.npy,4.925,4.0,16000,16000,b0ed0da793851d999cff9d9f277fe027a21c22de6a117f46812990e4cb2edc5f,test
po_0027_c_part_007,FAKE,C:\Users\Harish\Downloads\AI deepfake detection\AI_VOICE_DEEPFAKE_DETECTION\data\processed\audio\po_0027_c_part_007.npy,3.233,4.0,16000,16000,e2432c808963ea741a9cc5e6d07b1dceb2d25b998abed0e7d30b84bb61273a05,test
po_0027_c_part_008,FAKE,C:\Users\Harish\Downloads\AI deepfake detection\AI_VOICE_DEEPFAKE_DETECTION\data\processed\audio\po_0027_c_part_008.npy,3.386,4.0,16000,16000,b41f92df1ed04f2e9b42295ceb03c78186b310164d599142a591e139c613131d,test
po_0029_part_003,FAKE,C:\Users\Harish\Downloads\AI deepfake detection\AI_VOICE_DEEPFAKE_DETECTION\data\processed\audio\po_0029_part_003.npy,3.519,4.0,16000,16000,e369f6428f32575c0c1a66eeb99cbb0461235f5dfcfdaa71be3e1954a3dff816,test
po_0029_part_006,FAKE,C:\Users\Harish\Downloads\AI deepfake detection\AI_VOICE_DEEPFAKE_DETECTION\data\processed\audio\po_0029_part_006.npy,4.316,4.0,16000,16000,868b1c07954349a112a83ea6b724506bbc0bd2314498edcfaa81359f01e01775,test
po_0030_part_001,FAKE,C:\Users\Harish\Downloads\AI deepfake detection\AI_VOICE_DEEPFAKE_DETECTION\data\processed\audio\po_0030_part_001.npy,2.683,4.0,16000,16000,ea68d63d6c7a0475f44232412632a72bffe39e5e93ca22eabcc17d81f71fa1e5,test
po_0031_part_002,FAKE,C:\Users\Harish\Downloads\AI deepfake detection\AI_VOICE_DEEPFAKE_DETECTION\data\processed\audio\po_0031_part_002.npy,3.423,4.0,16000,16000,cd8c2574fdb4cd63870c2aea9a8818abfbd42e50846fe02ff965cd1204b66f05,test
po_0032_part_006,FAKE,C:\Users\Harish\Downloads\AI deepfake detection\AI_VOICE_DEEPFAKE_DETECTION\data\processed\audio\po_0032_part_006.npy,3.035,4.0,16000,16000,da95373d4855d2b0eafa113c8bcccd6bb8c8b0fc79fc9c829ce46e2589c6c747,test
po_0033_part_004,FAKE,C:\Users\Harish\Downloads\AI deepfake detection\AI_VOICE_DEEPFAKE_DETECTION\data\processed\audio\po_0033_part_004.npy,6.306,4.0,16000,16000,19172537ca877cc1e48afb560f9ebd7033a7ae0498c04fd9ef98d8e97a12f5ad,test
po_0034_part_001,FAKE,C:\Users\Harish\Downloads\AI deepfake detection\AI_VOICE_DEEPFAKE_DETECTION\data\processed\audio\po_0034_part_001.npy,2.735,4.0,16000,16000,f8c5aee679c91d9b0fb385ccc177810852940461a047ec957417bce5a4f58767,test
po_0034_part_005,FAKE,C:\Users\Harish\Downloads\AI deepfake detection\AI_VOICE_DEEPFAKE_DETECTION\data\processed\audio\po_0034_part_005.npy,3.802,4.0,16000,16000,ebadafeb32853ebf13dd45d281b518d2fbc765a75d4bf91a05523908ef9f2b3d,test
po_0034_part_007,FAKE,C:\Users\Harish\Downloads\AI deepfake detection\AI_VOICE_DEEPFAKE_DETECTION\data\processed\audio\po_0034_part_007.npy,4.792,4.0,16000,16000,6f726d5396a14c7400e83c72480e738255e49081722e9fc71f65ac5a906eaf05,test
po_0034_part_008,FAKE,C:\Users\Harish\Downloads\AI deepfake detection\AI_VOICE_DEEPFAKE_DETECTION\data\processed\audio\po_0034_part_008.npy,2.736,4.0,16000,16000,4bc6cc0736ce61aee0ce96744ed5e88c5d76ecea0609d5d2d546cdaa4662628e,test
sp_0001_c_part_018,FAKE,C:\Users\Harish\Downloads\AI deepfake detection\AI_VOICE_DEEPFAKE_DETECTION\data\processed\audio\sp_0001_c_part_018.npy,2.919,4.0,16000,16000,f1a3ca6cbe4e0d7022d1644748985c83a0289273cb5874fb0cd1bd275ff72a19,test
sp_0001_c_part_019,FAKE,C:\Users\Harish\Downloads\AI deepfake detection\AI_VOICE_DEEPFAKE_DETECTION\data\processed\audio\sp_0001_c_part_019.npy,3.145,4.0,16000,16000,f6f0bd8bc1cf840310cdf203997d039f5b16b576002aac3fa5134f2f965a4a03,test
sp_0001_part_005,FAKE,C:\Users\Harish\Downloads\AI deepfake detection\AI_VOICE_DEEPFAKE_DETECTION\data\processed\audio\sp_0001_part_005.npy,3.351,4.0,16000,16000,1d4a8772a346bbb4c9726d727814b5a9cf5a63fae2f737a6f2e38eee3c175733,test
sp_0001_part_006,FAKE,C:\Users\Harish\Downloads\AI deepfake detection\AI_VOICE_DEEPFAKE_DETECTION\data\processed\audio\sp_0001_part_006.npy,4.398,4.0,16000,16000,7090e23b88b425a4fff8e22d4bd3dab57a21d72ad75d823f54e1716c804ae393,test
sp_0001_part_014,FAKE,C:\Users\Harish\Downloads\AI deepfake detection\AI_VOICE_DEEPFAKE_DETECTION\data\processed\audio\sp_0001_part_014.npy,4.681,4.0,16000,16000,9370307c7a5d378d41f205c4e09cf2d4ed8c110e806a11940a2b7cbdb3e5368c,test
sp_0001_part_016,FAKE,C:\Users\Harish\Downloads\AI deepfake detection\AI_VOICE_DEEPFAKE_DETECTION\data\processed\audio\sp_0001_part_016.npy,2.858,4.0,16000,16000,2c03a986e619a3e30ce27a384ccba90c2c4673c2cafe1271804b17158c451be5,test
sp_0002_c_part_008,FAKE,C:\Users\Harish\Downloads\AI deepfake detection\AI_VOICE_DEEPFAKE_DETECTION\data\processed\audio\sp_0002_c_part_008.npy,3.953,4.0,16000,16000,b0cac32f58d7e66554bed6bc4fd68c86d59849a50ca5c2780b2420b7b6f46018,test
sp_0002_c_part_011,FAKE,C:\Users\Harish\Downloads\AI deepfake detection\AI_VOICE_DEEPFAKE_DETECTION\data\processed\audio\sp_0002_c_part_011.npy,3.888,4.0,16000,16000,c3b999f60fbcae37e51ef318d30980d98d1f6812fbfdd6281810a0e6c2ece38b,test
sp_0002_c_part_020,FAKE,C:\Users\Harish\Downloads\AI deepfake detection\AI_VOICE_DEEPFAKE_DETECTION\data\processed\audio\sp_0002_c_part_020.npy,3.215,4.0,16000,16000,8f4d873da7699d58f6d11dafcd66599e87145287efe2649b00f58e91f7f24851,test
sp_0003_c_part_015,FAKE,C:\Users\Harish\Downloads\AI deepfake detection\AI_VOICE_DEEPFAKE_DETECTION\data\processed\audio\sp_0003_c_part_015.npy,3.888,4.0,16000,16000,a835543585d777bdcba57bcb7cf964d7732e642ab6a38e5e40541e583a72961e,test
sp_0003_part_003,FAKE,C:\Users\Harish\Downloads\AI deepfake detection\AI_VOICE_DEEPFAKE_DETECTION\data\processed\audio\sp_0003_part_003.npy,3.367,4.0,16000,16000,9819865067cf4e2dd8afffa8ebf4a468e5499cad949b3c70ab594474a0784713,test
sp_0004_c_part_023,FAKE,C:\Users\Harish\Downloads\AI deepfake detection\AI_VOICE_DEEPFAKE_DETECTION\data\processed\audio\sp_0004_c_part_023.npy,2.96,4.0,16000,16000,bf2ccab76821b4a868d87af5cad69c4e739132a11f7157126e75c8ee6d782e33,test
sp_0004_c_part_024,FAKE,C:\Users\Harish\Downloads\AI deepfake detection\AI_VOICE_DEEPFAKE_DETECTION\data\processed\audio\sp_0004_c_part_024.npy,3.42,4.0,16000,16000,31d195a561311d23d0612d4b531a81cd3c0e061a44dd7f7ddf00af8bb1c61953,test
sp_0004_part_002,FAKE,C:\Users\Harish\Downloads\AI deepfake detection\AI_VOICE_DEEPFAKE_DETECTION\data\processed\audio\sp_0004_part_002.npy,2.79,4.0,16000,16000,f56eb6279587835e63c61b5657dee4273e4580187d94100af1dcead8fa7df5e7,test
sp_0004_part_014,FAKE,C:\Users\Harish\Downloads\AI deepfake detection\AI_VOICE_DEEPFAKE_DETECTION\data\processed\audio\sp_0004_part_014.npy,5.139,4.0,16000,16000,6132033929c51b7494ae54cfa59d4ea1e631bb9780607723c60f2f38ed9a6d59,test
sp_0004_part_018,FAKE,C:\Users\Harish\Downloads\AI deepfake detection\AI_VOICE_DEEPFAKE_DETECTION\data\processed\audio\sp_0004_part_018.npy,3.053,4.0,16000,16000,bb47868b1fc4cda432081ebb96b3ed530338cfd7976369268c98d925449cc7f2,test
sp_0004_part_019,FAKE,C:\Users\Harish\Downloads\AI deepfake detection\AI_VOICE_DEEPFAKE_DETECTION\data\processed\audio\sp_0004_part_019.npy,3.166,4.0,16000,16000,3f76552a5cca1e172b4dd01d0764a4603a1318bb04de7d740cb1773a917f913e,test
sp_0005_c_part_008,FAKE,C:\Users\Harish\Downloads\AI deepfake detection\AI_VOICE_DEEPFAKE_DETECTION\data\processed\audio\sp_0005_c_part_008.npy,3.432,4.0,16000,16000,cb2a1c01f94486eb05aac044ae629aa34cd252b2151b798e84d2d67406f5b410,test
sp_0005_c_part_016,FAKE,C:\Users\Harish\Downloads\AI deepfake detection\AI_VOICE_DEEPFAKE_DETECTION\data\processed\audio\sp_0005_c_part_016.npy,3.471,4.0,16000,16000,fece41f033b6164f03dd72b29d61a27fcea7a9fee6450afda8a8b6a90520e7d9,test
sp_0005_c_part_019,FAKE,C:\Users\Harish\Downloads\AI deepfake detection\AI_VOICE_DEEPFAKE_DETECTION\data\processed\audio\sp_0005_c_part_019.npy,2.601,4.0,16000,16000,e9c03063b606b711e9189bf0619d0cc3f4ada67b517769cd2915834410ed6f52,test
sp_0005_part_002,FAKE,C:\Users\Harish\Downloads\AI deepfake detection\AI_VOICE_DEEPFAKE_DETECTION\data\processed\audio\sp_0005_part_002.npy,5.046,4.0,16000,16000,1dd27024ea8067768a5fdc5f9f00deb7181c401515fbd0cd851f9c59a728e489,test
sp_0005_part_012,FAKE,C:\Users\Harish\Downloads\AI deepfake detection\AI_VOICE_DEEPFAKE_DETECTION\data\processed\audio\sp_0005_part_012.npy,2.997,4.0,16000,16000,734b18e4b9457b21081b84128a37e080cc7a70658b9e8bacfe90ba0e83ff7104,test
sp_0005_part_013,FAKE,C:\Users\Harish\Downloads\AI deepfake detection\AI_VOICE_DEEPFAKE_DETECTION\data\processed\audio\sp_0005_part_013.npy,4.347,4.0,16000,16000,be9fab8378a6d053b5e589e5e239e25cfb868eb2f41fdf3abf7a79221ead9793,test
sp_0006_c_part_023,FAKE,C:\Users\Harish\Downloads\AI deepfake detection\AI_VOICE_DEEPFAKE_DETECTION\data\processed\audio\sp_0006_c_part_023.npy,2.987,4.0,16000,16000,530b5729e850eabb206317c5cb70050fe7470bb2868ae7002bb0c4abc1479033,test
sp_0007_part_001,FAKE,C:\Users\Harish\Downloads\AI deepfake detection\AI_VOICE_DEEPFAKE_DETECTION\data\processed\audio\sp_0007_part_001.npy,5.589,4.0,16000,16000,968a27b06a00bf19b62fb44d81280f0955e9abedad5e40c5c1713341807ec997,test
sp_0007_part_003,FAKE,C:\Users\Harish\Downloads\AI deepfake detection\AI_VOICE_DEEPFAKE_DETECTION\data\processed\audio\sp_0007_part_003.npy,3.01,4.0,16000,16000,e462c5d8f88f5a1a4134a4686e6d12b4e9e38dfa6a6dbd6a4a3a54242272a86b,test
sp_0008_c_part_009,FAKE,C:\Users\Harish\Downloads\AI deepfake detection\AI_VOICE_DEEPFAKE_DETECTION\data\processed\audio\sp_0008_c_part_009.npy,3.991,4.0,16000,16000,77b46fd198386b54b5be28664ae6caa0067eab9d04d85f779a52420a05b1c4d5,test
sp_0008_c_part_012,FAKE,C:\Users\Harish\Downloads\AI deepfake detection\AI_VOICE_DEEPFAKE_DETECTION\data\processed\audio\sp_0008_c_part_012.npy,4.62,4.0,16000,16000,edfc233c9acb14b69a43afec6b87e7cbe159ce9433abd404caa439600bf8c885,test
sp_0008_part_006,FAKE,C:\Users\Harish\Downloads\AI deepfake detection\AI_VOICE_DEEPFAKE_DETECTION\data\processed\audio\sp_0008_part_006.npy,3.134,4.0,16000,16000,b0fa16d51377523233901d4bd46e34dfcc78f11a4478bf66104ce0abb027b577,test
sp_0009_part_001,FAKE,C:\Users\Harish\Downloads\AI deepfake detection\AI_VOICE_DEEPFAKE_DETECTION\data\processed\audio\sp_0009_part_001.npy,3.728,4.0,16000,16000,e84ebb7f8074ea649d6b235ff390aa834991ac6ec3eac5249fb5fc238dbfb410,test
sp_0010_c_part_005,FAKE,C:\Users\Harish\Downloads\AI deepfake detection\AI_VOICE_DEEPFAKE_DETECTION\data\processed\audio\sp_0010_c_part_005.npy,3.334,4.0,16000,16000,b588ec4ee075542e89ab05219726e52433b8b7fdecd4af77cd7bf5065b5db959,test
sp_0010_part_001,FAKE,C:\Users\Harish\Downloads\AI deepfake detection\AI_VOICE_DEEPFAKE_DETECTION\data\processed\audio\sp_0010_part_001.npy,4.303,4.0,16000,16000,63f187fc375827e47e523787262632ee33bbac103970f1898d967d3d5edef538,test
sp_0010_part_002,FAKE,C:\Users\Harish\Downloads\AI deepfake detection\AI_VOICE_DEEPFAKE_DETECTION\data\processed\audio\sp_0010_part_002.npy,3.083,4.0,16000,16000,d5179e94ca98e5608efe7c06593810785bcd75e707952d59f8fbbe87f1f7270c,test
