sample_id,label,audio_path,duration,original_sample_rate,speaker_id,generator_name,sha256,duplicate_group_id
yt_0000_p2_part_167,REAL,C:\Users\Harish\Downloads\ai-deepfake-detection\data\raw\real\yt_0000_p2_part_167.flac,5.237,44100,yt_0000,YouTube Human Speech,62438ab9da792d02e73dd3994ad0f1dd730472919fe10e1b15eebc306b448a17,group_0597
yt_0000_part_001,REAL,C:\Users\Harish\Downloads\ai-deepfake-detection\data\raw\real\yt_0000_part_001.flac,4.642,44100,yt_0000,YouTube Human Speech,a986e4cc4a3689533608307f477cdb43979784c58e1711b3db6620b96aa115e5,group_1069
yt_0000_part_002,REAL,C:\Users\Harish\Downloads\ai-deepfake-detection\data\raw\real\yt_0000_part_002.flac,5.79,44100,yt_0000,YouTube Human Speech,8505b1e3aae1e7b3ade5a2684ec35495b4cc72691b1473280fbe438d9763b0b4,group_0827
yt_0000_part_005,REAL,C:\Users\Harish\Downloads\ai-deepfake-detection\data\raw\real\yt_0000_part_005.flac,9.443,44100,yt_0000,YouTube Human Speech,411491becb7807e87a71da1755d2aca38630d3e3205b69f366e97667543394ab,group_0398
yt_0000_part_008,REAL,C:\Users\Harish\Downloads\ai-deepfake-detection\data\raw\real\yt_0000_part_008.flac,6.533,44100,yt_0000,YouTube Human Speech,b490593e5acab51da94750f9e09459a894e0db2f8c8a78b509c3eb2865ab3970,group_1145
yt_0000_part_010,REAL,C:\Users\Harish\Downloads\ai-deepfake-detection\data\raw\real\yt_0000_part_010.flac,2.806,44100,yt_0000,YouTube Human Speech,73cbf84948fc4a835b2543b6b47faf5d4e84b436e8bc4feb39ffb9ee579e9477,group_0714
yt_0000_part_011,REAL,C:\Users\Harish\Downloads\ai-deepfake-detection\data\raw\real\yt_0000_part_011.flac,3.33,44100,yt_0000,YouTube Human Speech,f97398577956cf7207d39b5225c1233be0688cffd1104a1febae63725e51acd8,group_1610
yt_0000_part_013,REAL,C:\Users\Harish\Downloads\ai-deepfake-detection\data\raw\real\yt_0000_part_013.flac,4.093,44100,yt_0000,YouTube Human Speech,e0af6276eb173b254f5a7130854f51d9434cef7e335ea4cbfa40b86c29d73f56,group_1424
yt_0000_part_015,REAL,C:\Users\Harish\Downloads\ai-deepfake-detection\data\raw\real\yt_0000_part_015.flac,2.805,44100,yt_0000,YouTube Human Speech,8466c65a81d6cbef4cd16aa180f16cfb206a14f19f1724410e68b97bb4a14f9d,group_0818
yt_0000_part_017,REAL,C:\Users\Harish\Downloads\ai-deepfake-detection\data\raw\real\yt_0000_part_017.flac,3.74,44100,yt_0000,YouTube Human Speech,8ecded060531d000adef3c9c30a8e820e1dcae9bb6e12139acc3d3ff8ce8bfe9,group_0883
yt_0000_part_019,REAL,C:\Users\Harish\Downloads\ai-deepfake-detection\data\raw\real\yt_0000_part_019.flac,2.806,44100,yt_0000,YouTube Human Speech,522fcced271707697bea4f03fab46dc81d07bba5f8b0f89cb1e0bd6e1aca6d63,group_0499
yt_0000_part_020,REAL,C:\Users\Harish\Downloads\ai-deepfake-detection\data\raw\real\yt_0000_part_020.flac,4.981,44100,yt_0000,YouTube Human Speech,cc8a4098d82193b15b3bb4dbb4d06f78f2bb9dc67934e9e0da832e933e0de01b,group_1293
yt_0000_part_022,REAL,C:\Users\Harish\Downloads\ai-deepfake-detection\data\raw\real\yt_0000_part_022.flac,5.609,44100,yt_0000,YouTube Human Speech,2064bfca06df098b2cebb6701569ed219fdb2f90403d99971ef8641bcee924e6,group_0198
yt_0000_part_024,REAL,C:\Users\Harish\Downloads\ai-deepfake-detection\data\raw\real\yt_0000_part_024.flac,3.925,44100,yt_0000,YouTube Human Speech,4e1336714619629ae5f1ee2e72e9ca45f671391e2cba8798d7adcab7ab85f299,group_0480
yt_0000_part_025,REAL,C:\Users\Harish\Downloads\ai-deepfake-detection\data\raw\real\yt_0000_part_025.flac,3.949,44100,yt_0000,YouTube Human Speech,16babc6c29f86c0d19b353b71bb6b20877a21c73db84deaeeb19d787aaba6e49,group_0135
yt_0000_part_028,REAL,C:\Users\Harish\Downloads\ai-deepfake-detection\data\raw\real\yt_0000_part_028.flac,7.291,44100,yt_0000,YouTube Human Speech,67707f9cc2dbde38b32df6e5345e9b0a58f72c21c0e3766db81bc2bd84b9d98d,group_0630
yt_0000_part_029,REAL,C:\Users\Harish\Downloads\ai-deepfake-detection\data\raw\real\yt_0000_part_029.flac,5.745,44100,yt_0000,YouTube Human Speech,426b88037fe5618af72c8cb06ea2743252e31da6f0342a54fae2cd14232e1937,group_0406
yt_0000_part_030,REAL,C:\Users\Harish\Downloads\ai-deepfake-detection\data\raw\real\yt_0000_part_030.flac,9.411,44100,yt_0000,YouTube Human Speech,ba74fae18a5ce0e251e38abafdcc132b0acf48ea5985b29a8a1c5ca836e5a730,group_1177
yt_0000_part_031,REAL,C:\Users\Harish\Downloads\ai-deepfake-detection\data\raw\real\yt_0000_part_031.flac,6.755,44100,yt_0000,YouTube Human Speech,39a9436c4a655c9e6bf638d62122d749ea49bf90d5bdd8404be2f8e0f4792dde,group_0351
yt_0000_part_033,REAL,C:\Users\Harish\Downloads\ai-deepfake-detection\data\raw\real\yt_0000_part_033.flac,3.044,44100,yt_0000,YouTube Human Speech,4f8f4281f33d35c306ed579a6c4bfd15ee98c90bb2c3a0390f3ab61be32efb11,group_0485
yt_0000_part_035,REAL,C:\Users\Harish\Downloads\ai-deepfake-detection\data\raw\real\yt_0000_part_035.flac,3.282,44100,yt_0000,YouTube Human Speech,f2e3c9c36452141108da8503e308684a04be1fa7a54d0fe18c205106aeddb1f9,group_1553
yt_0000_part_037,REAL,C:\Users\Harish\Downloads\ai-deepfake-detection\data\raw\real\yt_0000_part_037.flac,3.527,44100,yt_0000,YouTube Human Speech,29704bb0ba3337833eaee43e760312008ddf5a4e26abe63e29ba6de8b8eccec6,group_0254
yt_0000_part_038,REAL,C:\Users\Harish\Downloads\ai-deepfake-detection\data\raw\real\yt_0000_part_038.flac,2.856,44100,yt_0000,YouTube Human Speech,e813072cac739927db7b32c45a43211aa0bc90fa190bcb342f97af5b5fa064dc,group_1471
yt_0000_part_039,REAL,C:\Users\Harish\Downloads\ai-deepfake-detection\data\raw\real\yt_0000_part_039.flac,2.907,44100,yt_0000,YouTube Human Speech,b9cc2bd296a30fc05a652df4793e7504b96d7a843b3cefc1f95fcfeff2a1e2c4,group_1174
yt_0000_part_042,REAL,C:\Users\Harish\Downloads\ai-deepfake-detection\data\raw\real\yt_0000_part_042.flac,5.952,44100,yt_0000,YouTube Human Speech,53c7e4649aedc3c4ceb15ebf3085ef605c1b67f21e29027a08b97e4caf593528,group_0512
yt_0000_part_045,REAL,C:\Users\Harish\Downloads\ai-deepfake-detection\data\raw\real\yt_0000_part_045.flac,3.454,44100,yt_0000,YouTube Human Speech,141eda34fc48df56d6c6cd960f25279b177dafc81efc395b2c5f80b752edf340,group_0123
yt_0000_part_046,REAL,C:\Users\Harish\Downloads\ai-deepfake-detection\data\raw\real\yt_0000_part_046.flac,4.383,44100,yt_0000,YouTube Human Speech,d700f542d73950030c7a6c9b4123020470713bbddfb69265e6bb73aad22d9479,group_1352
yt_0000_part_050,REAL,C:\Users\Harish\Downloads\ai-deepfake-detection\data\raw\real\yt_0000_part_050.flac,4.891,44100,yt_0000,YouTube Human Speech,60695062b18db08a46884a7469c056e51129e40dc1029534f25941fb108c3dfe,group_0581
yt_0000_part_052,REAL,C:\Users\Harish\Downloads\ai-deepfake-detection\data\raw\real\yt_0000_part_052.flac,3.097,44100,yt_0000,YouTube Human Speech,71be4d625311f14151181fd14960ee3e3ed60e9e2a166dd86b398fdeae86d123,group_0696
yt_0000_part_055,REAL,C:\Users\Harish\Downloads\ai-deepfake-detection\data\raw\real\yt_0000_part_055.flac,3.087,44100,yt_0000,YouTube Human Speech,1b27019f2dce4730aa2c435d36c9497612927d9d5704332082f007ddd7be795f,group_0176
yt_0000_part_056,REAL,C:\Users\Harish\Downloads\ai-deepfake-detection\data\raw\real\yt_0000_part_056.flac,6.431,44100,yt_0000,YouTube Human Speech,c27be62344901b29f403347a3ea3e0ddbdb5cac8ff58e23d517efeacf2985f22,group_1224
yt_0000_part_059,REAL,C:\Users\Harish\Downloads\ai-deepfake-detection\data\raw\real\yt_0000_part_059.flac,5.052,44100,yt_0000,YouTube Human Speech,a161ee00b38064cafbde8172ae96a5c7f63f778d5d15743ea91fd8d680c7075b,group_1007
yt_0000_part_060,REAL,C:\Users\Harish\Downloads\ai-deepfake-detection\data\raw\real\yt_0000_part_060.flac,3.372,44100,yt_0000,YouTube Human Speech,2ebbc2d4933fe35584695fe01ae5dae5faf505d2d7fc8ad7a7e8dc103e8ca249,group_0290
yt_0000_part_061,REAL,C:\Users\Harish\Downloads\ai-deepfake-detection\data\raw\real\yt_0000_part_061.flac,6.433,44100,yt_0000,YouTube Human Speech,5daafccb78df5148e9ac16906e3c4b41f2fa3ed1d2db36f9ab2ae56317231f40,group_0567
yt_0000_part_062,REAL,C:\Users\Harish\Downloads\ai-deepfake-detection\data\raw\real\yt_0000_part_062.flac,3.157,44100,yt_0000,YouTube Human Speech,87f395182ac06f538c3a725af84cc191c97d055828232b82e8f841b678605b21,group_0847
yt_0000_part_063,REAL,C:\Users\Harish\Downloads\ai-deepfake-detection\data\raw\real\yt_0000_part_063.flac,4.743,44100,yt_0000,YouTube Human Speech,4117a8c33068fa1483ec1405a1194888c8945d73298bf599dfcc0692afcd0249,group_0399
yt_0000_part_064,REAL,C:\Users\Harish\Downloads\ai-deepfake-detection\data\raw\real\yt_0000_part_064.flac,4.222,44100,yt_0000,YouTube Human Speech,da359a0340097e77c3f3b6f72c315e6ea356aa94b90960dea7f14d29e72b3a5c,group_1371
yt_0000_part_065,REAL,C:\Users\Harish\Downloads\ai-deepfake-detection\data\raw\real\yt_0000_part_065.flac,4.148,44100,yt_0000,YouTube Human Speech,d669740e3291709e99e2321b3ee7d98907f269f8a375a1b4d13c2ae74c299892,group_1347
yt_0000_part_068,REAL,C:\Users\Harish\Downloads\ai-deepfake-detection\data\raw\real\yt_0000_part_068.flac,3.917,44100,yt_0000,YouTube Human Speech,2c06a1fea35785842ecfa829827a3e4ee38343b75ff2e4edf14f49fe55edf0ca,group_0273
yt_0000_part_069,REAL,C:\Users\Harish\Downloads\ai-deepfake-detection\data\raw\real\yt_0000_part_069.flac,4.34,44100,yt_0000,YouTube Human Speech,7826f9e70646dedaebeba4aba00939530b6878a7e1c38e720b882e11d5eeab7f,group_0744
yt_0000_part_075,REAL,C:\Users\Harish\Downloads\ai-deepfake-detection\data\raw\real\yt_0000_part_075.flac,3.557,44100,yt_0000,YouTube Human Speech,fd767e752f050a88b66b6d213df8d009cc1b22c9bbd53b2da0bb689da472d335,group_1633
yt_0000_part_076,REAL,C:\Users\Harish\Downloads\ai-deepfake-detection\data\raw\real\yt_0000_part_076.flac,2.982,44100,yt_0000,YouTube Human Speech,c56e671e9c2bb976e09fa63539d8e4e0f9b14675c3af6527e3c12c3175613b38,group_1245
yt_0000_part_077,REAL,C:\Users\Harish\Downloads\ai-deepfake-detection\data\raw\real\yt_0000_part_077.flac,3.692,44100,yt_0000,YouTube Human Speech,23bc260f8dc4dd7bf6e5dc5e055e1ea4be55c9fd9c32a053eef65d78d754d79c,group_0219
yt_0000_part_079,REAL,C:\Users\Harish\Downloads\ai-deepfake-detection\data\raw\real\yt_0000_part_079.flac,5.383,44100,yt_0000,YouTube Human Speech,3b63bf3c4651f458089edfa65cd74787f8ae391134a6fe1d32ece55ad0c9b0c4,group_0363
yt_0000_part_084,REAL,C:\Users\Harish\Downloads\ai-deepfake-detection\data\raw\real\yt_0000_part_084.flac,3.145,44100,yt_0000,YouTube Human Speech,82dea4f22f80a99a914173f943eeb347cbe4b45eeb9df58b816ff4a079a35a0a,group_0805
yt_0000_part_088,REAL,C:\Users\Harish\Downloads\ai-deepfake-detection\data\raw\real\yt_0000_part_088.flac,2.734,44100,yt_0000,YouTube Human Speech,362d301ad8db1d4028eed4272e314de25d2c46605d137478ed6182e905a30228,group_0325
yt_0000_part_090,REAL,C:\Users\Harish\Downloads\ai-deepfake-detection\data\raw\real\yt_0000_part_090.flac,3.978,44100,yt_0000,YouTube Human Speech,b9a05daf72b2f40b80f69c7dbc5bea1c0065bd443c8f3632d09dd27f381972a3,group_1173
yt_0000_part_092,REAL,C:\Users\Harish\Downloads\ai-deepfake-detection\data\raw\real\yt_0000_part_092.flac,2.774,44100,yt_0000,YouTube Human Speech,0a415e945545cd23e3f023715178a8c121dc19c599a9bb982cc37c6702861c4d,group_0058
yt_0000_part_094,REAL,C:\Users\Harish\Downloads\ai-deepfake-detection\data\raw\real\yt_0000_part_094.flac,2.744,44100,yt_0000,YouTube Human Speech,b56c33cb9320f5227b5be29fb09dc55963b36a79726cd4fd095b2ab6e55be3a2,group_1150
yt_0000_part_100,REAL,C:\Users\Harish\Downloads\ai-deepfake-detection\data\raw\real\yt_0000_part_100.flac,3.057,44100,yt_0000,YouTube Human Speech,13aeb11dc3a3c5b6200294fa6950ebeab46750b1fb178e950c1fb7067c8196c2,group_0119
yt_0000_part_101,REAL,C:\Users\Harish\Downloads\ai-deepfake-detection\data\raw\real\yt_0000_part_101.flac,2.547,44100,yt_0000,YouTube Human Speech,aa2362adfa4d8c647472cf7c194d7c1956d4b275277ae76b8ce0f3425d6f55e1,group_1073
yt_0000_part_105,REAL,C:\Users\Harish\Downloads\ai-deepfake-detection\data\raw\real\yt_0000_part_105.flac,4.95,44100,yt_0000,YouTube Human Speech,f574c6c2623f8707e74d61a4f3e3a884b0a1ec2af153f82c92a2e7b88a3e7bd9,group_1577
yt_0000_part_106,REAL,C:\Users\Harish\Downloads\ai-deepfake-detection\data\raw\real\yt_0000_part_106.flac,2.71,44100,yt_0000,YouTube Human Speech,7d3115b695da0dd2c78bffd1801b1d3918b89b7679a425ca62b17427cb5983e4,group_0774
yt_0000_part_114,REAL,C:\Users\Harish\Downloads\ai-deepfake-detection\data\raw\real\yt_0000_part_114.flac,5.465,44100,yt_0000,YouTube Human Speech,666d5c4345fdd922209908ecf23a7de37fd0c00469f70732acc7f76b271e7595,group_0625
yt_0000_part_115,REAL,C:\Users\Harish\Downloads\ai-deepfake-detection\data\raw\real\yt_0000_part_115.flac,2.797,44100,yt_0000,YouTube Human Speech,94f27d3ae08bbf20550957ceea885527a3c7b9bd99d747182c47fe0a4d84a56f,group_0928
yt_0000_part_119,REAL,C:\Users\Harish\Downloads\ai-deepfake-detection\data\raw\real\yt_0000_part_119.flac,5.008,44100,yt_0000,YouTube Human Speech,3017dc7ce789278efe4903f86e2926b45b09b42036a495bc6d8b2b6ef04b48f9,group_0294
yt_0000_part_120,REAL,C:\Users\Harish\Downloads\ai-deepfake-detection\data\raw\real\yt_0000_part_120.flac,4.455,44100,yt_0000,YouTube Human Speech,baa5d3a956d292694cdb7c48ccdbb7ba294aa26f59ab3b3eeec6427035ae671b,group_1178
yt_0000_part_121,REAL,C:\Users\Harish\Downloads\ai-deepfake-detection\data\raw\real\yt_0000_part_121.flac,3.372,44100,yt_0000,YouTube Human Speech,0d52e3b22c66d19c72ef05ba23f6d93d9c5fd4cdd0ce54727e74f10f1f663812,group_0085
yt_0000_part_125,REAL,C:\Users\Harish\Downloads\ai-deepfake-detection\data\raw\real\yt_0000_part_125.flac,6.459,44100,yt_0000,YouTube Human Speech,b09f31de4fad6e9e45bb35270db5960e90276c765c16f0fab1f94ecb7606c47c,group_1115
yt_0000_part_137,REAL,C:\Users\Harish\Downloads\ai-deepfake-detection\data\raw\real\yt_0000_part_137.flac,4.691,44100,yt_0000,YouTube Human Speech,4451ad14af20dde91b725f4853ce6e9a8fe37c2655e0e992f56266971bd3c2d9,group_0422
yt_0000_part_140,REAL,C:\Users\Harish\Downloads\ai-deepfake-detection\data\raw\real\yt_0000_part_140.flac,7.344,44100,yt_0000,YouTube Human Speech,1ae93274a488bfa389e9a6d96b80d7df5825ef4239c02f62d06a5dfb2b12aeb5,group_0173
yt_0000_part_142,REAL,C:\Users\Harish\Downloads\ai-deepfake-detection\data\raw\real\yt_0000_part_142.flac,3.931,44100,yt_0000,YouTube Human Speech,5c6cbdf44448f3d0057a9989ca66435ffe3b1ebf5ac26848bf2c891fb0120451,group_0561
yt_0000_part_145,REAL,C:\Users\Harish\Downloads\ai-deepfake-detection\data\raw\real\yt_0000_part_145.flac,2.667,44100,yt_0000,YouTube Human Speech,27a0d319667e6b9157e0b8ccb2e6b82cfc0ce4c382cf3b5d25b51ba6d4fe1149,group_0243
yt_0000_part_148,REAL,C:\Users\Harish\Downloads\ai-deepfake-detection\data\raw\real\yt_0000_part_148.flac,2.711,44100,yt_0000,YouTube Human Speech,c9f68d54ad60b6f8f8efc122a5ff6c8992480f27d8e3d6abab11786912e59395,group_1271
yt_0000_part_150,REAL,C:\Users\Harish\Downloads\ai-deepfake-detection\data\raw\real\yt_0000_part_150.flac,3.816,44100,yt_0000,YouTube Human Speech,0c3740392c261a62dc1b4467b3f52d2a8e06a553fcea034f031afef0e780f4c4,group_0074
yt_0000_part_151,REAL,C:\Users\Harish\Downloads\ai-deepfake-detection\data\raw\real\yt_0000_part_151.flac,6.95,44100,yt_0000,YouTube Human Speech,a3516b16bce1274541f820d1198a8e9fd527da2e00e79c96dc8ac86a31d09164,group_1019
yt_0000_part_152,REAL,C:\Users\Harish\Downloads\ai-deepfake-detection\data\raw\real\yt_0000_part_152.flac,5.312,44100,yt_0000,YouTube Human Speech,7c8986642bb841a854b19fd4936f81fb12ed73e831a96c5de1f2381bda3f2652,group_0770
yt_0000_part_158,REAL,C:\Users\Harish\Downloads\ai-deepfake-detection\data\raw\real\yt_0000_part_158.flac,3.852,44100,yt_0000,YouTube Human Speech,01bb83b21f060fc9406998aa2be4b62075baa18b25af037fa1be82722f248428,group_0005
yt_0000_part_159,REAL,C:\Users\Harish\Downloads\ai-deepfake-detection\data\raw\real\yt_0000_part_159.flac,3.688,44100,yt_0000,YouTube Human Speech,6478d5855fd259059952a665dc35183ed674b165b0bef0e409e956dca10595bb,group_0611
yt_0000_part_161,REAL,C:\Users\Harish\Downloads\ai-deepfake-detection\data\raw\real\yt_0000_part_161.flac,11.784,44100,yt_0000,YouTube Human Speech,4fa082670d223f6028861884a7208d3c6db2540d742d35033eb7c8a09a30ab54,group_0487
yt_0000_part_162,REAL,C:\Users\Harish\Downloads\ai-deepfake-detection\data\raw\real\yt_0000_part_162.flac,9.1,44100,yt_0000,YouTube Human Speech,e6b2fc42a991e5b27e4f9fa533552f75ea178297f41e8ac15884986940d3144c,group_1462
yt_0000_part_163,REAL,C:\Users\Harish\Downloads\ai-deepfake-detection\data\raw\real\yt_0000_part_163.flac,3.305,44100,yt_0000,YouTube Human Speech,4dfdb49085435b5ab2160f2e0512955f285fde644cec40ece087886e86f1745a,group_0477
yt_0000_part_164,REAL,C:\Users\Harish\Downloads\ai-deepfake-detection\data\raw\real\yt_0000_part_164.flac,4.379,44100,yt_0000,YouTube Human Speech,92ce53cb3a478d66a493315c46c5c993ca042dbe85f78e091ecc8aaa034f3f2b,group_0909
yt_0001_part_001,REAL,C:\Users\Harish\Downloads\ai-deepfake-detection\data\raw\real\yt_0001_part_001.flac,5.002,44100,yt_0001,YouTube Human Speech,1afb08586779ac090607f82a2ab2d03cd27c7a0a7dce2cda5efb0c4b369930f3,group_0175
yt_0001_part_003,REAL,C:\Users\Harish\Downloads\ai-deepfake-detection\data\raw\real\yt_0001_part_003.flac,5.969,44100,yt_0001,YouTube Human Speech,7d24761d0468e4757db98d65954598fb31a1a96d065c8728a017506dec6dcddb,group_0773
yt_0001_part_006,REAL,C:\Users\Harish\Downloads\ai-deepfake-detection\data\raw\real\yt_0001_part_006.flac,3.527,44100,yt_0001,YouTube Human Speech,bf618b62154613b14106c6e78336bb6007c289a095917b2eb06192a1870242bf,group_1202
yt_0001_part_008,REAL,C:\Users\Harish\Downloads\ai-deepfake-detection\data\raw\real\yt_0001_part_008.flac,2.841,44100,yt_0001,YouTube Human Speech,ab5bd34289dff48e668cbdd63f3499f2618a0d07c98ef0bc8aa5238c6073046e,group_1083
yt_0001_part_010,REAL,C:\Users\Harish\Downloads\ai-deepfake-detection\data\raw\real\yt_0001_part_010.flac,2.921,44100,yt_0001,YouTube Human Speech,f06c9e12682c1bbda6a41215d1aced2043078d718765f6c3b1672b514daf924c,group_1533
yt_0001_part_011,REAL,C:\Users\Harish\Downloads\ai-deepfake-detection\data\raw\real\yt_0001_part_011.flac,4.156,44100,yt_0001,YouTube Human Speech,680fe64a68541c9b1608bbd9946766146dbd881d0cdb8d784e2f6a6aa0e8b651,group_0635
yt_0001_part_012,REAL,C:\Users\Harish\Downloads\ai-deepfake-detection\data\raw\real\yt_0001_part_012.flac,7.567,44100,yt_0001,YouTube Human Speech,187cfc84e2bb2f3252897139f43f3dbbd8dbc17456d9baf20d257e0692470ab1,group_0152
yt_0001_part_014,REAL,C:\Users\Harish\Downloads\ai-deepfake-detection\data\raw\real\yt_0001_part_014.flac,3.122,44100,yt_0001,YouTube Human Speech,ece4441a4bfa56cd9f629f96a1e1f1717c2715e1520fe74c793a1e9d01e44726,group_1511
yt_0001_part_017,REAL,C:\Users\Harish\Downloads\ai-deepfake-detection\data\raw\real\yt_0001_part_017.flac,9.174,44100,yt_0001,YouTube Human Speech,8e5067ae0aa50f8dd7624f16d153c04f05a4cad4f8e5ab4f9cf5e35584e956c9,group_0879
yt_0001_part_023,REAL,C:\Users\Harish\Downloads\ai-deepfake-detection\data\raw\real\yt_0001_part_023.flac,2.753,44100,yt_0001,YouTube Human Speech,3dfb194bb6299482953414524684fcb9d8345545825c5efbfd339285e3e9eecb,group_0378
yt_0001_part_024,REAL,C:\Users\Harish\Downloads\ai-deepfake-detection\data\raw\real\yt_0001_part_024.flac,4.239,44100,yt_0001,YouTube Human Speech,2300bef25e121deb29c3e2e21e96ac53c0397b06e940c716a32645c18435c403,group_0216
yt_0001_part_025,REAL,C:\Users\Harish\Downloads\ai-deepfake-detection\data\raw\real\yt_0001_part_025.flac,6.222,44100,yt_0001,YouTube Human Speech,4407ab7bd6e05de23eb6fe07a1e17c1818345624828245bbecaa67d779fe5fa0,group_0416
yt_0001_part_026,REAL,C:\Users\Harish\Downloads\ai-deepfake-detection\data\raw\real\yt_0001_part_026.flac,4.732,44100,yt_0001,YouTube Human Speech,9af00cb57a708677312b66e597ef138f77a393f7284146546334b52133a2c1fe,group_0967
yt_0002_part_003,REAL,C:\Users\Harish\Downloads\ai-deepfake-detection\data\raw\real\yt_0002_part_003.flac,8.529,44100,yt_0002,YouTube Human Speech,6fe9170a8779c1e3275881ededec09470abc7d155d5436bda46368019af69520,group_0681
yt_0002_part_004,REAL,C:\Users\Harish\Downloads\ai-deepfake-detection\data\raw\real\yt_0002_part_004.flac,3.436,44100,yt_0002,YouTube Human Speech,573cdffd78693942758a7c8c5603a5f11d79eef19e8e93834263c72f4b134300,group_0532
yt_0002_part_008,REAL,C:\Users\Harish\Downloads\ai-deepfake-detection\data\raw\real\yt_0002_part_008.flac,2.563,44100,yt_0002,YouTube Human Speech,7058ad92700e4af2c6d95e063d09a5be90be6cf9710a24d3a99ea6cc3a5e4589,group_0683
yt_0002_part_009,REAL,C:\Users\Harish\Downloads\ai-deepfake-detection\data\raw\real\yt_0002_part_009.flac,3.546,44100,yt_0002,YouTube Human Speech,2849f3eef5ab20acf4ab87d6f6917227891ead109590240341fbe81507cdc480,group_0245
yt_0002_part_014,REAL,C:\Users\Harish\Downloads\ai-deepfake-detection\data\raw\real\yt_0002_part_014.flac,2.613,44100,yt_0002,YouTube Human Speech,8fe5f487d8ecc47310d8500fa6478b5615f97cbb27aa7be4c7119c4edbb027a1,group_0891
yt_0002_part_015,REAL,C:\Users\Harish\Downloads\ai-deepfake-detection\data\raw\real\yt_0002_part_015.flac,5.823,44100,yt_0002,YouTube Human Speech,1a1d550d991065113bc61623d61537d9ea93d7bbeaae69839c09b070972b24f8,group_0165
yt_0002_part_017,REAL,C:\Users\Harish\Downloads\ai-deepfake-detection\data\raw\real\yt_0002_part_017.flac,3.176,44100,yt_0002,YouTube Human Speech,8ff908927c580a0724be7f4de2a156245970fa45851ff0ded8cd23954e392d18,group_0892
yt_0002_part_019,REAL,C:\Users\Harish\Downloads\ai-deepfake-detection\data\raw\real\yt_0002_part_019.flac,3.758,44100,yt_0002,YouTube Human Speech,2a383ee2b8434158de8260d22fd778ae8c6834ee2330f552d10a5d8c989738a8,group_0260
yt_0002_part_021,REAL,C:\Users\Harish\Downloads\ai-deepfake-detection\data\raw\real\yt_0002_part_021.flac,3.813,44100,yt_0002,YouTube Human Speech,d570b853ead6841c37862dbe122c4e350045a6fd5aa4782bef3003429d3b59b9,group_1341
yt_0002_part_026,REAL,C:\Users\Harish\Downloads\ai-deepfake-detection\data\raw\real\yt_0002_part_026.flac,3.809,44100,yt_0002,YouTube Human Speech,92d02faeed41744a3f241339d063e53c162730f05996d20a877ff469140a9a1a,group_0911
yt_0003_part_001,REAL,C:\Users\Harish\Downloads\ai-deepfake-detection\data\raw\real\yt_0003_part_001.flac,4.93,44100,yt_0003,YouTube Human Speech,b2687aa1d1e7bb7d392715d7288d42289787e11d5346cdcab6c7aa386b4cd917,group_1128
yt_0003_part_003,REAL,C:\Users\Harish\Downloads\ai-deepfake-detection\data\raw\real\yt_0003_part_003.flac,2.749,44100,yt_0003,YouTube Human Speech,ae3abe3aab6e24162c688c65a711cc705b18bf9c9fed47a6f1eef87893f0a825,group_1100
yt_0003_part_004,REAL,C:\Users\Harish\Downloads\ai-deepfake-detection\data\raw\real\yt_0003_part_004.flac,3.11,44100,yt_0003,YouTube Human Speech,f49ddf215fe202a79db48a7bb0af906bd42b6db239e011316688644a1a683c32,group_1571
yt_0003_part_009,REAL,C:\Users\Harish\Downloads\ai-deepfake-detection\data\raw\real\yt_0003_part_009.flac,3.557,44100,yt_0003,YouTube Human Speech,f5e8fe6e496132adfa8caf3eb74e76ea12c59588ae210ea2f261a6f27c69a034,group_1579
yt_0003_part_010,REAL,C:\Users\Harish\Downloads\ai-deepfake-detection\data\raw\real\yt_0003_part_010.flac,3.266,44100,yt_0003,YouTube Human Speech,042fa806d4492eb92060f12d6707b6d29870bb44ab8f7ef0fb5824db191f95bc,group_0016
yt_0003_part_011,REAL,C:\Users\Harish\Downloads\ai-deepfake-detection\data\raw\real\yt_0003_part_011.flac,2.757,44100,yt_0003,YouTube Human Speech,916728034803dee1bdca6f908ad534eeded99c02a5af5ecd202a69a92f887216,group_0902
yt_0003_part_012,REAL,C:\Users\Harish\Downloads\ai-deepfake-detection\data\raw\real\yt_0003_part_012.flac,6.331,44100,yt_0003,YouTube Human Speech,ddf04a3bdb35b7d53498963b1da129bec3c724b7919d22649d949d896a6ab881,group_1405
yt_0003_part_013,REAL,C:\Users\Harish\Downloads\ai-deepfake-detection\data\raw\real\yt_0003_part_013.flac,3.851,44100,yt_0003,YouTube Human Speech,93e670834b6ae724e414c5295a2a089ab7f3e16194cc24a3322ab5b322dd1adb,group_0923
yt_0003_part_014,REAL,C:\Users\Harish\Downloads\ai-deepfake-detection\data\raw\real\yt_0003_part_014.flac,2.964,44100,yt_0003,YouTube Human Speech,afb2d1d94ece5ebf70f74792f7558b05dcb99a70d4c4f48b5dab58ec1a60c89f,group_1110
yt_0003_part_017,REAL,C:\Users\Harish\Downloads\ai-deepfake-detection\data\raw\real\yt_0003_part_017.flac,4.025,44100,yt_0003,YouTube Human Speech,93aa1359d14fa851f56a5c30f7b272b753dd3073784e9d1d5bf0c1457e0027bb,group_0918
yt_0003_part_019,REAL,C:\Users\Harish\Downloads\ai-deepfake-detection\data\raw\real\yt_0003_part_019.flac,2.782,44100,yt_0003,YouTube Human Speech,77428e0e5d3b7432c715650475627ff11025ff5ebe61ff3d2007b77779ec03af,group_0740
yt_0004_part_001,REAL,C:\Users\Harish\Downloads\ai-deepfake-detection\data\raw\real\yt_0004_part_001.flac,7.557,44100,yt_0004,YouTube Human Speech,55b3b5cd2890ffc6d95a5a9c7c7066cd294f34dfbf221e4310354093daf84d26,group_0519
yt_0004_part_003,REAL,C:\Users\Harish\Downloads\ai-deepfake-detection\data\raw\real\yt_0004_part_003.flac,5.948,44100,yt_0004,YouTube Human Speech,e5ffc8ce40f35311a60302b40accacde7567330018367836ba609351558850b8,group_1456
yt_0004_part_005,REAL,C:\Users\Harish\Downloads\ai-deepfake-detection\data\raw\real\yt_0004_part_005.flac,2.709,44100,yt_0004,YouTube Human Speech,149a74962612912e25cd328ca72a1b3fa891767302da8634634491154e4396c2,group_0124
yt_0004_part_008,REAL,C:\Users\Harish\Downloads\ai-deepfake-detection\data\raw\real\yt_0004_part_008.flac,4.912,44100,yt_0004,YouTube Human Speech,6c0608ec30c670816e6596b93866ffe9b7462128446279df4f9125589f9c0ff9,group_0654
yt_0004_part_012,REAL,C:\Users\Harish\Downloads\ai-deepfake-detection\data\raw\real\yt_0004_part_012.flac,3.659,44100,yt_0004,YouTube Human Speech,3ab70a68659898deb55ea67007449e6df593a9ee4dc220f7e83c3719b2277a2d,group_0358
yt_0004_part_013,REAL,C:\Users\Harish\Downloads\ai-deepfake-detection\data\raw\real\yt_0004_part_013.flac,2.61,44100,yt_0004,YouTube Human Speech,8ffed302063d1ac2c76c0ba83f3d3f7189fc8b9e4cd920b7906cc2b6ac2bb03f,group_0893
yt_0004_part_015,REAL,C:\Users\Harish\Downloads\ai-deepfake-detection\data\raw\real\yt_0004_part_015.flac,6.965,44100,yt_0004,YouTube Human Speech,abc7ef8512eb80f77db656e0c62f8c79eb91a37e26fdcd7cb968dbf13fb93c12,group_1087
yt_0004_part_018,REAL,C:\Users\Harish\Downloads\ai-deepfake-detection\data\raw\real\yt_0004_part_018.flac,6.21,44100,yt_0004,YouTube Human Speech,e67cbe48c79040a6b91306aa717b23d3bc9f523984b2adb1f335b91a9136f42d,group_1459
yt_0004_part_025,REAL,C:\Users\Harish\Downloads\ai-deepfake-detection\data\raw\real\yt_0004_part_025.flac,3.268,44100,yt_0004,YouTube Human Speech,9921032980b9379fd623ae6c01d9032fbda5968019f956860621a66da9ef87c3,group_0957
yt_0004_part_026,REAL,C:\Users\Harish\Downloads\ai-deepfake-detection\data\raw\real\yt_0004_part_026.flac,2.91,44100,yt_0004,YouTube Human Speech,a7824749b3889b04beb5bcb306f95b444c453846a4ffa8cf42311828ed79481d,group_1053
yt_0004_part_027,REAL,C:\Users\Harish\Downloads\ai-deepfake-detection\data\raw\real\yt_0004_part_027.flac,5.368,44100,yt_0004,YouTube Human Speech,c7ee690b001aeee514dabc16f93b72340474dcaf1419dd4381f7e920f636581f,group_1262
yt_0004_part_029,REAL,C:\Users\Harish\Downloads\ai-deepfake-detection\data\raw\real\yt_0004_part_029.flac,2.854,44100,yt_0004,YouTube Human Speech,d3ddb28b87a56c15f26cd84946f2a241c8dcfd42054164d8a06f3419a534c3ae,group_1331
yt_0004_part_033,REAL,C:\Users\Harish\Downloads\ai-deepfake-detection\data\raw\real\yt_0004_part_033.flac,4.923,44100,yt_0004,YouTube Human Speech,ea2a4bb8fada7cb2d56e48576e94c4ae28f066d324c17d35b2700c27b91b1a3f,group_1488
yt_0004_part_035,REAL,C:\Users\Harish\Downloads\ai-deepfake-detection\data\raw\real\yt_0004_part_035.flac,6.888,44100,yt_0004,YouTube Human Speech,7c0d80ecf29de881f62a5402ed9275dad9174bd0a8a8cd2641c700d3ff776ce5,group_0767
yt_0004_part_037,REAL,C:\Users\Harish\Downloads\ai-deepfake-detection\data\raw\real\yt_0004_part_037.flac,4.512,44100,yt_0004,YouTube Human Speech,b3a0a81da2bb48b56da10f6cb20c7963485c0d5cd9d8b7ac1b85465b7fdf9b56,group_1136
yt_0004_part_039,REAL,C:\Users\Harish\Downloads\ai-deepfake-detection\data\raw\real\yt_0004_part_039.flac,5.533,44100,yt_0004,YouTube Human Speech,93a14f5c3076928fd5696544c1530e0022c0180b5e851ac1a4e0b38b5f1b8bc9,group_0917
yt_0004_part_042,REAL,C:\Users\Harish\Downloads\ai-deepfake-detection\data\raw\real\yt_0004_part_042.flac,3.034,44100,yt_0004,YouTube Human Speech,62150cad7d7a5249489057096312ea720922a7df24a07c69dbaa96358237193d,group_0594
yt_0004_part_043,REAL,C:\Users\Harish\Downloads\ai-deepfake-detection\data\raw\real\yt_0004_part_043.flac,2.946,44100,yt_0004,YouTube Human Speech,5b304b3afc38cff702502a1430e22ff2d8a0a897f5d8c8aa9157d3a74114055a,group_0555
yt_0004_part_044,REAL,C:\Users\Harish\Downloads\ai-deepfake-detection\data\raw\real\yt_0004_part_044.flac,7.07,44100,yt_0004,YouTube Human Speech,c0d4fc7b4b9b0691d4e13536d5216d82c19db4afcd08ffa965026b6aa4bf8e2b,group_1212
yt_0005_part_001,REAL,C:\Users\Harish\Downloads\ai-deepfake-detection\data\raw\real\yt_0005_part_001.flac,4.238,44100,yt_0005,YouTube Human Speech,b2d3ecdfceb07dbb86015d97bfc313eafa19ae12685dfa79df2115d46655d16f,group_1133
yt_0005_part_002,REAL,C:\Users\Harish\Downloads\ai-deepfake-detection\data\raw\real\yt_0005_part_002.flac,5.398,44100,yt_0005,YouTube Human Speech,ef3732c2cfcd587d45a89b816a5fdc966e79dd9a2c95eb13695704a212888211,group_1527
yt_0005_part_004,REAL,C:\Users\Harish\Downloads\ai-deepfake-detection\data\raw\real\yt_0005_part_004.flac,6.322,44100,yt_0005,YouTube Human Speech,8c381b99de4f350a1c369fcd83298475e74e3ce5814bf11c80b6324396f14bb1,group_0866
yt_0005_part_007,REAL,C:\Users\Harish\Downloads\ai-deepfake-detection\data\raw\real\yt_0005_part_007.flac,2.858,44100,yt_0005,YouTube Human Speech,0a93c672d6f58d8faf37dc22a1dbb85db1236e5573fa5030d3360970ec773549,group_0062
yt_0005_part_009,REAL,C:\Users\Harish\Downloads\ai-deepfake-detection\data\raw\real\yt_0005_part_009.flac,2.848,44100,yt_0005,YouTube Human Speech,a975b05195532c1963725a82b1c89b398d9146c2a7c77b68fb9ec2816c5f581e,group_1068
yt_0005_part_011,REAL,C:\Users\Harish\Downloads\ai-deepfake-detection\data\raw\real\yt_0005_part_011.flac,3.136,44100,yt_0005,YouTube Human Speech,8074e85c0790b6f928b5cacfd0b352c6ab2c1787960bd4e3ee35c69968638984,group_0789
yt_0005_part_012,REAL,C:\Users\Harish\Downloads\ai-deepfake-detection\data\raw\real\yt_0005_part_012.flac,2.787,44100,yt_0005,YouTube Human Speech,b3330923def4f5917f0ea9f89503cd30f6dea9f28eb07a1cb1044d26e24f04bd,group_1135
yt_0005_part_013,REAL,C:\Users\Harish\Downloads\ai-deepfake-detection\data\raw\real\yt_0005_part_013.flac,3.515,44100,yt_0005,YouTube Human Speech,abf81d5a842e649f3389bd9b34aac98eb48cde90c5723111cecca220be26362e,group_1089
yt_0005_part_015,REAL,C:\Users\Harish\Downloads\ai-deepfake-detection\data\raw\real\yt_0005_part_015.flac,3.612,44100,yt_0005,YouTube Human Speech,0b7c6908609e8aae9fea09af16bdeb66de3b31704dfa36f7adb03a696184518a,group_0068
yt_0005_part_016,REAL,C:\Users\Harish\Downloads\ai-deepfake-detection\data\raw\real\yt_0005_part_016.flac,2.884,44100,yt_0005,YouTube Human Speech,cfd7ec4284bd0c080811f4bf2b78482cc1f6386db73bcf7491fb409b7a202b40,group_1312
yt_0005_part_020,REAL,C:\Users\Harish\Downloads\ai-deepfake-detection\data\raw\real\yt_0005_part_020.flac,2.651,44100,yt_0005,YouTube Human Speech,977a366c88c62c70a234aaaf73239282642a6d779eb0a1d9e12555116a5051b1,group_0946
yt_0005_part_024,REAL,C:\Users\Harish\Downloads\ai-deepfake-detection\data\raw\real\yt_0005_part_024.flac,4.143,44100,yt_0005,YouTube Human Speech,2d87c058bf87271ad24c132e1ecdb5defdb8a6c9a3b4a1127bad609aac5114ab,group_0283
yt_0005_part_025,REAL,C:\Users\Harish\Downloads\ai-deepfake-detection\data\raw\real\yt_0005_part_025.flac,3.751,44100,yt_0005,YouTube Human Speech,2f2e69a76c3392a9040b353d7718bb33462913139239341c7df9be45364f1233,group_0292
yt_0006_p2_part_007,REAL,C:\Users\Harish\Downloads\ai-deepfake-detection\data\raw\real\yt_0006_p2_part_007.flac,6.825,44100,yt_0006,YouTube Human Speech,f84c668ce81458cdbc3316473e1940b4e915b80e79f7e6b3acdc6280fac9213c,group_1598
yt_0006_p2_part_010,REAL,C:\Users\Harish\Downloads\ai-deepfake-detection\data\raw\real\yt_0006_p2_part_010.flac,6.826,44100,yt_0006,YouTube Human Speech,41b8c994762c1e65e9e73837274ec77c9a136e174ca277df96536ee91fe67672,group_0404
yt_0006_p2_part_011,REAL,C:\Users\Harish\Downloads\ai-deepfake-detection\data\raw\real\yt_0006_p2_part_011.flac,6.825,44100,yt_0006,YouTube Human Speech,cc6d7827e83363291783aeb6dd40dae3c7567f5fa4e97f0bbea2777179e04f9b,group_1290
yt_0006_p2_part_017,REAL,C:\Users\Harish\Downloads\ai-deepfake-detection\data\raw\real\yt_0006_p2_part_017.flac,7.104,44100,yt_0006,YouTube Human Speech,098d762a328f2b02a4e85496fa94219c3322e3d6c86665f970582615c135a2df,group_0054
yt_0006_p2_part_018,REAL,C:\Users\Harish\Downloads\ai-deepfake-detection\data\raw\real\yt_0006_p2_part_018.flac,7.105,44100,yt_0006,YouTube Human Speech,8501040f53935650837e2781aba207fbebd7827406b11d8a3c36846e1f56215a,group_0826
yt_0006_p2_part_025,REAL,C:\Users\Harish\Downloads\ai-deepfake-detection\data\raw\real\yt_0006_p2_part_025.flac,7.105,44100,yt_0006,YouTube Human Speech,54ee3774e63dd6fcd70511deccd9daf75d3cc58dae8c671c5342ce51cb570210,group_0516
yt_0006_p2_part_027,REAL,C:\Users\Harish\Downloads\ai-deepfake-detection\data\raw\real\yt_0006_p2_part_027.flac,7.105,44100,yt_0006,YouTube Human Speech,a055df4108396d7ea6079b165128e0f6ba09f84361483b5d0970d9fb08b73d31,group_1002
yt_0006_p2_part_028,REAL,C:\Users\Harish\Downloads\ai-deepfake-detection\data\raw\real\yt_0006_p2_part_028.flac,7.104,44100,yt_0006,YouTube Human Speech,3dce7501132c5ea765aef155a9e0cfe833b93c400683cb181dc227eab3dc6283,group_0377
yt_0006_p2_part_030,REAL,C:\Users\Harish\Downloads\ai-deepfake-detection\data\raw\real\yt_0006_p2_part_030.flac,7.105,44100,yt_0006,YouTube Human Speech,0a0df30a9897bf2b79f626df69766e4fcfe84bc3a9052ba56fd003d1c54d69bc,group_0056
yt_0006_p2_part_033,REAL,C:\Users\Harish\Downloads\ai-deepfake-detection\data\raw\real\yt_0006_p2_part_033.flac,6.8,44100,yt_0006,YouTube Human Speech,1acd95da89d5a7dbdb693b66f43fa3ab588c3908d13e3b2c24532571cf71f7fd,group_0172
yt_0006_p2_part_034,REAL,C:\Users\Harish\Downloads\ai-deepfake-detection\data\raw\real\yt_0006_p2_part_034.flac,6.94,44100,yt_0006,YouTube Human Speech,2e78bb44f880bf562170c723dfd525df06e7ebfa973ab6832936459c93914e9f,group_0287
yt_0006_p2_part_035,REAL,C:\Users\Harish\Downloads\ai-deepfake-detection\data\raw\real\yt_0006_p2_part_035.flac,6.941,44100,yt_0006,YouTube Human Speech,36fce5681986b4b091d5d37d64aff6ebdad358bd98984157224f8db0817087a6,group_0330
yt_0006_p2_part_036,REAL,C:\Users\Harish\Downloads\ai-deepfake-detection\data\raw\real\yt_0006_p2_part_036.flac,6.941,44100,yt_0006,YouTube Human Speech,a3ce1ae9f635efc61d85a9bbf246cb7c4fb67be3363655ae69613774ef93c969,group_1028
yt_0006_p2_part_037,REAL,C:\Users\Harish\Downloads\ai-deepfake-detection\data\raw\real\yt_0006_p2_part_037.flac,6.941,44100,yt_0006,YouTube Human Speech,3871dc9de93d3f53e29bee67ff571a71cc5fdb5a1556c08148147b73e76bce05,group_0344
yt_0006_p2_part_039,REAL,C:\Users\Harish\Downloads\ai-deepfake-detection\data\raw\real\yt_0006_p2_part_039.flac,6.941,44100,yt_0006,YouTube Human Speech,b63dcf88bb1931306661b128e9334d43eb52f914891e5340b557bf72e9b5ff7f,group_1157
yt_0006_p2_part_043,REAL,C:\Users\Harish\Downloads\ai-deepfake-detection\data\raw\real\yt_0006_p2_part_043.flac,6.941,44100,yt_0006,YouTube Human Speech,6f7a955b3d894237e55241d1a6fbed601725169a60a9936c9efab31d45adf944,group_0675
yt_0006_p2_part_045,REAL,C:\Users\Harish\Downloads\ai-deepfake-detection\data\raw\real\yt_0006_p2_part_045.flac,6.29,44100,yt_0006,YouTube Human Speech,0ce3a87066bf6c01d431c850bf30185eae60db2f7aee152f42337bab473a6b43,group_0082
yt_0006_p2_part_046,REAL,C:\Users\Harish\Downloads\ai-deepfake-detection\data\raw\real\yt_0006_p2_part_046.flac,6.291,44100,yt_0006,YouTube Human Speech,2e2f4d04e5c6848a3baacb7200ddeb081541629e14edda924e5137b2732888c5,group_0286
yt_0006_p2_part_050,REAL,C:\Users\Harish\Downloads\ai-deepfake-detection\data\raw\real\yt_0006_p2_part_050.flac,6.589,44100,yt_0006,YouTube Human Speech,0b85ccd4bc91a828b3b3a1f4ad3af0f434989af3ee5354f406c03ece1d839379,group_0069
yt_0006_p2_part_051,REAL,C:\Users\Harish\Downloads\ai-deepfake-detection\data\raw\real\yt_0006_p2_part_051.flac,6.589,44100,yt_0006,YouTube Human Speech,aea64cc995dfd8d65ba69a4275aae15ccf2aee2684fcdd14508ed196279a3744,group_1103
yt_0006_part_001,REAL,C:\Users\Harish\Downloads\ai-deepfake-detection\data\raw\real\yt_0006_part_001.flac,9.519,44100,yt_0006,YouTube Human Speech,8b80f341d1aaca3b46bc8fdc493945da22361f4500d18c8dea73cbda2088f996,group_0862
yt_0006_part_002,REAL,C:\Users\Harish\Downloads\ai-deepfake-detection\data\raw\real\yt_0006_part_002.flac,8.429,44100,yt_0006,YouTube Human Speech,442adcc197fe6300583c24e7b70540a9e80d8e6e71899985548c9d329072c2f2,group_0419
yt_0006_part_003,REAL,C:\Users\Harish\Downloads\ai-deepfake-detection\data\raw\real\yt_0006_part_003.flac,2.953,44100,yt_0006,YouTube Human Speech,f468b76dfeb8f3e8341249c87c20f5685fd77184767d37859ca5c7f72c1d3fce,group_1570
yt_0006_part_004,REAL,C:\Users\Harish\Downloads\ai-deepfake-detection\data\raw\real\yt_0006_part_004.flac,5.014,44100,yt_0006,YouTube Human Speech,731696d932f9f4382fb9da44b6f00f714056568c31e33a3139e3bb652fbbfd45,group_0709
yt_0006_part_006,REAL,C:\Users\Harish\Downloads\ai-deepfake-detection\data\raw\real\yt_0006_part_006.flac,6.825,44100,yt_0006,YouTube Human Speech,f9fe6c2ac79396b71625f2f59828f45a2edef3608e575c8562b8f11abafad910,group_1612
yt_0006_part_007,REAL,C:\Users\Harish\Downloads\ai-deepfake-detection\data\raw\real\yt_0006_part_007.flac,6.825,44100,yt_0006,YouTube Human Speech,33d71038a8e71456205c5ca760b4328c8fb168bd7d6b58a3b9843c8d80ab52f9,group_0311
yt_0006_part_008,REAL,C:\Users\Harish\Downloads\ai-deepfake-detection\data\raw\real\yt_0006_part_008.flac,6.825,44100,yt_0006,YouTube Human Speech,58209fb8402968467054817e60dbff0cce3fdddd4fe56b0dbf05303a54ae49ba,group_0538
yt_0006_part_009,REAL,C:\Users\Harish\Downloads\ai-deepfake-detection\data\raw\real\yt_0006_part_009.flac,6.825,44100,yt_0006,YouTube Human Speech,16e7718b3d20e1e4254c71009df0d1bb7d876361c03ecb786da5d63d632cc9c0,group_0139
yt_0006_part_012,REAL,C:\Users\Harish\Downloads\ai-deepfake-detection\data\raw\real\yt_0006_part_012.flac,6.826,44100,yt_0006,YouTube Human Speech,d9fc9b5e1c09009327ee24d8516330f197d532fdba5d81aa7c5a2b1e2d2103a4,group_1370
yt_0006_part_014,REAL,C:\Users\Harish\Downloads\ai-deepfake-detection\data\raw\real\yt_0006_part_014.flac,7.105,44100,yt_0006,YouTube Human Speech,c2a90fe6ce4546449c3e91098078f7da6adb9050736d372d006b8f92b2953958,group_1226
yt_0006_part_015,REAL,C:\Users\Harish\Downloads\ai-deepfake-detection\data\raw\real\yt_0006_part_015.flac,7.105,44100,yt_0006,YouTube Human Speech,c6b15c976d8af7e242ec71506228300b1242ee0e54e991fa903366778c0e4ff9,group_1258
yt_0006_part_016,REAL,C:\Users\Harish\Downloads\ai-deepfake-detection\data\raw\real\yt_0006_part_016.flac,7.104,44100,yt_0006,YouTube Human Speech,07ce81f100563038f4295b09e0b198616a823b1bc7ccbf741d68ab5a7346783a,group_0040
yt_0006_part_017,REAL,C:\Users\Harish\Downloads\ai-deepfake-detection\data\raw\real\yt_0006_part_017.flac,7.105,44100,yt_0006,YouTube Human Speech,3fb476da17715618419411cf56598678748afac4ce0ea8bdd97c7a8e33b19082,group_0394
yt_0006_part_020,REAL,C:\Users\Harish\Downloads\ai-deepfake-detection\data\raw\real\yt_0006_part_020.flac,7.105,44100,yt_0006,YouTube Human Speech,3d63eb529223c8775d7dd3936818a99f5cf41fb0b536f7ea9003c2a8933327d5,group_0374
yt_0006_part_021,REAL,C:\Users\Harish\Downloads\ai-deepfake-detection\data\raw\real\yt_0006_part_021.flac,7.105,44100,yt_0006,YouTube Human Speech,0c6f71c11ec4f87c3b2b0b488ccb8b0010fab437bfb6d2bcfce34d6039569a83,group_0079
yt_0006_part_024,REAL,C:\Users\Harish\Downloads\ai-deepfake-detection\data\raw\real\yt_0006_part_024.flac,7.105,44100,yt_0006,YouTube Human Speech,a7ef8a6e0dad2d6ab770409b460cb7532d11135e99712289ad8e4f2220ecded5,group_1057
yt_0006_part_026,REAL,C:\Users\Harish\Downloads\ai-deepfake-detection\data\raw\real\yt_0006_part_026.flac,7.105,44100,yt_0006,YouTube Human Speech,4769b8b3df00c002f464c3719f29ca8041e1307122f196c028560164619b88e4,group_0439
yt_0006_part_030,REAL,C:\Users\Harish\Downloads\ai-deepfake-detection\data\raw\real\yt_0006_part_030.flac,7.105,44100,yt_0006,YouTube Human Speech,cc2c6f41ffee7cf0478c9710b48e86f66dc6a7a02eb1dc270a402c02ab2ebe3b,group_1289
yt_0006_part_032,REAL,C:\Users\Harish\Downloads\ai-deepfake-detection\data\raw\real\yt_0006_part_032.flac,6.795,44100,yt_0006,YouTube Human Speech,ea87917c0cbc57691960e3d12d026d06df98df7dadfde10ac5d0274ce27ac4a6,group_1492
yt_0006_part_035,REAL,C:\Users\Harish\Downloads\ai-deepfake-detection\data\raw\real\yt_0006_part_035.flac,6.94,44100,yt_0006,YouTube Human Speech,84ccea72591ecf6eef4f8a7b4666737e1d76a02bce0ed5ca38bafb3d76aeafb8,group_0825
yt_0006_part_036,REAL,C:\Users\Harish\Downloads\ai-deepfake-detection\data\raw\real\yt_0006_part_036.flac,6.939,44100,yt_0006,YouTube Human Speech,abaa16c433eb57581ffb9147e08eb7572ddc82a294c3eac4d75c0f862cf13b1f,group_1085
yt_0006_part_040,REAL,C:\Users\Harish\Downloads\ai-deepfake-detection\data\raw\real\yt_0006_part_040.flac,6.939,44100,yt_0006,YouTube Human Speech,8afcb378cbe3baffc3a405ff5f3eb95c8c04a17566f10c4c5e7433be9288a1b0,group_0856
yt_0006_part_043,REAL,C:\Users\Harish\Downloads\ai-deepfake-detection\data\raw\real\yt_0006_part_043.flac,6.94,44100,yt_0006,YouTube Human Speech,a770fe1933c1a87e70e0e4695f936dec3261e8ebb0cead88044e605b1e77ca9e,group_1051
yt_0006_part_044,REAL,C:\Users\Harish\Downloads\ai-deepfake-detection\data\raw\real\yt_0006_part_044.flac,6.288,44100,yt_0006,YouTube Human Speech,5c7088751527bddae6c543896ce8d07545748bf4bb4aafca3ddda3e3e08d1a11,group_0562
yt_0006_part_045,REAL,C:\Users\Harish\Downloads\ai-deepfake-detection\data\raw\real\yt_0006_part_045.flac,6.289,44100,yt_0006,YouTube Human Speech,cffa92f541c669aa5edd79e12b3d13bb56bf3fd6917d64dbc9a174b3938fd0a0,group_1314
yt_0006_part_049,REAL,C:\Users\Harish\Downloads\ai-deepfake-detection\data\raw\real\yt_0006_part_049.flac,6.589,44100,yt_0006,YouTube Human Speech,0b85ccd4bc91a828b3b3a1f4ad3af0f434989af3ee5354f406c03ece1d839379,group_0069
yt_0006_part_050,REAL,C:\Users\Harish\Downloads\ai-deepfake-detection\data\raw\real\yt_0006_part_050.flac,6.589,44100,yt_0006,YouTube Human Speech,aea64cc995dfd8d65ba69a4275aae15ccf2aee2684fcdd14508ed196279a3744,group_1103
yt_0007_p2_part_028,REAL,C:\Users\Harish\Downloads\ai-deepfake-detection\data\raw\real\yt_0007_p2_part_028.flac,6.898,44100,yt_0007,YouTube Human Speech,b32de6c4aceff1b458f09658df1a11f549ed4af3c9b799e7593d451250663771,group_1134
yt_0007_p2_part_029,REAL,C:\Users\Harish\Downloads\ai-deepfake-detection\data\raw\real\yt_0007_p2_part_029.flac,6.898,44100,yt_0007,YouTube Human Speech,5b62f28ee49533931523345c33886e2811ca234bd5284fd3b7348acef424d32d,group_0556
yt_0007_p2_part_032,REAL,C:\Users\Harish\Downloads\ai-deepfake-detection\data\raw\real\yt_0007_p2_part_032.flac,6.488,44100,yt_0007,YouTube Human Speech,5f11ac92a816abb9a9d0bd8f443d9977fac0a90fcc6b725c86cf77c297755254,group_0575
yt_0007_p2_part_033,REAL,C:\Users\Harish\Downloads\ai-deepfake-detection\data\raw\real\yt_0007_p2_part_033.flac,6.489,44100,yt_0007,YouTube Human Speech,60c8079f6c68a9ac63376d1cc4146fdef23ce3f242366d024bd64b1f7d57d255,group_0583
yt_0007_part_005,REAL,C:\Users\Harish\Downloads\ai-deepfake-detection\data\raw\real\yt_0007_part_005.flac,2.679,44100,yt_0007,YouTube Human Speech,71efe60347a6dc6f317c3d05dad688299bb60f59d966b02d4933f02cb4faa50a,group_0698
yt_0007_part_012,REAL,C:\Users\Harish\Downloads\ai-deepfake-detection\data\raw\real\yt_0007_part_012.flac,3.05,44100,yt_0007,YouTube Human Speech,3d6b810ee2053243b762c3433367debe2fe7c80643bea71803c249ff3d0dc9c9,group_0375
yt_0007_part_014,REAL,C:\Users\Harish\Downloads\ai-deepfake-detection\data\raw\real\yt_0007_part_014.flac,6.375,44100,yt_0007,YouTube Human Speech,8e69099beab0b388758c24a5f0392937d929ca7c9774cb6789735fd63fb5288a,group_0880
yt_0007_part_015,REAL,C:\Users\Harish\Downloads\ai-deepfake-detection\data\raw\real\yt_0007_part_015.flac,5.041,44100,yt_0007,YouTube Human Speech,4f558ad7c5eca07611a1f2f4312d16b92a2cc08c76f9f53ecb459b67b79146a1,group_0483
yt_0007_part_017,REAL,C:\Users\Harish\Downloads\ai-deepfake-detection\data\raw\real\yt_0007_part_017.flac,7.852,44100,yt_0007,YouTube Human Speech,cb884ebf1cf0cb7d976eab2f523b6efc0fa84c6e23df14d49c714ef8e3ed5cbf,group_1288
yt_0007_part_019,REAL,C:\Users\Harish\Downloads\ai-deepfake-detection\data\raw\real\yt_0007_part_019.flac,4.922,44100,yt_0007,YouTube Human Speech,24f689ccbb885ada063d0047fbe397f79429a2abbd39a36d81d6b9fa918e001d,group_0231
yt_0007_part_025,REAL,C:\Users\Harish\Downloads\ai-deepfake-detection\data\raw\real\yt_0007_part_025.flac,4.388,44100,yt_0007,YouTube Human Speech,98e50b4ec3a1457a2a813f4f55f081393cca69e663973ee48386017ffaf831ab,group_0953
yt_0007_part_029,REAL,C:\Users\Harish\Downloads\ai-deepfake-detection\data\raw\real\yt_0007_part_029.flac,6.629,44100,yt_0007,YouTube Human Speech,74bd8dd4bbd96255101006df79e24e24319be3951b4942b929cc5b7d4ffaf455,group_0723
yt_0007_part_030,REAL,C:\Users\Harish\Downloads\ai-deepfake-detection\data\raw\real\yt_0007_part_030.flac,6.629,44100,yt_0007,YouTube Human Speech,7a74ca63934978230842fa72bd92972329d1eafa84a360190f87854a3769d51c,group_0755
yt_0007_part_032,REAL,C:\Users\Harish\Downloads\ai-deepfake-detection\data\raw\real\yt_0007_part_032.flac,6.599,44100,yt_0007,YouTube Human Speech,a8547a96a77a60fc4ab08cf34a0174bf4a7af904e7481b71f841a5dafd4e74e1,group_1061
yt_0008_p2_part_260,REAL,C:\Users\Harish\Downloads\ai-deepfake-detection\data\raw\real\yt_0008_p2_part_260.flac,5.509,44100,yt_0008,YouTube Human Speech,ec4cd4a5649350596a133627ae7ba4db1449ef98b3fc3c0afce197794e0cf1db,group_1506
yt_0008_p2_part_265,REAL,C:\Users\Harish\Downloads\ai-deepfake-detection\data\raw\real\yt_0008_p2_part_265.flac,5.073,44100,yt_0008,YouTube Human Speech,8f89c77298ba799e53809948508c5ad7c80d71751e602a690ef4a559f42cb7a6,group_0888
yt_0008_part_003,REAL,C:\Users\Harish\Downloads\ai-deepfake-detection\data\raw\real\yt_0008_part_003.flac,4.439,44100,yt_0008,YouTube Human Speech,cf64f08216eacf0a72e4c81b31f76cbbb73c3b5357d84b1c09d7b5c2b2e2494d,group_1309
yt_0008_part_004,REAL,C:\Users\Harish\Downloads\ai-deepfake-detection\data\raw\real\yt_0008_part_004.flac,4.365,44100,yt_0008,YouTube Human Speech,a9a179bf57a6762cef34a1f5823eb217449a427b3b01afc466e75546c38a9861,group_1071
yt_0008_part_008,REAL,C:\Users\Harish\Downloads\ai-deepfake-detection\data\raw\real\yt_0008_part_008.flac,3.212,44100,yt_0008,YouTube Human Speech,77a99ba98381699966dc0221469df243710b2282b7b09dd5a49b3c0186bc667c,group_0741
yt_0008_part_012,REAL,C:\Users\Harish\Downloads\ai-deepfake-detection\data\raw\real\yt_0008_part_012.flac,3.862,44100,yt_0008,YouTube Human Speech,cad180c5180c20ce2c7ffbd4e0f991b588368462183b3a4749c0f81e4f98caa3,group_1283
yt_0008_part_015,REAL,C:\Users\Harish\Downloads\ai-deepfake-detection\data\raw\real\yt_0008_part_015.flac,7.079,44100,yt_0008,YouTube Human Speech,b4243b9527ebaa0173e71c4223540b080c961e8febcc76f2ec72e4729cca6883,group_1143
yt_0008_part_019,REAL,C:\Users\Harish\Downloads\ai-deepfake-detection\data\raw\real\yt_0008_part_019.flac,2.924,44100,yt_0008,YouTube Human Speech,ac8b9845fca6a7f0394fc02a66b8a08407269efdcb02a3a060714f4f7b33db04,group_1093
yt_0008_part_021,REAL,C:\Users\Harish\Downloads\ai-deepfake-detection\data\raw\real\yt_0008_part_021.flac,8.261,44100,yt_0008,YouTube Human Speech,5bbd551dd27a1cce317979762f1d07dab417b2ba9472a98632de2977964b4450,group_0557
yt_0008_part_022,REAL,C:\Users\Harish\Downloads\ai-deepfake-detection\data\raw\real\yt_0008_part_022.flac,7.027,44100,yt_0008,YouTube Human Speech,c034beb5657afa6305db0d1f97efc1a1313165ad030de36a2a29ee7dde15834f,group_1207
yt_0008_part_025,REAL,C:\Users\Harish\Downloads\ai-deepfake-detection\data\raw\real\yt_0008_part_025.flac,5.13,44100,yt_0008,YouTube Human Speech,1a87ba5dce12f7719621fb578af41f5662d6e4e2442d925e9320dc7eec28bae8,group_0169
yt_0008_part_028,REAL,C:\Users\Harish\Downloads\ai-deepfake-detection\data\raw\real\yt_0008_part_028.flac,4.969,44100,yt_0008,YouTube Human Speech,3d10b2a71772e7c9326345aab54e42714093767ea69734d217ce61cb31a56e04,group_0370
yt_0008_part_029,REAL,C:\Users\Harish\Downloads\ai-deepfake-detection\data\raw\real\yt_0008_part_029.flac,3.306,44100,yt_0008,YouTube Human Speech,8f1a9f56c616fade8fc6fe3b12ffff6d91373c9f8c8c71537653996f70c9f67b,group_0885
yt_0008_part_033,REAL,C:\Users\Harish\Downloads\ai-deepfake-detection\data\raw\real\yt_0008_part_033.flac,7.297,44100,yt_0008,YouTube Human Speech,d42f4ab8012d8cbe74ec4cc5ef0296050d5aa73fe637586c52286ed46e8cc582,group_1333
yt_0008_part_040,REAL,C:\Users\Harish\Downloads\ai-deepfake-detection\data\raw\real\yt_0008_part_040.flac,3.987,44100,yt_0008,YouTube Human Speech,438710d5379b9100183af31b949168424f3776e31e1edfe149f72a3afd47a1b1,group_0414
yt_0008_part_042,REAL,C:\Users\Harish\Downloads\ai-deepfake-detection\data\raw\real\yt_0008_part_042.flac,3.358,44100,yt_0008,YouTube Human Speech,f5606246a47d7115efc16a1ce8485687c9fecdb9dcc38918c1640220c564d003,group_1574
yt_0008_part_043,REAL,C:\Users\Harish\Downloads\ai-deepfake-detection\data\raw\real\yt_0008_part_043.flac,3.238,44100,yt_0008,YouTube Human Speech,395dbd70e0cb50249752a8cd2cb4960330df6050494859c1cf8aeeb4e59389a1,group_0349
yt_0008_part_047,REAL,C:\Users\Harish\Downloads\ai-deepfake-detection\data\raw\real\yt_0008_part_047.flac,3.312,44100,yt_0008,YouTube Human Speech,288ce4dbdcd409a7e6d8527d9a240f70753a95e0ddbe1baee0f3a47a2ba2c702,group_0247
yt_0008_part_048,REAL,C:\Users\Harish\Downloads\ai-deepfake-detection\data\raw\real\yt_0008_part_048.flac,5.735,44100,yt_0008,YouTube Human Speech,c6796f01682fbd838f546de4504ce81cc7e7d49c45c457ecc624c7eeeeaec331,group_1254
yt_0008_part_049,REAL,C:\Users\Harish\Downloads\ai-deepfake-detection\data\raw\real\yt_0008_part_049.flac,6.944,44100,yt_0008,YouTube Human Speech,2ef54f3f95044731f769145446f857d9e00a268997f6a8985c9592ba9be322dc,group_0291
yt_0008_part_050,REAL,C:\Users\Harish\Downloads\ai-deepfake-detection\data\raw\real\yt_0008_part_050.flac,5.637,44100,yt_0008,YouTube Human Speech,7f4e477b64ec5c57b5ab26c2917b6f89b01d49fed5bc50b375ce831546741d7f,group_0782
yt_0008_part_052,REAL,C:\Users\Harish\Downloads\ai-deepfake-detection\data\raw\real\yt_0008_part_052.flac,3.407,44100,yt_0008,YouTube Human Speech,596944d6661454e2ca72e2367bd48284b0d3529fc86479fac25d02aadb9559a7,group_0546
yt_0008_part_053,REAL,C:\Users\Harish\Downloads\ai-deepfake-detection\data\raw\real\yt_0008_part_053.flac,6.358,44100,yt_0008,YouTube Human Speech,4fc7d2258d10020b3a1c4c85f4b85b7a4d8d7420228bf3668636ea0ede18c6ef,group_0489
yt_0008_part_055,REAL,C:\Users\Harish\Downloads\ai-deepfake-detection\data\raw\real\yt_0008_part_055.flac,2.891,44100,yt_0008,YouTube Human Speech,9a44132ef175444a1ccff5c6a81b6e0c51c906d856378c1415052d460e47003c,group_0963
yt_0008_part_056,REAL,C:\Users\Harish\Downloads\ai-deepfake-detection\data\raw\real\yt_0008_part_056.flac,10.097,44100,yt_0008,YouTube Human Speech,ef1f8076b1d57937b77cc019511dcfbfa586f66a77dfdb3c1d09256b73407540,group_1525
yt_0008_part_057,REAL,C:\Users\Harish\Downloads\ai-deepfake-detection\data\raw\real\yt_0008_part_057.flac,7.965,44100,yt_0008,YouTube Human Speech,ea645a9ed983854ca7ec703731bcdf16150f1b4a3e72f7db8299d7435620e561,group_1489
yt_0008_part_058,REAL,C:\Users\Harish\Downloads\ai-deepfake-detection\data\raw\real\yt_0008_part_058.flac,6.353,44100,yt_0008,YouTube Human Speech,f8eee2a4f108b787c3690edddfc3742345b97e5887cbe89b5b94ce6d1d774b9b,group_1605
yt_0008_part_059,REAL,C:\Users\Harish\Downloads\ai-deepfake-detection\data\raw\real\yt_0008_part_059.flac,3.357,44100,yt_0008,YouTube Human Speech,63d6a66f1785f955d3be631b84ecd45f61840a88c5ab2a2e34ce98b6a54c678c,group_0606
yt_0008_part_062,REAL,C:\Users\Harish\Downloads\ai-deepfake-detection\data\raw\real\yt_0008_part_062.flac,4.152,44100,yt_0008,YouTube Human Speech,fd8b86e736cdc278a0e383154c31bbf29a43dde74589aa10dcefdb980a58dc18,group_1634
yt_0008_part_065,REAL,C:\Users\Harish\Downloads\ai-deepfake-detection\data\raw\real\yt_0008_part_065.flac,8.995,44100,yt_0008,YouTube Human Speech,527437218521c2c61896b3801b722563565e62ec0341b3d79e02b9b8ab5cb72c,group_0503
yt_0008_part_067,REAL,C:\Users\Harish\Downloads\ai-deepfake-detection\data\raw\real\yt_0008_part_067.flac,2.512,44100,yt_0008,YouTube Human Speech,192a31ce074c26822cedb3464033fa99a820db184fe1424719ccda505afdfdd8,group_0157
yt_0008_part_077,REAL,C:\Users\Harish\Downloads\ai-deepfake-detection\data\raw\real\yt_0008_part_077.flac,6.374,44100,yt_0008,YouTube Human Speech,06dc2003e795a83ba1826b4130048283976eefb4607aece3081c91566af8edd8,group_0031
yt_0008_part_079,REAL,C:\Users\Harish\Downloads\ai-deepfake-detection\data\raw\real\yt_0008_part_079.flac,7.038,44100,yt_0008,YouTube Human Speech,758795f9d86063ca8044c3b9c420ae0efcd2fc1afebe5b48dd5751a1899a0cac,group_0729
yt_0008_part_080,REAL,C:\Users\Harish\Downloads\ai-deepfake-detection\data\raw\real\yt_0008_part_080.flac,3.419,44100,yt_0008,YouTube Human Speech,ff59b1fb3251d703b8c42d6ba34d7d1b029716a3a24baec336a9237d28f37cfe,group_1649
yt_0008_part_081,REAL,C:\Users\Harish\Downloads\ai-deepfake-detection\data\raw\real\yt_0008_part_081.flac,5.261,44100,yt_0008,YouTube Human Speech,5f5b961b5b053664e9b7cc1587b2ef014cca395c7eaf5ab51db364e3e2a0e47d,group_0577
yt_0008_part_085,REAL,C:\Users\Harish\Downloads\ai-deepfake-detection\data\raw\real\yt_0008_part_085.flac,4.512,44100,yt_0008,YouTube Human Speech,17c678d8d21a4c54b5e46271dbf87da51d2b3f8db228e34542734f8972d0a14d,group_0145
yt_0008_part_086,REAL,C:\Users\Harish\Downloads\ai-deepfake-detection\data\raw\real\yt_0008_part_086.flac,2.643,44100,yt_0008,YouTube Human Speech,1e93cec5f9b549126b6a0885f9f0c41a572bef3b7a1726f38325dca7b12c7b01,group_0190
yt_0008_part_088,REAL,C:\Users\Harish\Downloads\ai-deepfake-detection\data\raw\real\yt_0008_part_088.flac,2.684,44100,yt_0008,YouTube Human Speech,45a11e27f04520a2b5ed464481e23121009b3bb2bef9779924ceb496ef6c96aa,group_0428
yt_0008_part_090,REAL,C:\Users\Harish\Downloads\ai-deepfake-detection\data\raw\real\yt_0008_part_090.flac,7.933,44100,yt_0008,YouTube Human Speech,4d8778b7b1a5374a840f6305ef198d32f9e26cc1e75cac88c433991adddf5bd5,group_0473
yt_0008_part_092,REAL,C:\Users\Harish\Downloads\ai-deepfake-detection\data\raw\real\yt_0008_part_092.flac,3.75,44100,yt_0008,YouTube Human Speech,3e24eef7bc23303d2f58cc2f0e285ce7d9cdec3327beb4aa7e5fe0f4ba0d7a4b,group_0379
yt_0008_part_097,REAL,C:\Users\Harish\Downloads\ai-deepfake-detection\data\raw\real\yt_0008_part_097.flac,3.886,44100,yt_0008,YouTube Human Speech,9cf536b94d96531e354ffeae373f27835549ee87a45373b195f17728961e264d,group_0978
yt_0008_part_098,REAL,C:\Users\Harish\Downloads\ai-deepfake-detection\data\raw\real\yt_0008_part_098.flac,5.361,44100,yt_0008,YouTube Human Speech,87b20e30faf3b4b60eed86ba27a45758a926ead9d1d8a50dce203379bc12a72e,group_0845
yt_0008_part_103,REAL,C:\Users\Harish\Downloads\ai-deepfake-detection\data\raw\real\yt_0008_part_103.flac,3.633,44100,yt_0008,YouTube Human Speech,db63759848accdd5e349dc404a6d4a2c0fab9aa0ded10e8fb8ed05406046f6d6,group_1380
yt_0008_part_104,REAL,C:\Users\Harish\Downloads\ai-deepfake-detection\data\raw\real\yt_0008_part_104.flac,4.816,44100,yt_0008,YouTube Human Speech,46b7ecb686cef790595c9e02f0d9e4cfd9172854d9f6bd4c5d12c2b8046e4a63,group_0434
yt_0008_part_105,REAL,C:\Users\Harish\Downloads\ai-deepfake-detection\data\raw\real\yt_0008_part_105.flac,2.572,44100,yt_0008,YouTube Human Speech,4ce08caa960e5849d531eeaad90c9629cbfad9eaa4be6939bc59bba902621543,group_0470
yt_0008_part_106,REAL,C:\Users\Harish\Downloads\ai-deepfake-detection\data\raw\real\yt_0008_part_106.flac,3.099,44100,yt_0008,YouTube Human Speech,6819cd635ec00e6c8911a192ddec25b035f8f9aae8e3a14ab7f868d3ba86af2e,group_0636
yt_0008_part_108,REAL,C:\Users\Harish\Downloads\ai-deepfake-detection\data\raw\real\yt_0008_part_108.flac,3.131,44100,yt_0008,YouTube Human Speech,4b4a544aeeae882408b56659d778a2fa2aaf69f5535e3d7e5c04c9bafb8a96f3,group_0456
yt_0008_part_109,REAL,C:\Users\Harish\Downloads\ai-deepfake-detection\data\raw\real\yt_0008_part_109.flac,2.941,44100,yt_0008,YouTube Human Speech,81955240c890d2754f3465e4af320a9a67d8f8859738bda1877567d20aa632fc,group_0797
yt_0008_part_110,REAL,C:\Users\Harish\Downloads\ai-deepfake-detection\data\raw\real\yt_0008_part_110.flac,4.399,44100,yt_0008,YouTube Human Speech,b181a964d758b0a236c5e9e43f65e85f32631dbfcf445f2ecee902dce799d756,group_1124
yt_0008_part_112,REAL,C:\Users\Harish\Downloads\ai-deepfake-detection\data\raw\real\yt_0008_part_112.flac,3.495,44100,yt_0008,YouTube Human Speech,53d67ed38b3632252d9ab57026ed5ebd5b52930d6b4fee5414503eab3bc71275,group_0513
yt_0008_part_115,REAL,C:\Users\Harish\Downloads\ai-deepfake-detection\data\raw\real\yt_0008_part_115.flac,2.743,44100,yt_0008,YouTube Human Speech,fd24eb1a7966da525a768fe4572d41fee099d6ebcd6ada2d45b6f2dce701775b,group_1630
yt_0008_part_116,REAL,C:\Users\Harish\Downloads\ai-deepfake-detection\data\raw\real\yt_0008_part_116.flac,2.869,44100,yt_0008,YouTube Human Speech,dcddb9bc83c69d89d1ead74ecf351b5620d19ed080ec2f726d70e061ccc35d16,group_1393
yt_0008_part_118,REAL,C:\Users\Harish\Downloads\ai-deepfake-detection\data\raw\real\yt_0008_part_118.flac,2.959,44100,yt_0008,YouTube Human Speech,287d9bfb861122446660b3121bc5af587c5af06672f31bf00eb69840c822164e,group_0246
yt_0008_part_120,REAL,C:\Users\Harish\Downloads\ai-deepfake-detection\data\raw\real\yt_0008_part_120.flac,2.651,44100,yt_0008,YouTube Human Speech,c9a4dae7b2e60f57f40c8d3f90bdd036a0db9213e2bf3413d7bd901d2b84f268,group_1269
yt_0008_part_123,REAL,C:\Users\Harish\Downloads\ai-deepfake-detection\data\raw\real\yt_0008_part_123.flac,4.853,44100,yt_0008,YouTube Human Speech,0c5d4f60b72c82f1e554b2691b268393173b98a93877dc424149a38ff5d6b30a,group_0078
yt_0008_part_125,REAL,C:\Users\Harish\Downloads\ai-deepfake-detection\data\raw\real\yt_0008_part_125.flac,2.978,44100,yt_0008,YouTube Human Speech,c516e34371eee9f740dda87661534e841ad20c657b28fcd1ed11297d0c497e84,group_1240
yt_0008_part_126,REAL,C:\Users\Harish\Downloads\ai-deepfake-detection\data\raw\real\yt_0008_part_126.flac,3.383,44100,yt_0008,YouTube Human Speech,4b2b8ce7dc8dbb113d127bda73ab7d91a1c194d07c2c25aed1deded4b2ef05c8,group_0455
yt_0008_part_128,REAL,C:\Users\Harish\Downloads\ai-deepfake-detection\data\raw\real\yt_0008_part_128.flac,4.748,44100,yt_0008,YouTube Human Speech,16e1644061419249945ae6875837f7bd90c1040018b23f50e0f5c1c31ea2ce94,group_0138
yt_0008_part_132,REAL,C:\Users\Harish\Downloads\ai-deepfake-detection\data\raw\real\yt_0008_part_132.flac,3.534,44100,yt_0008,YouTube Human Speech,fe6d3fdc650b8cbbdfd3666d895663af236f97ac4a518b4235bb92b4ce079586,group_1638
yt_0008_part_133,REAL,C:\Users\Harish\Downloads\ai-deepfake-detection\data\raw\real\yt_0008_part_133.flac,2.922,44100,yt_0008,YouTube Human Speech,585d3e89e1f5f2327698ff5c603678de3cce0d2503f0e51b645dba72a1c939a4,group_0540
yt_0008_part_134,REAL,C:\Users\Harish\Downloads\ai-deepfake-detection\data\raw\real\yt_0008_part_134.flac,4.658,44100,yt_0008,YouTube Human Speech,05518c5b48296158775e9695604de302402db6359aa0ca29fd3a6a1ce86cfd9e,group_0021
yt_0008_part_136,REAL,C:\Users\Harish\Downloads\ai-deepfake-detection\data\raw\real\yt_0008_part_136.flac,8.577,44100,yt_0008,YouTube Human Speech,9c988e7192fae2001ed0702a5fc231d348da21717905c76dd9e951d2e0db3272,group_0976
yt_0008_part_140,REAL,C:\Users\Harish\Downloads\ai-deepfake-detection\data\raw\real\yt_0008_part_140.flac,5.903,44100,yt_0008,YouTube Human Speech,c5251888262dacdb9b3e4da6b9c89d4c437971fb442709241665591c37e852f8,group_1241
yt_0008_part_151,REAL,C:\Users\Harish\Downloads\ai-deepfake-detection\data\raw\real\yt_0008_part_151.flac,4.166,44100,yt_0008,YouTube Human Speech,d526e3ef707545e485cd4997e3ff4b34d06f88a2954e46c481702333b739c3e2,group_1339
yt_0008_part_153,REAL,C:\Users\Harish\Downloads\ai-deepfake-detection\data\raw\real\yt_0008_part_153.flac,7.484,44100,yt_0008,YouTube Human Speech,760ea35e2d0b34df7396a824333916ec28b3616308ec43340e0a2b7510a4a97f,group_0732
yt_0008_part_156,REAL,C:\Users\Harish\Downloads\ai-deepfake-detection\data\raw\real\yt_0008_part_156.flac,3.439,44100,yt_0008,YouTube Human Speech,8110b62f36616ee5d2857a22dd941c5e414bd665a591f379f5a2b9b43118c116,group_0796
yt_0008_part_160,REAL,C:\Users\Harish\Downloads\ai-deepfake-detection\data\raw\real\yt_0008_part_160.flac,6.843,44100,yt_0008,YouTube Human Speech,0433e14e5f445f2120659792c29f4ca44fe0dba79bb23fd3b3d3a028148dd4f4,group_0017
yt_0008_part_162,REAL,C:\Users\Harish\Downloads\ai-deepfake-detection\data\raw\real\yt_0008_part_162.flac,4.078,44100,yt_0008,YouTube Human Speech,2a7cbf21fdf86e33f7906b3648fee7879976f4665667e991dd91ea3824a0a1f7,group_0261
yt_0008_part_164,REAL,C:\Users\Harish\Downloads\ai-deepfake-detection\data\raw\real\yt_0008_part_164.flac,4.189,44100,yt_0008,YouTube Human Speech,5bc6fd41ebbed018ce430c64cecb64d7408275b195fd35d86523547f354bc806,group_0558
yt_0008_part_166,REAL,C:\Users\Harish\Downloads\ai-deepfake-detection\data\raw\real\yt_0008_part_166.flac,4.208,44100,yt_0008,YouTube Human Speech,170c438a128c6c2159fde735045a80b32c6c0a8a046b98e064299e4e3449335e,group_0140
yt_0008_part_167,REAL,C:\Users\Harish\Downloads\ai-deepfake-detection\data\raw\real\yt_0008_part_167.flac,4.676,44100,yt_0008,YouTube Human Speech,ca586441efb4de5529d723e1b28920754ce450e5cb39ea86361896bf78460332,group_1278
yt_0008_part_169,REAL,C:\Users\Harish\Downloads\ai-deepfake-detection\data\raw\real\yt_0008_part_169.flac,4.149,44100,yt_0008,YouTube Human Speech,6ce031c679ff6fd784f43c3bb160cbc099aca36c46dc5c63a45e2c2c0735e01e,group_0662
yt_0008_part_170,REAL,C:\Users\Harish\Downloads\ai-deepfake-detection\data\raw\real\yt_0008_part_170.flac,5.014,44100,yt_0008,YouTube Human Speech,17d731b8f5de1a79c53d94ec0bd044f07ffbe2c8ec49dc865905d7e96f8bd519,group_0146
yt_0008_part_180,REAL,C:\Users\Harish\Downloads\ai-deepfake-detection\data\raw\real\yt_0008_part_180.flac,2.829,44100,yt_0008,YouTube Human Speech,949a6f318d6ef56e9630d878fda061987961e2db59dd070f871018642f3dbec2,group_0927
yt_0008_part_181,REAL,C:\Users\Harish\Downloads\ai-deepfake-detection\data\raw\real\yt_0008_part_181.flac,12.526,44100,yt_0008,YouTube Human Speech,14a5717bb1514b8f3e03284132d8cc3feffeabdf033ee7189650234f56959e48,group_0125
yt_0008_part_183,REAL,C:\Users\Harish\Downloads\ai-deepfake-detection\data\raw\real\yt_0008_part_183.flac,3.219,44100,yt_0008,YouTube Human Speech,83547e24864c6d9860ed120f8ce40a246b428d00ccf2d8aa91895c050c400381,group_0810
yt_0008_part_184,REAL,C:\Users\Harish\Downloads\ai-deepfake-detection\data\raw\real\yt_0008_part_184.flac,7.848,44100,yt_0008,YouTube Human Speech,f910a9d22caa078e1529d27fbefc744edf16439ff023355474cfa2bdae7a078f,group_1606
yt_0008_part_185,REAL,C:\Users\Harish\Downloads\ai-deepfake-detection\data\raw\real\yt_0008_part_185.flac,5.153,44100,yt_0008,YouTube Human Speech,d83ab480368eef5ea3aa8582b7b80c9d73a7227032470fee6db0e84d6174363e,group_1357
yt_0008_part_186,REAL,C:\Users\Harish\Downloads\ai-deepfake-detection\data\raw\real\yt_0008_part_186.flac,8.907,44100,yt_0008,YouTube Human Speech,25c289543785e27103284690aeb52ebeb0b7ccb4a26422aba8bcf1865f87823b,group_0235
yt_0008_part_187,REAL,C:\Users\Harish\Downloads\ai-deepfake-detection\data\raw\real\yt_0008_part_187.flac,3.45,44100,yt_0008,YouTube Human Speech,af6bfc1500d5d0d8097da46cf3946ef82cc91695f2fac6e2b0ed54a593222202,group_1109
yt_0008_part_190,REAL,C:\Users\Harish\Downloads\ai-deepfake-detection\data\raw\real\yt_0008_part_190.flac,3.155,44100,yt_0008,YouTube Human Speech,860c3b2f770a294521d9be3ca7116b3d58505ccec52403004a4d0751cf026b00,group_0834
yt_0008_part_191,REAL,C:\Users\Harish\Downloads\ai-deepfake-detection\data\raw\real\yt_0008_part_191.flac,4.183,44100,yt_0008,YouTube Human Speech,163eb69c85b6e5ebb7253008ba1a426733ab892ad8587bbaa6e2cac61380f0d6,group_0133
yt_0008_part_192,REAL,C:\Users\Harish\Downloads\ai-deepfake-detection\data\raw\real\yt_0008_part_192.flac,7.226,44100,yt_0008,YouTube Human Speech,83cf8ebdfca551a2726716c878e44334b6384148f12cfed6ba205db8080fc178,group_0815
yt_0008_part_195,REAL,C:\Users\Harish\Downloads\ai-deepfake-detection\data\raw\real\yt_0008_part_195.flac,7.539,44100,yt_0008,YouTube Human Speech,b1527ead42d6972f61f84c9375214a1469425309559533d2345d61ad7a3779cc,group_1123
yt_0008_part_196,REAL,C:\Users\Harish\Downloads\ai-deepfake-detection\data\raw\real\yt_0008_part_196.flac,6.759,44100,yt_0008,YouTube Human Speech,09e6c586201da083c47b57e1ed5cc6050e4339abf3a73ee6b589253307ef520b,group_0055
yt_0008_part_197,REAL,C:\Users\Harish\Downloads\ai-deepfake-detection\data\raw\real\yt_0008_part_197.flac,3.165,44100,yt_0008,YouTube Human Speech,aaafc1fbc1245680fe91e5e61fcc3a51c5ec3d8be940b1bd43895da64a390ea6,group_1079
yt_0008_part_200,REAL,C:\Users\Harish\Downloads\ai-deepfake-detection\data\raw\real\yt_0008_part_200.flac,2.747,44100,yt_0008,YouTube Human Speech,b0c4fc62c8258ebeac1108892d024bd03ff1b0800143493b22b97a3c32d235f1,group_1116
yt_0008_part_204,REAL,C:\Users\Harish\Downloads\ai-deepfake-detection\data\raw\real\yt_0008_part_204.flac,9.114,44100,yt_0008,YouTube Human Speech,e5921d4eb96a80e611a7000b9010bd73ee047d11a871da533188fd1351b1b35b,group_1452
yt_0008_part_205,REAL,C:\Users\Harish\Downloads\ai-deepfake-detection\data\raw\real\yt_0008_part_205.flac,7.383,44100,yt_0008,YouTube Human Speech,1abfd39dbbf174cb571b1d7ee491414cdc4a99b3ad1912ee15ed0aec9bc8ce0f,group_0170
yt_0008_part_207,REAL,C:\Users\Harish\Downloads\ai-deepfake-detection\data\raw\real\yt_0008_part_207.flac,9.262,44100,yt_0008,YouTube Human Speech,6f163da6d9058da8bb1705ccc93bf36090fda64254a264a117acf564dcf1783e,group_0672
yt_0008_part_209,REAL,C:\Users\Harish\Downloads\ai-deepfake-detection\data\raw\real\yt_0008_part_209.flac,2.791,44100,yt_0008,YouTube Human Speech,80e2c33d3b27db3bfdbd6fbd6d4b48f9d6997cc23f44bc6cf556d6ba5f02c436,group_0793
yt_0008_part_211,REAL,C:\Users\Harish\Downloads\ai-deepfake-detection\data\raw\real\yt_0008_part_211.flac,4.398,44100,yt_0008,YouTube Human Speech,e4fb03791b7bc648c6bd09dab830a80aff7e10232d7c806ec325107a4636bea3,group_1449
yt_0008_part_212,REAL,C:\Users\Harish\Downloads\ai-deepfake-detection\data\raw\real\yt_0008_part_212.flac,7.196,44100,yt_0008,YouTube Human Speech,5692868017aba4182477997751b2005fc1ccaf333a9cec8edf3a56e3365096ef,group_0528
yt_0008_part_214,REAL,C:\Users\Harish\Downloads\ai-deepfake-detection\data\raw\real\yt_0008_part_214.flac,3.531,44100,yt_0008,YouTube Human Speech,4561b682ee76483c33a2a75b903e38fffcabefeadcc201b2320293938050726a,group_0426
yt_0008_part_215,REAL,C:\Users\Harish\Downloads\ai-deepfake-detection\data\raw\real\yt_0008_part_215.flac,6.452,44100,yt_0008,YouTube Human Speech,0a7aa320175dfd4477ee74fc8e252030d4e4c0330208c54f559f12b3bf30cecd,group_0061
yt_0008_part_217,REAL,C:\Users\Harish\Downloads\ai-deepfake-detection\data\raw\real\yt_0008_part_217.flac,4.18,44100,yt_0008,YouTube Human Speech,378795cd2c592b92afbffd4e45d3e4270ef6f07e7c4b66caff579a34b5ede0c2,group_0336
yt_0008_part_218,REAL,C:\Users\Harish\Downloads\ai-deepfake-detection\data\raw\real\yt_0008_part_218.flac,4.048,44100,yt_0008,YouTube Human Speech,501630da0f2510fba1502079c27d27c812e38aaa1f125c9b0bdffc995fe4a4f3,group_0490
yt_0008_part_220,REAL,C:\Users\Harish\Downloads\ai-deepfake-detection\data\raw\real\yt_0008_part_220.flac,3.061,44100,yt_0008,YouTube Human Speech,8f1dc24fea683600e389af99b6bcd9bb48e3dde41bfebf3cf49203b422e3bb87,group_0886
yt_0008_part_225,REAL,C:\Users\Harish\Downloads\ai-deepfake-detection\data\raw\real\yt_0008_part_225.flac,9.952,44100,yt_0008,YouTube Human Speech,37b991c02fe4d52ed1995bdf8ba27a12ed96522031388869c1b54ba67572cc2f,group_0339
yt_0008_part_228,REAL,C:\Users\Harish\Downloads\ai-deepfake-detection\data\raw\real\yt_0008_part_228.flac,4.482,44100,yt_0008,YouTube Human Speech,47bc8cdf051895f82fa3fadbf8b74f548c8618444ef6dbaa4806aac2e9541d8b,group_0442
yt_0008_part_229,REAL,C:\Users\Harish\Downloads\ai-deepfake-detection\data\raw\real\yt_0008_part_229.flac,3.822,44100,yt_0008,YouTube Human Speech,d631a067522ef20c9855979abd745f4a6fd24b38b6da2089cdb64eb41a6f180b,group_1343
yt_0008_part_233,REAL,C:\Users\Harish\Downloads\ai-deepfake-detection\data\raw\real\yt_0008_part_233.flac,4.603,44100,yt_0008,YouTube Human Speech,6654fee32e56de90a0f2c9ade2dce07ca15209b5c1ab50562ad4f5eb881e4611,group_0622
yt_0008_part_240,REAL,C:\Users\Harish\Downloads\ai-deepfake-detection\data\raw\real\yt_0008_part_240.flac,5.919,44100,yt_0008,YouTube Human Speech,ff2544a7e6ddfd50a21a5d98ae909db5777efa083f11cf82048abd88a2ccb659,group_1644
yt_0008_part_241,REAL,C:\Users\Harish\Downloads\ai-deepfake-detection\data\raw\real\yt_0008_part_241.flac,2.779,44100,yt_0008,YouTube Human Speech,193d78fcc471cbe8cb94557be62a1137a79a61734bf1fe1c9030d1645906e13c,group_0158
yt_0008_part_245,REAL,C:\Users\Harish\Downloads\ai-deepfake-detection\data\raw\real\yt_0008_part_245.flac,3.442,44100,yt_0008,YouTube Human Speech,ca3a0dd815122cb61dee099774392f15197001adb5ae831de0b7ef3e72e71b7e,group_1275
yt_0008_part_247,REAL,C:\Users\Harish\Downloads\ai-deepfake-detection\data\raw\real\yt_0008_part_247.flac,2.652,44100,yt_0008,YouTube Human Speech,85dba000f23198c3d4506b7b708be60c263c2710ba20d2e815a72057b4a9182d,group_0833
yt_0008_part_250,REAL,C:\Users\Harish\Downloads\ai-deepfake-detection\data\raw\real\yt_0008_part_250.flac,8.821,44100,yt_0008,YouTube Human Speech,85aad54dad42087aa47513d8631f9b75738785d4ad12317fcad67c832880d2f1,group_0829
yt_0008_part_252,REAL,C:\Users\Harish\Downloads\ai-deepfake-detection\data\raw\real\yt_0008_part_252.flac,2.611,44100,yt_0008,YouTube Human Speech,836aaefdb60b4b3435d1e0a793d93b1e146e88e39e737aebacc5b44f527ae414,group_0811
yt_0008_part_253,REAL,C:\Users\Harish\Downloads\ai-deepfake-detection\data\raw\real\yt_0008_part_253.flac,3.268,44100,yt_0008,YouTube Human Speech,7b2654d531e49845e1d500b29cbb451f912d409bd57b229ca1c8ffa164259c35,group_0759
yt_0008_part_256,REAL,C:\Users\Harish\Downloads\ai-deepfake-detection\data\raw\real\yt_0008_part_256.flac,3.483,44100,yt_0008,YouTube Human Speech,8d0d2e858ca169ec7d12efe1cc478b1d4fff7b72ce438c836b9ecb3577f5dcfe,group_0872
yt_0009_p2_part_276,REAL,C:\Users\Harish\Downloads\ai-deepfake-detection\data\raw\real\yt_0009_p2_part_276.flac,7.422,44100,yt_0009,YouTube Human Speech,faaed78d60c407d0baf649c665aab6c2cf139ed10c583ef9a7342dfb0568cd80,group_1620
yt_0009_p2_part_277,REAL,C:\Users\Harish\Downloads\ai-deepfake-detection\data\raw\real\yt_0009_p2_part_277.flac,7.422,44100,yt_0009,YouTube Human Speech,f89c4aed27fd97bac967585cb6b3dd231fbea6d6c9b891ef23ab6fb6578b70db,group_1600
yt_0009_p2_part_279,REAL,C:\Users\Harish\Downloads\ai-deepfake-detection\data\raw\real\yt_0009_p2_part_279.flac,5.522,44100,yt_0009,YouTube Human Speech,9ac1ee8c0bbaea4af1030009546c2499de4a6425196db318f560f67413d4993e,group_0965
yt_0009_p2_part_282,REAL,C:\Users\Harish\Downloads\ai-deepfake-detection\data\raw\real\yt_0009_p2_part_282.flac,5.833,44100,yt_0009,YouTube Human Speech,a36023eff0e8bfa86ffe2fba5b50b72ea1bf97774104ee99d354087a0465d28f,group_1021
yt_0009_part_003,REAL,C:\Users\Harish\Downloads\ai-deepfake-detection\data\raw\real\yt_0009_part_003.flac,5.257,44100,yt_0009,YouTube Human Speech,a33392a3634474d7181864d33e944187f35e5c9077a7ac0fe72d1689f3afbb70,group_1018
yt_0009_part_004,REAL,C:\Users\Harish\Downloads\ai-deepfake-detection\data\raw\real\yt_0009_part_004.flac,4.803,44100,yt_0009,YouTube Human Speech,dc00b3028e82b42ce4a371168c16a324eafaf3f1e3035abfc82f3e1b104dcec9,group_1384
yt_0009_part_007,REAL,C:\Users\Harish\Downloads\ai-deepfake-detection\data\raw\real\yt_0009_part_007.flac,3.556,44100,yt_0009,YouTube Human Speech,a80c87a00389c89153a79f9daa2b1a4186003c32851ce05cb85b069cd8af0f3a,group_1059
yt_0009_part_014,REAL,C:\Users\Harish\Downloads\ai-deepfake-detection\data\raw\real\yt_0009_part_014.flac,2.88,44100,yt_0009,YouTube Human Speech,f26eb8810591d404a4c627421bd8e6272ad1127b311d50e6caf64617c8bde577,group_1548
yt_0009_part_015,REAL,C:\Users\Harish\Downloads\ai-deepfake-detection\data\raw\real\yt_0009_part_015.flac,4.648,44100,yt_0009,YouTube Human Speech,076af99abe3621c11368ff39b05a4cf746df15d503549c15796baa8f45ecfeff,group_0037
yt_0009_part_016,REAL,C:\Users\Harish\Downloads\ai-deepfake-detection\data\raw\real\yt_0009_part_016.flac,2.505,44100,yt_0009,YouTube Human Speech,cd676dadf180a457e98b93cd2caae41302153cc8cd3a468aa266db2afa0b68c9,group_1296
yt_0009_part_017,REAL,C:\Users\Harish\Downloads\ai-deepfake-detection\data\raw\real\yt_0009_part_017.flac,5.103,44100,yt_0009,YouTube Human Speech,6a222d893fa2272bce993131a95c8d31a8bc4032095cef200b7f712a05fe5f0f,group_0646
yt_0009_part_018,REAL,C:\Users\Harish\Downloads\ai-deepfake-detection\data\raw\real\yt_0009_part_018.flac,5.754,44100,yt_0009,YouTube Human Speech,55133c7f1b9c1cc45700af3562fb16df5fc2fe31cde73e677eb0a5db90f63d20,group_0518
yt_0009_part_019,REAL,C:\Users\Harish\Downloads\ai-deepfake-detection\data\raw\real\yt_0009_part_019.flac,2.721,44100,yt_0009,YouTube Human Speech,0c52e05a7558fb309f166232ad3bc5b7f5e1a03f2d5b7a1245dd6393a884e719,group_0076
yt_0009_part_022,REAL,C:\Users\Harish\Downloads\ai-deepfake-detection\data\raw\real\yt_0009_part_022.flac,3.286,44100,yt_0009,YouTube Human Speech,06441e8d7ff9bc1d8ce9b7a664e09625d83b1ef6999863ac9f7e7cf307417fd1,group_0025
yt_0009_part_024,REAL,C:\Users\Harish\Downloads\ai-deepfake-detection\data\raw\real\yt_0009_part_024.flac,6.269,44100,yt_0009,YouTube Human Speech,f11a47cad4018b6b7ef126439884752bdc74b4731779cc925881513bbd416022,group_1539
yt_0009_part_025,REAL,C:\Users\Harish\Downloads\ai-deepfake-detection\data\raw\real\yt_0009_part_025.flac,4.842,44100,yt_0009,YouTube Human Speech,22ba56e6e13c9c51470bd0dca9046fe5ca182b7834eb912af00676c599a6bc81,group_0211
yt_0009_part_028,REAL,C:\Users\Harish\Downloads\ai-deepfake-detection\data\raw\real\yt_0009_part_028.flac,5.115,44100,yt_0009,YouTube Human Speech,6f0036170c2d6e06f143a3d3f1752824d225310dead7dda2b591af28813aa07b,group_0671
yt_0009_part_032,REAL,C:\Users\Harish\Downloads\ai-deepfake-detection\data\raw\real\yt_0009_part_032.flac,4.499,44100,yt_0009,YouTube Human Speech,5bd4a0b07cdc50eb067129e8f26ae62d6b01b403863b69cddbec97a668913850,group_0559
yt_0009_part_035,REAL,C:\Users\Harish\Downloads\ai-deepfake-detection\data\raw\real\yt_0009_part_035.flac,3.848,44100,yt_0009,YouTube Human Speech,2235a1361a6aa9790bd8ce7c0dd544f3c0e105c5f4ec7a9776cf703e88e799eb,group_0209
yt_0009_part_036,REAL,C:\Users\Harish\Downloads\ai-deepfake-detection\data\raw\real\yt_0009_part_036.flac,5.544,44100,yt_0009,YouTube Human Speech,7f3c3765062803997afbcbd246bd67bcb6e85526f8f3bf5a96acc185fae22d25,group_0781
yt_0009_part_037,REAL,C:\Users\Harish\Downloads\ai-deepfake-detection\data\raw\real\yt_0009_part_037.flac,2.833,44100,yt_0009,YouTube Human Speech,a5c161f408286db214dd372972389b473ae2eb815b81016e6c89207cd1401cae,group_1036
yt_0009_part_039,REAL,C:\Users\Harish\Downloads\ai-deepfake-detection\data\raw\real\yt_0009_part_039.flac,3.051,44100,yt_0009,YouTube Human Speech,b2be765fb8bf4694f55e430d1e3056f0855e826058a5e628d3f06c60555a2e73,group_1129
yt_0009_part_045,REAL,C:\Users\Harish\Downloads\ai-deepfake-detection\data\raw\real\yt_0009_part_045.flac,2.752,44100,yt_0009,YouTube Human Speech,60f52752bedcd404c8f549c349d25f0a176ba89a9e311d7e846aef26353c3a6a,group_0587
yt_0009_part_047,REAL,C:\Users\Harish\Downloads\ai-deepfake-detection\data\raw\real\yt_0009_part_047.flac,4.729,44100,yt_0009,YouTube Human Speech,22e0d5231ca2824c0015362e9f074fafead437481ab9ca0b025818b6a41acf16,group_0214
yt_0009_part_052,REAL,C:\Users\Harish\Downloads\ai-deepfake-detection\data\raw\real\yt_0009_part_052.flac,3.469,44100,yt_0009,YouTube Human Speech,9b1770007176ba2c0b71b57aa96f5c64fc5395abc50d644ab9245de6fdb41885,group_0968
yt_0009_part_054,REAL,C:\Users\Harish\Downloads\ai-deepfake-detection\data\raw\real\yt_0009_part_054.flac,2.888,44100,yt_0009,YouTube Human Speech,7103ce0f8b76b26ff88b12985cb8b001f5ad2ac9c9248968d25e333a8adf8026,group_0689
yt_0009_part_055,REAL,C:\Users\Harish\Downloads\ai-deepfake-detection\data\raw\real\yt_0009_part_055.flac,3.581,44100,yt_0009,YouTube Human Speech,090e9a8533b6018c9dd0f8b751d04cecfb2f64db7e8ecb2ccbc2d83faef169a7,group_0047
yt_0009_part_057,REAL,C:\Users\Harish\Downloads\ai-deepfake-detection\data\raw\real\yt_0009_part_057.flac,5.156,44100,yt_0009,YouTube Human Speech,71733e531e35d57a0c4de405ed62f85aaaca5998a9d1f7f680cb8fc6486a97f7,group_0694
yt_0009_part_060,REAL,C:\Users\Harish\Downloads\ai-deepfake-detection\data\raw\real\yt_0009_part_060.flac,2.78,44100,yt_0009,YouTube Human Speech,d8fced0b46508167f76a78b72de452f0aa447d2107f59cb123ca9d3cf4d83e70,group_1363
yt_0009_part_063,REAL,C:\Users\Harish\Downloads\ai-deepfake-detection\data\raw\real\yt_0009_part_063.flac,4.452,44100,yt_0009,YouTube Human Speech,2e2e46434ced5103f0711637907fedf9abc751a2c7d06e9f9a49644d84b42bfb,group_0285
yt_0009_part_065,REAL,C:\Users\Harish\Downloads\ai-deepfake-detection\data\raw\real\yt_0009_part_065.flac,6.574,44100,yt_0009,YouTube Human Speech,d3d2d49cf6e3723bc0ce3c5a8d47d337b810e0e0a10bd435d73ea678f642c05f,group_1329
yt_0009_part_066,REAL,C:\Users\Harish\Downloads\ai-deepfake-detection\data\raw\real\yt_0009_part_066.flac,3.387,44100,yt_0009,YouTube Human Speech,9476c274ad2a5f3495120bfa84116484c3597210a094998d4931befa655d3f96,group_0926
yt_0009_part_067,REAL,C:\Users\Harish\Downloads\ai-deepfake-detection\data\raw\real\yt_0009_part_067.flac,3.218,44100,yt_0009,YouTube Human Speech,a1cfd37dd2bbcd0bcd428e0abce0476a05b9ffadb7a889c530c7724ca3f53ce0,group_1010
yt_0009_part_068,REAL,C:\Users\Harish\Downloads\ai-deepfake-detection\data\raw\real\yt_0009_part_068.flac,4.271,44100,yt_0009,YouTube Human Speech,aefad0499d814d9e7e5c467e003c0b0a9eb6e899c1a9ac9baf8026467244cbc0,group_1104
yt_0009_part_069,REAL,C:\Users\Harish\Downloads\ai-deepfake-detection\data\raw\real\yt_0009_part_069.flac,3.009,44100,yt_0009,YouTube Human Speech,2732f955fc9d616bf32a141722b92820db80be14ed9b215fab1aeec0a9a003a4,group_0242
yt_0009_part_070,REAL,C:\Users\Harish\Downloads\ai-deepfake-detection\data\raw\real\yt_0009_part_070.flac,3.247,44100,yt_0009,YouTube Human Speech,dcd029b60318f1c0f056af16b076c6780b8f25556ab297725ab3856b58980e60,group_1392
yt_0009_part_071,REAL,C:\Users\Harish\Downloads\ai-deepfake-detection\data\raw\real\yt_0009_part_071.flac,3.03,44100,yt_0009,YouTube Human Speech,86a7bb202b3d84af4b7106333568a7be97bf44ed747cfe7ca3dea2d8983a2923,group_0841
yt_0009_part_073,REAL,C:\Users\Harish\Downloads\ai-deepfake-detection\data\raw\real\yt_0009_part_073.flac,4.484,44100,yt_0009,YouTube Human Speech,f7705e9f2059b37f5b15e197e4bd08bb0091fc65f37b1819689f285b016f34c5,group_1590
yt_0009_part_074,REAL,C:\Users\Harish\Downloads\ai-deepfake-detection\data\raw\real\yt_0009_part_074.flac,3.697,44100,yt_0009,YouTube Human Speech,18bef55f8336f7e741bde2f158eb977bf7a647021beef852c6a10a3a1842a8ee,group_0155
yt_0009_part_076,REAL,C:\Users\Harish\Downloads\ai-deepfake-detection\data\raw\real\yt_0009_part_076.flac,3.496,44100,yt_0009,YouTube Human Speech,5623ef7c039f8f80b5c3e0da2f63886232c86d2e484a4e026102c6d1b1a13025,group_0524
yt_0009_part_077,REAL,C:\Users\Harish\Downloads\ai-deepfake-detection\data\raw\real\yt_0009_part_077.flac,4.569,44100,yt_0009,YouTube Human Speech,db667ff4fc10483c2bfaf06c012598dcc27e2d785a7c82875efa933a9a200086,group_1381
yt_0009_part_078,REAL,C:\Users\Harish\Downloads\ai-deepfake-detection\data\raw\real\yt_0009_part_078.flac,3.38,44100,yt_0009,YouTube Human Speech,e88a94a28d36c633fa6166ad357befca725a10ede12cb1e0bbc7b74c0da55b01,group_1474
yt_0009_part_084,REAL,C:\Users\Harish\Downloads\ai-deepfake-detection\data\raw\real\yt_0009_part_084.flac,5.681,44100,yt_0009,YouTube Human Speech,a0d3110382154bf6d06a2bca11e212b6b170e2a18b682747919f67ab72294c3f,group_1004
yt_0009_part_087,REAL,C:\Users\Harish\Downloads\ai-deepfake-detection\data\raw\real\yt_0009_part_087.flac,2.969,44100,yt_0009,YouTube Human Speech,e734bd61f0c7352467626c2e39a4a06c870559a1fd6c6b79660a749c8357c026,group_1466
yt_0009_part_090,REAL,C:\Users\Harish\Downloads\ai-deepfake-detection\data\raw\real\yt_0009_part_090.flac,3.029,44100,yt_0009,YouTube Human Speech,7ebb2c1259ffe6d1dbe50cd4ecf478bfc41ea5861cc14b8f333c108d61e8035c,group_0780
yt_0009_part_092,REAL,C:\Users\Harish\Downloads\ai-deepfake-detection\data\raw\real\yt_0009_part_092.flac,2.71,44100,yt_0009,YouTube Human Speech,ac872b643044d7c37c976c8563dbd1fe1239d162698948d15322fd695a68d198,group_1092
yt_0009_part_093,REAL,C:\Users\Harish\Downloads\ai-deepfake-detection\data\raw\real\yt_0009_part_093.flac,2.881,44100,yt_0009,YouTube Human Speech,7072f1c45c69358dcff0706d27d15cc1bde40fe53214658d8cafa6df2b1ea8e9,group_0684
yt_0009_part_100,REAL,C:\Users\Harish\Downloads\ai-deepfake-detection\data\raw\real\yt_0009_part_100.flac,3.741,44100,yt_0009,YouTube Human Speech,c0026c151b97a74276ff1cdceb39f96a6b7a0b336aeb2ab868cfaedc905b195b,group_1205
yt_0009_part_102,REAL,C:\Users\Harish\Downloads\ai-deepfake-detection\data\raw\real\yt_0009_part_102.flac,4.214,44100,yt_0009,YouTube Human Speech,962ebce32084f3efb4c5a29744844bf7ef06121656be112c7921ccfc14516997,group_0933
yt_0009_part_103,REAL,C:\Users\Harish\Downloads\ai-deepfake-detection\data\raw\real\yt_0009_part_103.flac,2.557,44100,yt_0009,YouTube Human Speech,577fe6c158cd8858eef5172647531561446ef915031addb9c37cf775156f7c37,group_0533
yt_0009_part_104,REAL,C:\Users\Harish\Downloads\ai-deepfake-detection\data\raw\real\yt_0009_part_104.flac,7.126,44100,yt_0009,YouTube Human Speech,a1dd6dbd4035980950ef480efb1ce16f740167f9eec9d0045e7bfed973e3e50f,group_1011
yt_0009_part_105,REAL,C:\Users\Harish\Downloads\ai-deepfake-detection\data\raw\real\yt_0009_part_105.flac,3.595,44100,yt_0009,YouTube Human Speech,8334891df6fb9ada159d08575f7a4b3c0db3b38dce8bc8fdba16dd1e06849895,group_0809
yt_0009_part_107,REAL,C:\Users\Harish\Downloads\ai-deepfake-detection\data\raw\real\yt_0009_part_107.flac,4.269,44100,yt_0009,YouTube Human Speech,5c86e7f46bf2681ae542fb9aabc4c561c26a1882fa1c547a65b57fc9c3d11e3e,group_0563
yt_0009_part_110,REAL,C:\Users\Harish\Downloads\ai-deepfake-detection\data\raw\real\yt_0009_part_110.flac,3.355,44100,yt_0009,YouTube Human Speech,3af9cca3acaca10bc4a9fd300c9836b9ba4701cf386d00ad8d5eac6bc068842c,group_0360
yt_0009_part_112,REAL,C:\Users\Harish\Downloads\ai-deepfake-detection\data\raw\real\yt_0009_part_112.flac,3.293,44100,yt_0009,YouTube Human Speech,439d6ec37554b7905b31b6ee2905ce4f7c000f9391b5b01bfb0bae7b074a013c,group_0415
yt_0009_part_114,REAL,C:\Users\Harish\Downloads\ai-deepfake-detection\data\raw\real\yt_0009_part_114.flac,3.553,44100,yt_0009,YouTube Human Speech,86c4a58bb419045ab4e6d81e39c28c004c83d74220423421f2972b73cc3db4a8,group_0842
yt_0009_part_117,REAL,C:\Users\Harish\Downloads\ai-deepfake-detection\data\raw\real\yt_0009_part_117.flac,3.337,44100,yt_0009,YouTube Human Speech,a79c64d8a0c5d3ea582fa1a7308306fc7d6a975094ad9032dc5311065201ab5c,group_1054
yt_0009_part_118,REAL,C:\Users\Harish\Downloads\ai-deepfake-detection\data\raw\real\yt_0009_part_118.flac,4.134,44100,yt_0009,YouTube Human Speech,5a4b4ce784eb4a4e358fe707d6e3fa7b91e1d240cbf6cdb1c369087b1aba4101,group_0553
yt_0009_part_119,REAL,C:\Users\Harish\Downloads\ai-deepfake-detection\data\raw\real\yt_0009_part_119.flac,4.558,44100,yt_0009,YouTube Human Speech,6323dcef585e4c8d4292e0ed3c195781d6989cd296811c5e2da8d290585808a6,group_0601
yt_0009_part_120,REAL,C:\Users\Harish\Downloads\ai-deepfake-detection\data\raw\real\yt_0009_part_120.flac,4.001,44100,yt_0009,YouTube Human Speech,72c4e9f07843fe0ca7f8f9f95df1c448ed6411cd7630f173f5fa6268dfe08d9b,group_0706
yt_0009_part_121,REAL,C:\Users\Harish\Downloads\ai-deepfake-detection\data\raw\real\yt_0009_part_121.flac,3.432,44100,yt_0009,YouTube Human Speech,9b56a3447d451c22580127ebe0a0cd31dbe123f563d383ec971f66abf9c2d002,group_0969
yt_0009_part_122,REAL,C:\Users\Harish\Downloads\ai-deepfake-detection\data\raw\real\yt_0009_part_122.flac,3.937,44100,yt_0009,YouTube Human Speech,12a81a495598e219b13d9fb7172b113df4436a5fb603eee14b94af5d4d6ce163,group_0114
yt_0009_part_127,REAL,C:\Users\Harish\Downloads\ai-deepfake-detection\data\raw\real\yt_0009_part_127.flac,2.529,44100,yt_0009,YouTube Human Speech,58e0b534832dcc5559156515a80171758fd63924ba0a7911d11ca94bbcdc560c,group_0543
yt_0009_part_128,REAL,C:\Users\Harish\Downloads\ai-deepfake-detection\data\raw\real\yt_0009_part_128.flac,4.527,44100,yt_0009,YouTube Human Speech,6195a8c26628d8b66d2699c277764291f5a2db20d8ee1987d7b64e54dc52768f,group_0590
yt_0009_part_134,REAL,C:\Users\Harish\Downloads\ai-deepfake-detection\data\raw\real\yt_0009_part_134.flac,4.513,44100,yt_0009,YouTube Human Speech,e5fc5468b1d4501813b62e968b748d581e2d156a3396a3be46ef50e22c43273d,group_1455
yt_0009_part_136,REAL,C:\Users\Harish\Downloads\ai-deepfake-detection\data\raw\real\yt_0009_part_136.flac,5.908,44100,yt_0009,YouTube Human Speech,e77861b18e22080759859c3067c1f44a114111ec93d0637ccc63bae8564cfab7,group_1468
yt_0009_part_138,REAL,C:\Users\Harish\Downloads\ai-deepfake-detection\data\raw\real\yt_0009_part_138.flac,3.255,44100,yt_0009,YouTube Human Speech,740b02be53d68ee817871d635dfee1c0c90d0538daa707a7563d8c9c65875db7,group_0716
yt_0009_part_139,REAL,C:\Users\Harish\Downloads\ai-deepfake-detection\data\raw\real\yt_0009_part_139.flac,6.673,44100,yt_0009,YouTube Human Speech,461257e7c94ace81c495b882b4ce520235cff1b195851be5a06ee6322be90d80,group_0431
yt_0009_part_143,REAL,C:\Users\Harish\Downloads\ai-deepfake-detection\data\raw\real\yt_0009_part_143.flac,2.848,44100,yt_0009,YouTube Human Speech,944dc54076313bee88039c9493fab840c97a3eef13862ae44ccaf835bef82892,group_0924
yt_0009_part_144,REAL,C:\Users\Harish\Downloads\ai-deepfake-detection\data\raw\real\yt_0009_part_144.flac,2.746,44100,yt_0009,YouTube Human Speech,b6d102ce34acbc73b41ad55061ccbfc36766f78713e84aae477df883979059c4,group_1159
yt_0009_part_150,REAL,C:\Users\Harish\Downloads\ai-deepfake-detection\data\raw\real\yt_0009_part_150.flac,3.77,44100,yt_0009,YouTube Human Speech,f410d146801e5732b0f2ce67f6f5b88d12ec4edb62d1302ad13b7759adc31687,group_1566
yt_0009_part_152,REAL,C:\Users\Harish\Downloads\ai-deepfake-detection\data\raw\real\yt_0009_part_152.flac,5.156,44100,yt_0009,YouTube Human Speech,f28fa8e31a9ef0e1ad237ed5b893842b3b8d3c70686073da36c4ec1a9914fa36,group_1549
yt_0009_part_153,REAL,C:\Users\Harish\Downloads\ai-deepfake-detection\data\raw\real\yt_0009_part_153.flac,9.454,44100,yt_0009,YouTube Human Speech,58437eafc7f4a675d76e022420324c31bb910aae64f93e8e4ef6577082b0f682,group_0539
yt_0009_part_157,REAL,C:\Users\Harish\Downloads\ai-deepfake-detection\data\raw\real\yt_0009_part_157.flac,2.925,44100,yt_0009,YouTube Human Speech,bf857394768aff18c5f6f82b826102113ed1e9062d80c89d9e31db0714ef0fb3,group_1204
yt_0009_part_161,REAL,C:\Users\Harish\Downloads\ai-deepfake-detection\data\raw\real\yt_0009_part_161.flac,4.608,44100,yt_0009,YouTube Human Speech,be4f6e573e2861172b511cb680936b9b1aa3b52d27c20e2e13bc4755be361af2,group_1196
yt_0009_part_164,REAL,C:\Users\Harish\Downloads\ai-deepfake-detection\data\raw\real\yt_0009_part_164.flac,3.761,44100,yt_0009,YouTube Human Speech,ec6a00bcfc0aa1e12918e2665d697ddcdbafb357f625947cdc8fdb12434db88d,group_1508
yt_0009_part_166,REAL,C:\Users\Harish\Downloads\ai-deepfake-detection\data\raw\real\yt_0009_part_166.flac,3.642,44100,yt_0009,YouTube Human Speech,60f099b458c1601a2315c8336c9ed63016ac0a38961753efc99cc33cc250ebd9,group_0586
yt_0009_part_167,REAL,C:\Users\Harish\Downloads\ai-deepfake-detection\data\raw\real\yt_0009_part_167.flac,2.763,44100,yt_0009,YouTube Human Speech,52a52807e6f1168df612c3bbb63473a833fb584312f56d04bedfcf9820c067fe,group_0505
yt_0009_part_168,REAL,C:\Users\Harish\Downloads\ai-deepfake-detection\data\raw\real\yt_0009_part_168.flac,4.395,44100,yt_0009,YouTube Human Speech,bb7790f390996341a9aa59194f5e5b884943800dae156e136639335396682a5f,group_1185
yt_0009_part_173,REAL,C:\Users\Harish\Downloads\ai-deepfake-detection\data\raw\real\yt_0009_part_173.flac,5.808,44100,yt_0009,YouTube Human Speech,aa5c8aac2850118e66b2ff66bef7e02754cd69a854e18c194a5bf1c7808df87a,group_1075
yt_0009_part_174,REAL,C:\Users\Harish\Downloads\ai-deepfake-detection\data\raw\real\yt_0009_part_174.flac,4.478,44100,yt_0009,YouTube Human Speech,d9db423b556f593451f7c9835b80856849404c941b3b546c2e1bba8e420cec2b,group_1366
yt_0009_part_175,REAL,C:\Users\Harish\Downloads\ai-deepfake-detection\data\raw\real\yt_0009_part_175.flac,3.175,44100,yt_0009,YouTube Human Speech,2019e29579ed4ec1c4ea75fbfa3f3250395c6bd7d0a5afcbe1e600ca7ed763dd,group_0196
yt_0009_part_182,REAL,C:\Users\Harish\Downloads\ai-deepfake-detection\data\raw\real\yt_0009_part_182.flac,2.858,44100,yt_0009,YouTube Human Speech,a356bd87dde59aad29ef33c51ee09bac72d90c4ee0fa8eb3b67efd626c061bf5,group_1020
yt_0009_part_186,REAL,C:\Users\Harish\Downloads\ai-deepfake-detection\data\raw\real\yt_0009_part_186.flac,6.009,44100,yt_0009,YouTube Human Speech,9e2031cb80764167a3bf3a773e6c63eebc390c2f85ec2e26b337cc99a6749b36,group_0988
yt_0009_part_190,REAL,C:\Users\Harish\Downloads\ai-deepfake-detection\data\raw\real\yt_0009_part_190.flac,5.367,44100,yt_0009,YouTube Human Speech,3fa93b6feed663128fcc9b9158d608f5b5bc7184bcdfb835d58fd5f4bbb8bab6,group_0393
yt_0009_part_192,REAL,C:\Users\Harish\Downloads\ai-deepfake-detection\data\raw\real\yt_0009_part_192.flac,3.0,44100,yt_0009,YouTube Human Speech,5bd676c42a8871ef9bf5dbe39d9c6fc44b673e6a3f89924e65aa08f1c7da7dd9,group_0560
yt_0009_part_195,REAL,C:\Users\Harish\Downloads\ai-deepfake-detection\data\raw\real\yt_0009_part_195.flac,3.074,44100,yt_0009,YouTube Human Speech,ae29310ca106237c59f71a58ede39135b4e0c318eabae5c74172cc7722efbf0c,group_1098
yt_0009_part_197,REAL,C:\Users\Harish\Downloads\ai-deepfake-detection\data\raw\real\yt_0009_part_197.flac,3.285,44100,yt_0009,YouTube Human Speech,2541fa76168534bc95d4948bdc6a26a4d6618651cd541584161c44c52e4767b6,group_0232
yt_0009_part_198,REAL,C:\Users\Harish\Downloads\ai-deepfake-detection\data\raw\real\yt_0009_part_198.flac,5.542,44100,yt_0009,YouTube Human Speech,ae80104d2c8e4b80694cb4f5e8b6a1d0d9ba50a022d841201fb56da8d9c5e36c,group_1102
yt_0009_part_199,REAL,C:\Users\Harish\Downloads\ai-deepfake-detection\data\raw\real\yt_0009_part_199.flac,3.209,44100,yt_0009,YouTube Human Speech,1b7a1ba06bef1c346673e36fc8a81dee6c0160090066f7bc87fe337d6371b44a,group_0177
yt_0009_part_209,REAL,C:\Users\Harish\Downloads\ai-deepfake-detection\data\raw\real\yt_0009_part_209.flac,3.473,44100,yt_0009,YouTube Human Speech,73795f7ffef3ce1fb4782ebb840c47e7998884c6e6224cadcb5bee43596ae049,group_0712
yt_0009_part_213,REAL,C:\Users\Harish\Downloads\ai-deepfake-detection\data\raw\real\yt_0009_part_213.flac,6.934,44100,yt_0009,YouTube Human Speech,4e0739aaec2e0d534d04a129a70388aceee7b221965a3ec027e805fc04799d60,group_0479
yt_0009_part_214,REAL,C:\Users\Harish\Downloads\ai-deepfake-detection\data\raw\real\yt_0009_part_214.flac,3.399,44100,yt_0009,YouTube Human Speech,c60f4c3190b2bbcae2192c07e2e7405dae03d7368e4a0d9774e86c3daf8d98a0,group_1250
yt_0009_part_216,REAL,C:\Users\Harish\Downloads\ai-deepfake-detection\data\raw\real\yt_0009_part_216.flac,2.783,44100,yt_0009,YouTube Human Speech,13deab9e5f16c163a42966b2b9296b41c974ac3a9ebd11f0996cf77597c81486,group_0120
yt_0009_part_218,REAL,C:\Users\Harish\Downloads\ai-deepfake-detection\data\raw\real\yt_0009_part_218.flac,4.533,44100,yt_0009,YouTube Human Speech,3ebb7bb649920207b3999b6f40c70d6fd6bfebfa820930ae751911e44040dfee,group_0385
yt_0009_part_219,REAL,C:\Users\Harish\Downloads\ai-deepfake-detection\data\raw\real\yt_0009_part_219.flac,3.31,44100,yt_0009,YouTube Human Speech,dc710db94e40d48d826b3f3d6aafe5b72780fe4001117f430ebd49e07a877336,group_1388
yt_0009_part_222,REAL,C:\Users\Harish\Downloads\ai-deepfake-detection\data\raw\real\yt_0009_part_222.flac,2.691,44100,yt_0009,YouTube Human Speech,dc4487d8afb8bd28d145cd32838a56a5e6ac1401453f3aea8b7de2f76ec8d6f8,group_1385
yt_0009_part_224,REAL,C:\Users\Harish\Downloads\ai-deepfake-detection\data\raw\real\yt_0009_part_224.flac,4.107,44100,yt_0009,YouTube Human Speech,a7312ca8aa4c88869a912bd1b3e8543fd96eee780d4d730198a024ce6c88158f,group_1048
yt_0009_part_225,REAL,C:\Users\Harish\Downloads\ai-deepfake-detection\data\raw\real\yt_0009_part_225.flac,3.855,44100,yt_0009,YouTube Human Speech,171564798bad847e11f702250897c0016f903b0aa7f684c934ddfdb2bda23366,group_0141
yt_0009_part_226,REAL,C:\Users\Harish\Downloads\ai-deepfake-detection\data\raw\real\yt_0009_part_226.flac,5.706,44100,yt_0009,YouTube Human Speech,aba81711ee38c0cbb7604e35939a0c0bc61a9bdab389cffb5451c3f0921aff2d,group_1084
yt_0009_part_227,REAL,C:\Users\Harish\Downloads\ai-deepfake-detection\data\raw\real\yt_0009_part_227.flac,2.893,44100,yt_0009,YouTube Human Speech,c56a52671be561a0ea48cd81df132943a146791a0d2781fd80fb062956604798,group_1244
yt_0009_part_229,REAL,C:\Users\Harish\Downloads\ai-deepfake-detection\data\raw\real\yt_0009_part_229.flac,3.845,44100,yt_0009,YouTube Human Speech,130ad8835b53687a0544416dfa6cc2c6a7b7f40e4421f7cedd49b3fa1df3ee36,group_0117
yt_0009_part_230,REAL,C:\Users\Harish\Downloads\ai-deepfake-detection\data\raw\real\yt_0009_part_230.flac,5.097,44100,yt_0009,YouTube Human Speech,580a05e55118816cd288d60141cf4d81a16c8639c76e7593086fd1e0becda32d,group_0537
yt_0009_part_231,REAL,C:\Users\Harish\Downloads\ai-deepfake-detection\data\raw\real\yt_0009_part_231.flac,6.039,44100,yt_0009,YouTube Human Speech,c1972d6c94102b2d545debab1bdca161f24544ee98b0a9b2a8443b537b3bb797,group_1219
yt_0009_part_235,REAL,C:\Users\Harish\Downloads\ai-deepfake-detection\data\raw\real\yt_0009_part_235.flac,3.654,44100,yt_0009,YouTube Human Speech,831d1ac66f5a2c6ccc23865833f9c036038aeb780bd8d8f8d9f4b96f2dc984fa,group_0808
yt_0009_part_240,REAL,C:\Users\Harish\Downloads\ai-deepfake-detection\data\raw\real\yt_0009_part_240.flac,8.655,44100,yt_0009,YouTube Human Speech,56848533aac989418b44868bc1a267ab296e18fba661fc301861b0d5995915d1,group_0527
yt_0009_part_242,REAL,C:\Users\Harish\Downloads\ai-deepfake-detection\data\raw\real\yt_0009_part_242.flac,3.86,44100,yt_0009,YouTube Human Speech,c05b5c4f678b29e92345b2bba2067c45b335b1ac06b57b725374d6c134bdb360,group_1209
yt_0009_part_243,REAL,C:\Users\Harish\Downloads\ai-deepfake-detection\data\raw\real\yt_0009_part_243.flac,3.066,44100,yt_0009,YouTube Human Speech,0716a3d6dd19c9a1539e9868e5be7912b252b5a71b8e8f1494a25bbf2d56eb57,group_0033
yt_0009_part_244,REAL,C:\Users\Harish\Downloads\ai-deepfake-detection\data\raw\real\yt_0009_part_244.flac,2.81,44100,yt_0009,YouTube Human Speech,0237fd6e24e1e4eac83d2a3a8b3d97589b2cdcc52b430996872ad9fa225c1bfd,group_0010
yt_0009_part_246,REAL,C:\Users\Harish\Downloads\ai-deepfake-detection\data\raw\real\yt_0009_part_246.flac,2.936,44100,yt_0009,YouTube Human Speech,3c164ecdf2204e8892ce8a0d7f2544c9f6912789d1ba3a692f1f69df1f75a183,group_0366
yt_0009_part_249,REAL,C:\Users\Harish\Downloads\ai-deepfake-detection\data\raw\real\yt_0009_part_249.flac,3.672,44100,yt_0009,YouTube Human Speech,59c86da8ef6a338b3614fb6e9a3df59488def0c5e3a68f40b7568f150e3a5c72,group_0550
yt_0009_part_251,REAL,C:\Users\Harish\Downloads\ai-deepfake-detection\data\raw\real\yt_0009_part_251.flac,3.544,44100,yt_0009,YouTube Human Speech,22c4559b13b70e73bfc2cf228d1a0ad8b0e0f736ee5b4003d7728dc5f17c3925,group_0212
yt_0009_part_252,REAL,C:\Users\Harish\Downloads\ai-deepfake-detection\data\raw\real\yt_0009_part_252.flac,5.334,44100,yt_0009,YouTube Human Speech,df9cdda8aad0b6d1df14bcbdeb8278d5676e320e42282bbc100efbcd0f40825f,group_1417
yt_0009_part_253,REAL,C:\Users\Harish\Downloads\ai-deepfake-detection\data\raw\real\yt_0009_part_253.flac,4.136,44100,yt_0009,YouTube Human Speech,a2a7a8c8d1af52ac4acb42e8d2795dd05f96f7fb675a3c26e33627bc371ade27,group_1014
yt_0009_part_256,REAL,C:\Users\Harish\Downloads\ai-deepfake-detection\data\raw\real\yt_0009_part_256.flac,2.574,44100,yt_0009,YouTube Human Speech,bd84de38066cb7e1c63494b1ba9eaab71f7e975366d8a7f2d0d1af2432f7211e,group_1193
yt_0009_part_258,REAL,C:\Users\Harish\Downloads\ai-deepfake-detection\data\raw\real\yt_0009_part_258.flac,3.071,44100,yt_0009,YouTube Human Speech,ea1ca68a3b820d5285c9f7ffb8862050b7a589fb46d2d48aeef2217dacff59a4,group_1487
yt_0009_part_262,REAL,C:\Users\Harish\Downloads\ai-deepfake-detection\data\raw\real\yt_0009_part_262.flac,3.029,44100,yt_0009,YouTube Human Speech,19ad77091fb5bef5eb966cbe1b30199e43639ea019453c89bdad687c3943a025,group_0163
yt_0009_part_266,REAL,C:\Users\Harish\Downloads\ai-deepfake-detection\data\raw\real\yt_0009_part_266.flac,3.379,44100,yt_0009,YouTube Human Speech,fdbb6933ac2e6f7feb52b05865809576b18111aff628705b9f3f1a48e23612ba,group_1635
yt_0009_part_267,REAL,C:\Users\Harish\Downloads\ai-deepfake-detection\data\raw\real\yt_0009_part_267.flac,2.837,44100,yt_0009,YouTube Human Speech,6f8566131ebf81ce9ed83ef5175c747bac56d75843624f9e179cb1a0b571ef7d,group_0679
yt_0009_part_268,REAL,C:\Users\Harish\Downloads\ai-deepfake-detection\data\raw\real\yt_0009_part_268.flac,2.856,44100,yt_0009,YouTube Human Speech,07bbae2ac00d3b5586405f7cfff9ebbad4df6992200982b8305ff2ee1365e75e,group_0039
yt_0009_part_269,REAL,C:\Users\Harish\Downloads\ai-deepfake-detection\data\raw\real\yt_0009_part_269.flac,3.495,44100,yt_0009,YouTube Human Speech,c1d42dd072cb82b7ff026aafe4a75dea5ca72a3d98cc31631a033cb87563ddae,group_1220
yt_0009_part_270,REAL,C:\Users\Harish\Downloads\ai-deepfake-detection\data\raw\real\yt_0009_part_270.flac,4.473,44100,yt_0009,YouTube Human Speech,666ac07a164a2d8d02cc0c48c413cac091ddf4b123e9eef369463cb24a47bc29,group_0623
yt_0009_part_271,REAL,C:\Users\Harish\Downloads\ai-deepfake-detection\data\raw\real\yt_0009_part_271.flac,4.167,44100,yt_0009,YouTube Human Speech,d6ad2420ca2ebda72987ec7ef717d9d2f23ad863da824559eebadf906d80e693,group_1350
yt_0009_part_273,REAL,C:\Users\Harish\Downloads\ai-deepfake-detection\data\raw\real\yt_0009_part_273.flac,6.573,44100,yt_0009,YouTube Human Speech,f2057d33736194aa4e3118ce38549fa9fcb350d98a75b8e4e7243f0053ecf817,group_1545
yt_0009_part_274,REAL,C:\Users\Harish\Downloads\ai-deepfake-detection\data\raw\real\yt_0009_part_274.flac,4.461,44100,yt_0009,YouTube Human Speech,a2f05eaf59dbbbb99d88f32074355ea666cfbec41b523edff9b4b175682be689,group_1016
yt_0010_part_003,REAL,C:\Users\Harish\Downloads\ai-deepfake-detection\data\raw\real\yt_0010_part_003.flac,2.625,44100,yt_0010,YouTube Human Speech,87e325c391a1d259a37615f30f9b0d30fd4baa71e9a79b9d43980fb60397e66c,group_0846
yt_0010_part_004,REAL,C:\Users\Harish\Downloads\ai-deepfake-detection\data\raw\real\yt_0010_part_004.flac,3.238,44100,yt_0010,YouTube Human Speech,f82cf0eb54e6c686d2e9a7b0efae67186994c9ddbdc74fa801586265aed759ef,group_1597
yt_0010_part_005,REAL,C:\Users\Harish\Downloads\ai-deepfake-detection\data\raw\real\yt_0010_part_005.flac,4.673,44100,yt_0010,YouTube Human Speech,bc4475532f4410bb7036146cb26273f7581663e9f21ec80397390a8c2e564c03,group_1188
yt_0010_part_006,REAL,C:\Users\Harish\Downloads\ai-deepfake-detection\data\raw\real\yt_0010_part_006.flac,8.743,44100,yt_0010,YouTube Human Speech,757cd376bfa49b6b56e277f4c5146faffee30a520951ffb9194865de7a9e9c39,group_0728
yt_0010_part_007,REAL,C:\Users\Harish\Downloads\ai-deepfake-detection\data\raw\real\yt_0010_part_007.flac,2.621,44100,yt_0010,YouTube Human Speech,8654681299966db59d4b80b111464a9896e9df83b9b8340afc713f2eb4719258,group_0837
yt_0010_part_009,REAL,C:\Users\Harish\Downloads\ai-deepfake-detection\data\raw\real\yt_0010_part_009.flac,3.469,44100,yt_0010,YouTube Human Speech,55fabedd8b6726511a12646dc00cf3a6f97dc2aefb34ca27ddb1c6d9ecb6758b,group_0520
yt_0010_part_010,REAL,C:\Users\Harish\Downloads\ai-deepfake-detection\data\raw\real\yt_0010_part_010.flac,3.071,44100,yt_0010,YouTube Human Speech,2b550a0aae1105f32df91870e00cd84add8ef30c4137a975ca1ceb6cdf297788,group_0268
yt_0010_part_013,REAL,C:\Users\Harish\Downloads\ai-deepfake-detection\data\raw\real\yt_0010_part_013.flac,5.105,44100,yt_0010,YouTube Human Speech,b487412f3ed4489d9c8eece3becfd0c96d4882f12767041545bdec1570825840,group_1144
yt_0010_part_014,REAL,C:\Users\Harish\Downloads\ai-deepfake-detection\data\raw\real\yt_0010_part_014.flac,2.515,44100,yt_0010,YouTube Human Speech,79d8c4e6a68ae35bb88395cbedf1f6c1e875729262b1f7b472ed164e62832ba9,group_0754
yt_0010_part_016,REAL,C:\Users\Harish\Downloads\ai-deepfake-detection\data\raw\real\yt_0010_part_016.flac,3.033,44100,yt_0010,YouTube Human Speech,ed795a4d03ae26cc2093a634c1ef86f85235350e7409ac8826caa4f471ae6bab,group_1515
yt_0010_part_021,REAL,C:\Users\Harish\Downloads\ai-deepfake-detection\data\raw\real\yt_0010_part_021.flac,2.534,44100,yt_0010,YouTube Human Speech,f2ada0d8c70c064876602d121a9894596994dc1fe3c59a32129e25b633026625,group_1550
yt_0010_part_022,REAL,C:\Users\Harish\Downloads\ai-deepfake-detection\data\raw\real\yt_0010_part_022.flac,3.637,44100,yt_0010,YouTube Human Speech,57aa0b09b201a956e0fd296015f69a77fa7abf7029807915f15deb575ae98449,group_0536
yt_0010_part_023,REAL,C:\Users\Harish\Downloads\ai-deepfake-detection\data\raw\real\yt_0010_part_023.flac,4.133,44100,yt_0010,YouTube Human Speech,fbad4928d24951ceccd8bedeaac4c11e54f9e08a576f31374eccaade49f83d92,group_1625
yt_0010_part_027,REAL,C:\Users\Harish\Downloads\ai-deepfake-detection\data\raw\real\yt_0010_part_027.flac,2.678,44100,yt_0010,YouTube Human Speech,7967f84c3987a4e25d4fb6d747291c940a03abdf1543b7b3864221f84414e060,group_0751
yt_0010_part_031,REAL,C:\Users\Harish\Downloads\ai-deepfake-detection\data\raw\real\yt_0010_part_031.flac,8.053,44100,yt_0010,YouTube Human Speech,5345fedeefd5d862d219a0c29249c550eb2678bc7743fbd5f9a8ade96c54804c,group_0507
yt_0010_part_035,REAL,C:\Users\Harish\Downloads\ai-deepfake-detection\data\raw\real\yt_0010_part_035.flac,3.324,44100,yt_0010,YouTube Human Speech,0fd31583a528e946301239afe7d9c6974264736007cea864a5ca4514ce0209f5,group_0100
yt_0010_part_036,REAL,C:\Users\Harish\Downloads\ai-deepfake-detection\data\raw\real\yt_0010_part_036.flac,2.652,44100,yt_0010,YouTube Human Speech,635d544f3e7c97e39b90ce232f47086a5c38c9fbfe6433dd0c5d705fc07430b4,group_0604
yt_0010_part_038,REAL,C:\Users\Harish\Downloads\ai-deepfake-detection\data\raw\real\yt_0010_part_038.flac,2.937,44100,yt_0010,YouTube Human Speech,c53ce0f64368ea4919c425e640278f7a1f152fc049eca3e420d483d5778a8693,group_1243
yt_0010_part_039,REAL,C:\Users\Harish\Downloads\ai-deepfake-detection\data\raw\real\yt_0010_part_039.flac,2.539,44100,yt_0010,YouTube Human Speech,07ae09e104494f55db5cc676ec66c8d03bf2b917d3bdfa7a5eb4dc46d4985665,group_0038
yt_0010_part_040,REAL,C:\Users\Harish\Downloads\ai-deepfake-detection\data\raw\real\yt_0010_part_040.flac,9.762,44100,yt_0010,YouTube Human Speech,cdd2db5605b8f170a4db651babfe2b8cbc9cca4ba258cea30ba72a0690d411fa,group_1300
yt_0010_part_041,REAL,C:\Users\Harish\Downloads\ai-deepfake-detection\data\raw\real\yt_0010_part_041.flac,3.556,44100,yt_0010,YouTube Human Speech,fb4f1cf50e2e69e24a111ce61039cfe7c460357769798b90c9fde4ec58cf10c4,group_1623
yt_0010_part_043,REAL,C:\Users\Harish\Downloads\ai-deepfake-detection\data\raw\real\yt_0010_part_043.flac,5.791,44100,yt_0010,YouTube Human Speech,dd2c37803f5dc2c2fe0b82b9112421adc4c4e7e34de73bed379fb1136f2af54f,group_1396
yt_0010_part_045,REAL,C:\Users\Harish\Downloads\ai-deepfake-detection\data\raw\real\yt_0010_part_045.flac,3.448,44100,yt_0010,YouTube Human Speech,a479ee8e4d2f8010767509ce6638902c59da7f6b0c65431dfd33304bfa03eaa5,group_1032
yt_0010_part_046,REAL,C:\Users\Harish\Downloads\ai-deepfake-detection\data\raw\real\yt_0010_part_046.flac,3.533,44100,yt_0010,YouTube Human Speech,cac45ce029ced91872a59c22b633cee50c3e2e29680f453990daae6b6f4715de,group_1282
yt_0010_part_047,REAL,C:\Users\Harish\Downloads\ai-deepfake-detection\data\raw\real\yt_0010_part_047.flac,4.026,44100,yt_0010,YouTube Human Speech,e2465c58cdb86520417e14d5fd2349ff8d67640a8c2582e32c3e1017da7dcb89,group_1433
yt_0010_part_050,REAL,C:\Users\Harish\Downloads\ai-deepfake-detection\data\raw\real\yt_0010_part_050.flac,2.724,44100,yt_0010,YouTube Human Speech,9eaaf2a707ecb6977b80652a4641a2e5bb3b73fdeccd9d3586b4a8f25c2e2f8f,group_0990
yt_0010_part_053,REAL,C:\Users\Harish\Downloads\ai-deepfake-detection\data\raw\real\yt_0010_part_053.flac,3.917,44100,yt_0010,YouTube Human Speech,dfc3aa7cd78620f176782895aecfc35eeb199d0bd12aa435663df1dae3ed03e6,group_1419
yt_0010_part_055,REAL,C:\Users\Harish\Downloads\ai-deepfake-detection\data\raw\real\yt_0010_part_055.flac,2.521,44100,yt_0010,YouTube Human Speech,784ee7e7478e801da76c5e4f891dbbbd5bc62c4cd5f1012b7e30670e20ee2dda,group_0748
yt_0011_p2_part_176,REAL,C:\Users\Harish\Downloads\ai-deepfake-detection\data\raw\real\yt_0011_p2_part_176.flac,6.841,44100,yt_0011,YouTube Human Speech,dbd7fb08dddbfd9b359a6a5f7c35385cc8144cd56c32e3c54be1e539b53ebb45,group_1382
yt_0011_p2_part_177,REAL,C:\Users\Harish\Downloads\ai-deepfake-detection\data\raw\real\yt_0011_p2_part_177.flac,6.842,44100,yt_0011,YouTube Human Speech,6693025ffa37b9b22be574e11d07017fc25ffc6bbf61fa325098a71e779f6836,group_0628
yt_0011_p2_part_178,REAL,C:\Users\Harish\Downloads\ai-deepfake-detection\data\raw\real\yt_0011_p2_part_178.flac,6.936,44100,yt_0011,YouTube Human Speech,f36a59378b01692fbef97576542a07cc7da3ceab2b243f9d557de78cfc98c2d4,group_1559
yt_0011_part_005,REAL,C:\Users\Harish\Downloads\ai-deepfake-detection\data\raw\real\yt_0011_part_005.flac,3.523,44100,yt_0011,YouTube Human Speech,fd43841de6666a0f661fd7e951203dcdd489fcee60f23deb28debcb55bfe714c,group_1631
yt_0011_part_006,REAL,C:\Users\Harish\Downloads\ai-deepfake-detection\data\raw\real\yt_0011_part_006.flac,3.608,44100,yt_0011,YouTube Human Speech,dd16d2b95f4b922520f281044f1d77d69109ef183cb8bf786fc62c13a8e39954,group_1395
yt_0011_part_009,REAL,C:\Users\Harish\Downloads\ai-deepfake-detection\data\raw\real\yt_0011_part_009.flac,4.414,44100,yt_0011,YouTube Human Speech,0a396e9c61fede96530992fb4c38e26dc15a3306d8424731e7e89532a6f00b1d,group_0057
yt_0011_part_013,REAL,C:\Users\Harish\Downloads\ai-deepfake-detection\data\raw\real\yt_0011_part_013.flac,3.946,44100,yt_0011,YouTube Human Speech,84c3db288f8ad0810711e5bfb81cf6b43a13b46fbbc6e25064281bd8d1771fa8,group_0824
yt_0011_part_016,REAL,C:\Users\Harish\Downloads\ai-deepfake-detection\data\raw\real\yt_0011_part_016.flac,3.61,44100,yt_0011,YouTube Human Speech,cd0b510f269ddb1d1eb20a0ecd9d27d16f5308437204fb6ade0c69828dd96e2e,group_1295
yt_0011_part_017,REAL,C:\Users\Harish\Downloads\ai-deepfake-detection\data\raw\real\yt_0011_part_017.flac,6.803,44100,yt_0011,YouTube Human Speech,eb3350d410983e4ff4d5f4f4ce014dd42035589ca4874864d3b84a766c7ba228,group_1499
yt_0011_part_020,REAL,C:\Users\Harish\Downloads\ai-deepfake-detection\data\raw\real\yt_0011_part_020.flac,6.684,44100,yt_0011,YouTube Human Speech,3f4730d80c0128fd75938c5599689332ea470a0a701b76edd1e06bfa539d3e10,group_0389
yt_0011_part_022,REAL,C:\Users\Harish\Downloads\ai-deepfake-detection\data\raw\real\yt_0011_part_022.flac,2.861,44100,yt_0011,YouTube Human Speech,0c4de99e492d09faa038b1d826183dc6d4dba1a3ed2471399f3f412d3a58836a,group_0075
yt_0011_part_023,REAL,C:\Users\Harish\Downloads\ai-deepfake-detection\data\raw\real\yt_0011_part_023.flac,2.608,44100,yt_0011,YouTube Human Speech,ca4a1a96540b165f74c39cc3cc40c606495468b3f1eb5f1f2bcb8d5fb874f4dc,group_1277
yt_0011_part_028,REAL,C:\Users\Harish\Downloads\ai-deepfake-detection\data\raw\real\yt_0011_part_028.flac,2.923,44100,yt_0011,YouTube Human Speech,189edfa784d8b3f27dc283c794d7f590eb9c70b8e9cd429adda76fdd070f1ac2,group_0154
yt_0011_part_033,REAL,C:\Users\Harish\Downloads\ai-deepfake-detection\data\raw\real\yt_0011_part_033.flac,4.39,44100,yt_0011,YouTube Human Speech,b82242a4d3054923bd6d950cc5a1ab18875ca40bf71e9227469d08b176e8d8eb,group_1167
yt_0011_part_034,REAL,C:\Users\Harish\Downloads\ai-deepfake-detection\data\raw\real\yt_0011_part_034.flac,4.035,44100,yt_0011,YouTube Human Speech,6001fb4139b70f0d332cc2b70b797dafff07d23a992e2c1c1c3f940bf52967eb,group_0578
yt_0011_part_036,REAL,C:\Users\Harish\Downloads\ai-deepfake-detection\data\raw\real\yt_0011_part_036.flac,4.967,44100,yt_0011,YouTube Human Speech,4bc3d558461e66f28c31515b0d7a459805a95aa25b632524987fef42c5953306,group_0460
yt_0011_part_041,REAL,C:\Users\Harish\Downloads\ai-deepfake-detection\data\raw\real\yt_0011_part_041.flac,8.1,44100,yt_0011,YouTube Human Speech,32eb2b6296d312b9685f7a70c4ff11de9342ccd9a6b7b2803148aec90d6f2461,group_0307
yt_0011_part_042,REAL,C:\Users\Harish\Downloads\ai-deepfake-detection\data\raw\real\yt_0011_part_042.flac,4.032,44100,yt_0011,YouTube Human Speech,60e102371f96c6d130d33cc084fe714faedf5578827bbc037a8fdf7e7e21504e,group_0585
yt_0011_part_043,REAL,C:\Users\Harish\Downloads\ai-deepfake-detection\data\raw\real\yt_0011_part_043.flac,3.843,44100,yt_0011,YouTube Human Speech,9d865990ab748a16275a5343776e648f98346bb1780e5ed59d98ff3dd033c177,group_0983
yt_0011_part_046,REAL,C:\Users\Harish\Downloads\ai-deepfake-detection\data\raw\real\yt_0011_part_046.flac,2.606,44100,yt_0011,YouTube Human Speech,a7b08b23c1ccd627d373a87b1b1e12560ab355bdc001461f5be2db53320d3fd0,group_1055
yt_0011_part_048,REAL,C:\Users\Harish\Downloads\ai-deepfake-detection\data\raw\real\yt_0011_part_048.flac,3.267,44100,yt_0011,YouTube Human Speech,e28934e72c1aa4b8a4c1f76e73ade8589b0c5b85d1af9520f317396501b999f5,group_1436
yt_0011_part_049,REAL,C:\Users\Harish\Downloads\ai-deepfake-detection\data\raw\real\yt_0011_part_049.flac,8.809,44100,yt_0011,YouTube Human Speech,963d92cc6a5d5dce12d5d29fb1faf5afe76d1206519b46737d0ddf826c635b36,group_0934
yt_0011_part_050,REAL,C:\Users\Harish\Downloads\ai-deepfake-detection\data\raw\real\yt_0011_part_050.flac,2.635,44100,yt_0011,YouTube Human Speech,bb8cc0c28dfbf643f840b6f133d72fa9aa3cc997b88dadb1e717b2305a45eca4,group_1186
yt_0011_part_054,REAL,C:\Users\Harish\Downloads\ai-deepfake-detection\data\raw\real\yt_0011_part_054.flac,3.238,44100,yt_0011,YouTube Human Speech,ff46faee47de04c650e897d48c05dd04ac119d253fce18fe913622c077ee9a27,group_1647
yt_0011_part_056,REAL,C:\Users\Harish\Downloads\ai-deepfake-detection\data\raw\real\yt_0011_part_056.flac,3.928,44100,yt_0011,YouTube Human Speech,ad23f1be800c2aa6df1c11b3d189f349291360d7cb65b51943e269cd3f0acbcd,group_1094
yt_0011_part_060,REAL,C:\Users\Harish\Downloads\ai-deepfake-detection\data\raw\real\yt_0011_part_060.flac,4.448,44100,yt_0011,YouTube Human Speech,3a1e0e6a8b7e1a4c6bc92284e78a837c6d3d077a770c0d4da5dd6f874007528a,group_0353
yt_0011_part_064,REAL,C:\Users\Harish\Downloads\ai-deepfake-detection\data\raw\real\yt_0011_part_064.flac,7.094,44100,yt_0011,YouTube Human Speech,db363d19ef3ae5a1b4624abcc0a014d8e2b1085e523d466827c798ece7b77426,group_1378
yt_0011_part_065,REAL,C:\Users\Harish\Downloads\ai-deepfake-detection\data\raw\real\yt_0011_part_065.flac,3.983,44100,yt_0011,YouTube Human Speech,8228d95cd9b466f929d85ccdc9b7d1672f9346950693f00825caf34610a7fee5,group_0803
yt_0011_part_071,REAL,C:\Users\Harish\Downloads\ai-deepfake-detection\data\raw\real\yt_0011_part_071.flac,2.52,44100,yt_0011,YouTube Human Speech,5450f16f89bc813d287969be50a58c9db2323e3f3e2795c3859785ac60032f2d,group_0515
yt_0011_part_073,REAL,C:\Users\Harish\Downloads\ai-deepfake-detection\data\raw\real\yt_0011_part_073.flac,4.142,44100,yt_0011,YouTube Human Speech,fa0d8351c2b079414c40a3fd6bf39e7fd775db4ca3689f4f7e150e8c6fcab0d3,group_1615
yt_0011_part_075,REAL,C:\Users\Harish\Downloads\ai-deepfake-detection\data\raw\real\yt_0011_part_075.flac,7.095,44100,yt_0011,YouTube Human Speech,3a00493ad72b5c062458a2a49b9be720aa3a31f6a3b933ffed646b863edf1254,group_0352
yt_0011_part_080,REAL,C:\Users\Harish\Downloads\ai-deepfake-detection\data\raw\real\yt_0011_part_080.flac,4.242,44100,yt_0011,YouTube Human Speech,22c519dd660894010d30492942647794cb48957fe43a7254f7cbce0ff4a91fd6,group_0213
yt_0011_part_083,REAL,C:\Users\Harish\Downloads\ai-deepfake-detection\data\raw\real\yt_0011_part_083.flac,3.043,44100,yt_0011,YouTube Human Speech,744fff4a49eaca4b6159588f3c29910f73c93d6194fe7a530887d2ba5f47fce9,group_0718
yt_0011_part_086,REAL,C:\Users\Harish\Downloads\ai-deepfake-detection\data\raw\real\yt_0011_part_086.flac,5.743,44100,yt_0011,YouTube Human Speech,642e0258f9c19de679e2e308891707704eaa270d60308658e20e03b013da15cb,group_0609
yt_0011_part_087,REAL,C:\Users\Harish\Downloads\ai-deepfake-detection\data\raw\real\yt_0011_part_087.flac,4.709,44100,yt_0011,YouTube Human Speech,aa773560e4c1578fcedaa38271a803eb07269fc9da839da70959b00c8c113744,group_1076
yt_0011_part_088,REAL,C:\Users\Harish\Downloads\ai-deepfake-detection\data\raw\real\yt_0011_part_088.flac,4.115,44100,yt_0011,YouTube Human Speech,2d327bdfb8b091e8a06e9a816528cc50b15b9a07d137222c97dc7f4120140444,group_0280
yt_0011_part_090,REAL,C:\Users\Harish\Downloads\ai-deepfake-detection\data\raw\real\yt_0011_part_090.flac,2.502,44100,yt_0011,YouTube Human Speech,faeaae73ce540141d46a05d75e968673f52572ce285d8137baa322e7adb35740,group_1621
yt_0011_part_092,REAL,C:\Users\Harish\Downloads\ai-deepfake-detection\data\raw\real\yt_0011_part_092.flac,3.61,44100,yt_0011,YouTube Human Speech,ed67dcfdecc17ed8d0c84e784880a10f068f1bf484b013da045f9cd9a174023d,group_1514
yt_0011_part_096,REAL,C:\Users\Harish\Downloads\ai-deepfake-detection\data\raw\real\yt_0011_part_096.flac,4.402,44100,yt_0011,YouTube Human Speech,7c032760d0bf08499698ecb59fdb6749ce9226e87091543afcffb991eeca311e,group_0766
yt_0011_part_098,REAL,C:\Users\Harish\Downloads\ai-deepfake-detection\data\raw\real\yt_0011_part_098.flac,10.861,44100,yt_0011,YouTube Human Speech,c1298c166ad3066ae061e2033f7aa9c9046bce65efb9d7f39fed817a30b698ae,group_1215
yt_0011_part_099,REAL,C:\Users\Harish\Downloads\ai-deepfake-detection\data\raw\real\yt_0011_part_099.flac,6.078,44100,yt_0011,YouTube Human Speech,5f47fde477fb0faeb43e9aaa9e08f7fffcd64cd26edc166d12a2d0672c709a45,group_0576
yt_0011_part_102,REAL,C:\Users\Harish\Downloads\ai-deepfake-detection\data\raw\real\yt_0011_part_102.flac,5.132,44100,yt_0011,YouTube Human Speech,8d9788e9822fba7e9c4ad1cf28572530f6b7e8d668ceb36655617b3d8f0fdb80,group_0874
yt_0011_part_103,REAL,C:\Users\Harish\Downloads\ai-deepfake-detection\data\raw\real\yt_0011_part_103.flac,7.565,44100,yt_0011,YouTube Human Speech,0a483adf64343d7f7bd318948cb9a534198d48fb41d9d7cd801a345b122c3687,group_0059
yt_0011_part_107,REAL,C:\Users\Harish\Downloads\ai-deepfake-detection\data\raw\real\yt_0011_part_107.flac,6.565,44100,yt_0011,YouTube Human Speech,f7b08e365641ff0aa90cb4103a2c0260a669e4eff86a5e625e8c397b281b894e,group_1593
yt_0011_part_109,REAL,C:\Users\Harish\Downloads\ai-deepfake-detection\data\raw\real\yt_0011_part_109.flac,4.936,44100,yt_0011,YouTube Human Speech,d667f392383717f721a990a44395a15257a08e1b53db0806580ac4e552462739,group_1346
yt_0011_part_112,REAL,C:\Users\Harish\Downloads\ai-deepfake-detection\data\raw\real\yt_0011_part_112.flac,3.192,44100,yt_0011,YouTube Human Speech,f8dfab365c181f9f83febfc676905f5bc3ddd8d00c0142c4c0e010d414a5732b,group_1604
yt_0011_part_115,REAL,C:\Users\Harish\Downloads\ai-deepfake-detection\data\raw\real\yt_0011_part_115.flac,5.833,44100,yt_0011,YouTube Human Speech,a3abb4c546cf985295e610e6fc257292b3810057e426bee9ef2049966fa82f3e,group_1026
yt_0011_part_116,REAL,C:\Users\Harish\Downloads\ai-deepfake-detection\data\raw\real\yt_0011_part_116.flac,3.869,44100,yt_0011,YouTube Human Speech,13e9c8749bb23f9b6db73fa3efefc580c4bd43807a2a85f4e999aae87fa81849,group_0121
yt_0011_part_117,REAL,C:\Users\Harish\Downloads\ai-deepfake-detection\data\raw\real\yt_0011_part_117.flac,9.489,44100,yt_0011,YouTube Human Speech,4c4f6de1e9e9f670ef29b2b320acac19599e7698b82c68afcddd53c55a100bef,group_0465
yt_0011_part_118,REAL,C:\Users\Harish\Downloads\ai-deepfake-detection\data\raw\real\yt_0011_part_118.flac,6.278,44100,yt_0011,YouTube Human Speech,8c63fe95752057264f6f31a0cc1cda3961f4fee37471b6c4547d133d7801839d,group_0868
yt_0011_part_121,REAL,C:\Users\Harish\Downloads\ai-deepfake-detection\data\raw\real\yt_0011_part_121.flac,2.913,44100,yt_0011,YouTube Human Speech,243b8089689e1a21269e7ec64eefd7ce6cd701cef35657379f6301e939c169b0,group_0225
yt_0011_part_122,REAL,C:\Users\Harish\Downloads\ai-deepfake-detection\data\raw\real\yt_0011_part_122.flac,3.552,44100,yt_0011,YouTube Human Speech,7b7b4ba2c7c5fbdb556a8a974496edfa2ff43d3a04c04e9be4b1e7763d12cb4c,group_0761
yt_0011_part_127,REAL,C:\Users\Harish\Downloads\ai-deepfake-detection\data\raw\real\yt_0011_part_127.flac,5.099,44100,yt_0011,YouTube Human Speech,c2e3aa12c1f56ca9a85360668b38d3a14cd7d2e3b3da1544a6b3ecfd4cf820c5,group_1228
yt_0011_part_128,REAL,C:\Users\Harish\Downloads\ai-deepfake-detection\data\raw\real\yt_0011_part_128.flac,9.951,44100,yt_0011,YouTube Human Speech,f3fe9ef4ea10d0a0371f2698dedaeaf44363440c1de31912fe3f9e0a372b0c64,group_1565
yt_0011_part_135,REAL,C:\Users\Harish\Downloads\ai-deepfake-detection\data\raw\real\yt_0011_part_135.flac,3.334,44100,yt_0011,YouTube Human Speech,784b635c191ab8da4a7a2edd4e57a68b20b176b9dc3caeaa1f6e8b2cfc4a9a44,group_0747
yt_0011_part_136,REAL,C:\Users\Harish\Downloads\ai-deepfake-detection\data\raw\real\yt_0011_part_136.flac,2.94,44100,yt_0011,YouTube Human Speech,199e2064688768d626098ccf3876a264e703efc461d3a8c61da70b5fe07182b2,group_0162
yt_0011_part_139,REAL,C:\Users\Harish\Downloads\ai-deepfake-detection\data\raw\real\yt_0011_part_139.flac,3.693,44100,yt_0011,YouTube Human Speech,b05a3eab1b24ef2f3ee872f757cb78b32c3c976fbae24aed45f663ad3739da37,group_1113
yt_0011_part_141,REAL,C:\Users\Harish\Downloads\ai-deepfake-detection\data\raw\real\yt_0011_part_141.flac,4.709,44100,yt_0011,YouTube Human Speech,0e2385925c1603fbe903a365229de59190c8e7f3c0019adabca9e582127d43ef,group_0087
yt_0011_part_142,REAL,C:\Users\Harish\Downloads\ai-deepfake-detection\data\raw\real\yt_0011_part_142.flac,6.451,44100,yt_0011,YouTube Human Speech,38eb17ddcc9b29a009e38bd042907e773694e39adfa5447c299dd8f3875c74c9,group_0345
yt_0011_part_144,REAL,C:\Users\Harish\Downloads\ai-deepfake-detection\data\raw\real\yt_0011_part_144.flac,5.72,44100,yt_0011,YouTube Human Speech,13ff785de95be0154e2a61aefcece3b7cad9063b59843b3d481d04362d8f1c80,group_0122
yt_0011_part_146,REAL,C:\Users\Harish\Downloads\ai-deepfake-detection\data\raw\real\yt_0011_part_146.flac,5.109,44100,yt_0011,YouTube Human Speech,773631acdda6fdff2bc0234a9c03bbf007864bfb24b2e546dc1f077816f6d61b,group_0739
yt_0011_part_150,REAL,C:\Users\Harish\Downloads\ai-deepfake-detection\data\raw\real\yt_0011_part_150.flac,2.885,44100,yt_0011,YouTube Human Speech,3aa8dde478231453e32bde08c6eac77a4a254167ec258516de6eafa55a72595b,group_0357
yt_0011_part_151,REAL,C:\Users\Harish\Downloads\ai-deepfake-detection\data\raw\real\yt_0011_part_151.flac,5.477,44100,yt_0011,YouTube Human Speech,77d40f2beb260faa9eaa895b3f9360c8c8f49347458b5da2cec23e37df60c79d,group_0743
yt_0011_part_153,REAL,C:\Users\Harish\Downloads\ai-deepfake-detection\data\raw\real\yt_0011_part_153.flac,2.663,44100,yt_0011,YouTube Human Speech,991b0de854cea9ee232be519ceef23e377728ae848b9de50192e8322310f47d7,group_0955
yt_0011_part_156,REAL,C:\Users\Harish\Downloads\ai-deepfake-detection\data\raw\real\yt_0011_part_156.flac,3.87,44100,yt_0011,YouTube Human Speech,14d38610a76921b88db5defdd124c1b8d56940c9dfafd32c8e98435dcfff9e13,group_0128
yt_0011_part_159,REAL,C:\Users\Harish\Downloads\ai-deepfake-detection\data\raw\real\yt_0011_part_159.flac,4.292,44100,yt_0011,YouTube Human Speech,6dc6abd900d95c2a2a69f0da4589f1835bfaf10fd9a807c66383038079d53837,group_0667
yt_0011_part_161,REAL,C:\Users\Harish\Downloads\ai-deepfake-detection\data\raw\real\yt_0011_part_161.flac,5.06,44100,yt_0011,YouTube Human Speech,5e54f9426022f5ab70be48125318cfcf0905449291c6893e107fbd54e0eea561,group_0571
yt_0011_part_163,REAL,C:\Users\Harish\Downloads\ai-deepfake-detection\data\raw\real\yt_0011_part_163.flac,6.819,44100,yt_0011,YouTube Human Speech,aad2ba3216e6bd78aad038f32a9472428e6912324b0ccd86d230310ba887dcf9,group_1080
yt_0011_part_165,REAL,C:\Users\Harish\Downloads\ai-deepfake-detection\data\raw\real\yt_0011_part_165.flac,5.814,44100,yt_0011,YouTube Human Speech,b23ca34a7a32b654bdb7ab8eb0ef6428f00e44de596fa3a7d783c7b971e94433,group_1127
yt_0011_part_166,REAL,C:\Users\Harish\Downloads\ai-deepfake-detection\data\raw\real\yt_0011_part_166.flac,3.18,44100,yt_0011,YouTube Human Speech,3caf617053d3ae6394acc432a6bfff83bdc47242ca10dc869c70ed6645bf9c3c,group_0367
yt_0011_part_167,REAL,C:\Users\Harish\Downloads\ai-deepfake-detection\data\raw\real\yt_0011_part_167.flac,3.923,44100,yt_0011,YouTube Human Speech,e8bde0c08f4d4ce197a45e6f84ce5b5530177155eae53a7643b9386b57967baf,group_1476
yt_0011_part_168,REAL,C:\Users\Harish\Downloads\ai-deepfake-detection\data\raw\real\yt_0011_part_168.flac,3.255,44100,yt_0011,YouTube Human Speech,6607bcd9be3bfa52ad3b8e8c810f8eee21640849f5ed791cc68feb43d83dbec8,group_0620
yt_0011_part_173,REAL,C:\Users\Harish\Downloads\ai-deepfake-detection\data\raw\real\yt_0011_part_173.flac,3.216,44100,yt_0011,YouTube Human Speech,66749003723c5ba878440eb27d24ec5bedbbf0d38b574104b7951d4930d1223c,group_0626
yt_0012_p2_part_173,REAL,C:\Users\Harish\Downloads\ai-deepfake-detection\data\raw\real\yt_0012_p2_part_173.flac,5.483,44100,yt_0012,YouTube Human Speech,cfdd9f733f47b5f44d8d9413c8323ade99a16a185b0fafa5c4ef5dda289ab1e5,group_1313
yt_0012_p2_part_174,REAL,C:\Users\Harish\Downloads\ai-deepfake-detection\data\raw\real\yt_0012_p2_part_174.flac,5.483,44100,yt_0012,YouTube Human Speech,6f7b7f737223b94dfb391d11a8a13c66705975f119cbfa7b53280fcf0e7941b2,group_0676
yt_0012_p2_part_176,REAL,C:\Users\Harish\Downloads\ai-deepfake-detection\data\raw\real\yt_0012_p2_part_176.flac,6.651,44100,yt_0012,YouTube Human Speech,48bcbba8548d5744b2b27a5eed7b46317a82050974df1e9a245ecc03e4605c4d,group_0450
yt_0012_part_002,REAL,C:\Users\Harish\Downloads\ai-deepfake-detection\data\raw\real\yt_0012_part_002.flac,6.82,44100,yt_0012,YouTube Human Speech,1957f1917779e95fb652414e96ae86061aed1264c369260b298b46935ff610c9,group_0160
yt_0012_part_005,REAL,C:\Users\Harish\Downloads\ai-deepfake-detection\data\raw\real\yt_0012_part_005.flac,5.569,44100,yt_0012,YouTube Human Speech,99794aacb41d36c0497de805b352a82f926c07cde230992c22545cc690bde33c,group_0959
yt_0012_part_006,REAL,C:\Users\Harish\Downloads\ai-deepfake-detection\data\raw\real\yt_0012_part_006.flac,4.647,44100,yt_0012,YouTube Human Speech,85d79f03a63a3e44b0364b6859d1066a6715e78079f0dcfd7ccdd373952b9d6e,group_0832
yt_0012_part_007,REAL,C:\Users\Harish\Downloads\ai-deepfake-detection\data\raw\real\yt_0012_part_007.flac,6.174,44100,yt_0012,YouTube Human Speech,7120ab055d31bccd3dbee13626a5d06c4a158ca9053084f156b5f3052fd511d9,group_0691
yt_0012_part_015,REAL,C:\Users\Harish\Downloads\ai-deepfake-detection\data\raw\real\yt_0012_part_015.flac,5.115,44100,yt_0012,YouTube Human Speech,3692cbd4e017fd2887b5022cae8a2eaa3739168dd7e20091b180bc05b29885fb,group_0328
yt_0012_part_016,REAL,C:\Users\Harish\Downloads\ai-deepfake-detection\data\raw\real\yt_0012_part_016.flac,3.49,44100,yt_0012,YouTube Human Speech,3a423a97b0f3da5e354ffc7560ebdc30c90e1ae76bdec9cf5e7813b14c3a62b9,group_0354
yt_0012_part_022,REAL,C:\Users\Harish\Downloads\ai-deepfake-detection\data\raw\real\yt_0012_part_022.flac,3.463,44100,yt_0012,YouTube Human Speech,2ab1877ac4cfd6658625090ef89e40c9ec8a9d0da4689755355f0897a96aef57,group_0264
yt_0012_part_023,REAL,C:\Users\Harish\Downloads\ai-deepfake-detection\data\raw\real\yt_0012_part_023.flac,4.019,44100,yt_0012,YouTube Human Speech,f3b7914d100ebac7c83e5ff920c85b6f397a29c2944e2ecf62321d2fa00b56f0,group_1563
yt_0012_part_027,REAL,C:\Users\Harish\Downloads\ai-deepfake-detection\data\raw\real\yt_0012_part_027.flac,3.562,44100,yt_0012,YouTube Human Speech,fa46ae394c75554089b81e3a622c98c8e5bfcfa9f4561fb0d1ed991c1cf72f57,group_1616
yt_0012_part_030,REAL,C:\Users\Harish\Downloads\ai-deepfake-detection\data\raw\real\yt_0012_part_030.flac,10.042,44100,yt_0012,YouTube Human Speech,724f9155538933155a0784a78d41e511bb37c4d68bdb6f80bf3d250f5bf22ddd,group_0703
yt_0012_part_034,REAL,C:\Users\Harish\Downloads\ai-deepfake-detection\data\raw\real\yt_0012_part_034.flac,6.351,44100,yt_0012,YouTube Human Speech,10d5f8b2d30bcc1988ce9981ad62046984cbaae9b0550d0ab00be38c4569244b,group_0106
yt_0012_part_038,REAL,C:\Users\Harish\Downloads\ai-deepfake-detection\data\raw\real\yt_0012_part_038.flac,5.044,44100,yt_0012,YouTube Human Speech,7470ac28f51de9d6df65dbbe7f60d05b2ad2c2a8eae9350bf9e6abfbb1d250d0,group_0719
yt_0012_part_039,REAL,C:\Users\Harish\Downloads\ai-deepfake-detection\data\raw\real\yt_0012_part_039.flac,4.078,44100,yt_0012,YouTube Human Speech,6a0e0fd79556b8f39ec32a970070debbd02b7658dbcf404573da336a8888797d,group_0645
yt_0012_part_041,REAL,C:\Users\Harish\Downloads\ai-deepfake-detection\data\raw\real\yt_0012_part_041.flac,4.248,44100,yt_0012,YouTube Human Speech,4435285495f81cabe392bf069d32ff3ee136f2be5c893654721c277243d847e8,group_0421
yt_0012_part_042,REAL,C:\Users\Harish\Downloads\ai-deepfake-detection\data\raw\real\yt_0012_part_042.flac,4.691,44100,yt_0012,YouTube Human Speech,e63b30d0acd2460c584f8f1ddba97bd98f0b904eee76d8554a207abd39b17764,group_1458
yt_0012_part_043,REAL,C:\Users\Harish\Downloads\ai-deepfake-detection\data\raw\real\yt_0012_part_043.flac,8.428,44100,yt_0012,YouTube Human Speech,c294c18db55a91f96936212447ff232313d0e836f8aa604dcd94560cd134325d,group_1225
yt_0012_part_050,REAL,C:\Users\Harish\Downloads\ai-deepfake-detection\data\raw\real\yt_0012_part_050.flac,3.717,44100,yt_0012,YouTube Human Speech,806e1419e6b0578fd0804f36467ebcf3cda71060be512869ace004355a7651ac,group_0788
yt_0012_part_059,REAL,C:\Users\Harish\Downloads\ai-deepfake-detection\data\raw\real\yt_0012_part_059.flac,3.212,44100,yt_0012,YouTube Human Speech,05effe769f083ad0720dec92a98341ac39826308dff3651e8b9987bae816c80b,group_0024
yt_0012_part_061,REAL,C:\Users\Harish\Downloads\ai-deepfake-detection\data\raw\real\yt_0012_part_061.flac,8.092,44100,yt_0012,YouTube Human Speech,eb2e0e77ce1aeb9ba75f42c2b94363d06c99186e0cf13c85b4c57d0ad6349dc9,group_1498
yt_0012_part_062,REAL,C:\Users\Harish\Downloads\ai-deepfake-detection\data\raw\real\yt_0012_part_062.flac,8.45,44100,yt_0012,YouTube Human Speech,b56fde86e3e9cec8390674a58f63142584c1d3df808bc14334d5499c6e8474f9,group_1151
yt_0012_part_066,REAL,C:\Users\Harish\Downloads\ai-deepfake-detection\data\raw\real\yt_0012_part_066.flac,4.064,44100,yt_0012,YouTube Human Speech,d3fcacfc2b0e490a057dd937deff9f34555deb7dce95cd9ce54f90d1b5ed5ba1,group_1332
yt_0012_part_069,REAL,C:\Users\Harish\Downloads\ai-deepfake-detection\data\raw\real\yt_0012_part_069.flac,3.082,44100,yt_0012,YouTube Human Speech,d650815cb3308db8f963014cd5248bcf0523f9ccd27551dc18c0b25740f1d4b3,group_1345
yt_0012_part_070,REAL,C:\Users\Harish\Downloads\ai-deepfake-detection\data\raw\real\yt_0012_part_070.flac,4.847,44100,yt_0012,YouTube Human Speech,b76d50758ea440f1ebd2f49e4f9ca427fce8706f17257ae7890b6949d24a5e93,group_1162
yt_0012_part_071,REAL,C:\Users\Harish\Downloads\ai-deepfake-detection\data\raw\real\yt_0012_part_071.flac,5.905,44100,yt_0012,YouTube Human Speech,81b994cc6ba92444b69e234319b613b8894839189d331d14c8fa3116b2d4d8ee,group_0798
yt_0012_part_073,REAL,C:\Users\Harish\Downloads\ai-deepfake-detection\data\raw\real\yt_0012_part_073.flac,2.986,44100,yt_0012,YouTube Human Speech,1cf47d3dcf9a63b05e2f365510fe6f78a84984561b2228180554a6a2699fc0be,group_0183
yt_0012_part_074,REAL,C:\Users\Harish\Downloads\ai-deepfake-detection\data\raw\real\yt_0012_part_074.flac,2.615,44100,yt_0012,YouTube Human Speech,a3a9c413fc5c727b795fe494329375e00b48e405a243eb3c3c29b6d2fb123cf5,group_1025
yt_0012_part_080,REAL,C:\Users\Harish\Downloads\ai-deepfake-detection\data\raw\real\yt_0012_part_080.flac,4.282,44100,yt_0012,YouTube Human Speech,81ffef9e6e697a36b19f1e3799e3fb90fd12d628293ef6330145f3f65c511729,group_0802
yt_0012_part_082,REAL,C:\Users\Harish\Downloads\ai-deepfake-detection\data\raw\real\yt_0012_part_082.flac,3.15,44100,yt_0012,YouTube Human Speech,220bdab4a5f8f0426ad2a9d6ae34910386e2bf23a7c64d82a3bf7892987932aa,group_0208
yt_0012_part_083,REAL,C:\Users\Harish\Downloads\ai-deepfake-detection\data\raw\real\yt_0012_part_083.flac,4.097,44100,yt_0012,YouTube Human Speech,15d028310dbd4fd572a226468b105b1c4b3db72b9e5d393fe678e7680f7d4015,group_0132
yt_0012_part_084,REAL,C:\Users\Harish\Downloads\ai-deepfake-detection\data\raw\real\yt_0012_part_084.flac,2.942,44100,yt_0012,YouTube Human Speech,a95ba18981443dc5a2206eaa43339061911a435e00fad9f02f4f5e9e0a6b13e0,group_1067
yt_0012_part_086,REAL,C:\Users\Harish\Downloads\ai-deepfake-detection\data\raw\real\yt_0012_part_086.flac,11.325,44100,yt_0012,YouTube Human Speech,dee39120b7a50a323753becc657ecc1e4590dfb859ac77e4ed0e9e4000e2ac64,group_1411
yt_0012_part_087,REAL,C:\Users\Harish\Downloads\ai-deepfake-detection\data\raw\real\yt_0012_part_087.flac,4.832,44100,yt_0012,YouTube Human Speech,430eb5863305eab2f268b77897ac94695afc10fb5e1c77e829ebcccb7dd54063,group_0411
yt_0012_part_088,REAL,C:\Users\Harish\Downloads\ai-deepfake-detection\data\raw\real\yt_0012_part_088.flac,2.561,44100,yt_0012,YouTube Human Speech,b5532e46cef7c424629dece3b5027007e50ede5b8ba769c16f77a60eee85e63a,group_1148
yt_0012_part_091,REAL,C:\Users\Harish\Downloads\ai-deepfake-detection\data\raw\real\yt_0012_part_091.flac,2.965,44100,yt_0012,YouTube Human Speech,a8f584977c01b05d4eb349a80acf2c024a8f0a906e1a43241a65f6890cc0057e,group_1066
yt_0012_part_093,REAL,C:\Users\Harish\Downloads\ai-deepfake-detection\data\raw\real\yt_0012_part_093.flac,6.483,44100,yt_0012,YouTube Human Speech,801f65cf6a233dd9019f1d3a6f1ae9ef7b8a8b525700b5a345e8e63d83b1d765,group_0787
yt_0012_part_094,REAL,C:\Users\Harish\Downloads\ai-deepfake-detection\data\raw\real\yt_0012_part_094.flac,5.726,44100,yt_0012,YouTube Human Speech,92b97b1df1017c30ae86c09d376f1a6dae26f46f1c20edb86323f2325474a8e2,group_0908
yt_0012_part_095,REAL,C:\Users\Harish\Downloads\ai-deepfake-detection\data\raw\real\yt_0012_part_095.flac,3.329,44100,yt_0012,YouTube Human Speech,6e79b35209960a0ec7bc78968a1dc8b6d5937d11fb8c02d7c07d574df71d0333,group_0669
yt_0012_part_096,REAL,C:\Users\Harish\Downloads\ai-deepfake-detection\data\raw\real\yt_0012_part_096.flac,4.581,44100,yt_0012,YouTube Human Speech,4f94f0836434e710f13ee7741d23eeff65bb799a6b1fdab4cf6e5cc67bbc95df,group_0486
yt_0012_part_097,REAL,C:\Users\Harish\Downloads\ai-deepfake-detection\data\raw\real\yt_0012_part_097.flac,3.322,44100,yt_0012,YouTube Human Speech,5256f96dcb16801d16204fc9ebd5fb5f986145376955d2bf78dc2fa811ca2a2e,group_0501
yt_0012_part_098,REAL,C:\Users\Harish\Downloads\ai-deepfake-detection\data\raw\real\yt_0012_part_098.flac,4.587,44100,yt_0012,YouTube Human Speech,98dcc0b2264e51ca3d2a9d0a426c7d677a5da14bba34dde11c74100f5d803c19,group_0952
yt_0012_part_100,REAL,C:\Users\Harish\Downloads\ai-deepfake-detection\data\raw\real\yt_0012_part_100.flac,3.716,44100,yt_0012,YouTube Human Speech,240da5bc7e9f444a37a586b8729944bc76f764322810166eeb65669c7e9222ac,group_0222
yt_0012_part_103,REAL,C:\Users\Harish\Downloads\ai-deepfake-detection\data\raw\real\yt_0012_part_103.flac,7.301,44100,yt_0012,YouTube Human Speech,73feeff6f385434d9e3a6d83a66108f14126bba1e98ac635699657d0a53479ce,group_0715
yt_0012_part_105,REAL,C:\Users\Harish\Downloads\ai-deepfake-detection\data\raw\real\yt_0012_part_105.flac,3.978,44100,yt_0012,YouTube Human Speech,0e3139f07b593536749dc35a946ab5360e84040ab1d6bcc3b1cbf3b4f595cca0,group_0088
yt_0012_part_108,REAL,C:\Users\Harish\Downloads\ai-deepfake-detection\data\raw\real\yt_0012_part_108.flac,3.215,44100,yt_0012,YouTube Human Speech,fe6b00e7d914b7b5a75b52d6a1a7e63c7590ad1bb91115a8c23337e80f325862,group_1637
yt_0012_part_109,REAL,C:\Users\Harish\Downloads\ai-deepfake-detection\data\raw\real\yt_0012_part_109.flac,4.085,44100,yt_0012,YouTube Human Speech,a3cd1667ba85836d3041c7bb7c1d820deea867b5b8294530469fff3d731b3084,group_1027
yt_0012_part_111,REAL,C:\Users\Harish\Downloads\ai-deepfake-detection\data\raw\real\yt_0012_part_111.flac,7.621,44100,yt_0012,YouTube Human Speech,e27c9809d0956e3f9970441c9520fc69745da2d4a61e15d4da323eae308c01be,group_1434
yt_0012_part_112,REAL,C:\Users\Harish\Downloads\ai-deepfake-detection\data\raw\real\yt_0012_part_112.flac,5.291,44100,yt_0012,YouTube Human Speech,dd7d285c3c9cb78c43704fe69f5cb5e58ef6055de1fa9c73c5c111ec59b1ce45,group_1398
yt_0012_part_115,REAL,C:\Users\Harish\Downloads\ai-deepfake-detection\data\raw\real\yt_0012_part_115.flac,2.903,44100,yt_0012,YouTube Human Speech,d30572b825b0480dd763285acbba5ab168dbd864b71402d9c8ce71c4924f9d5f,group_1326
yt_0012_part_121,REAL,C:\Users\Harish\Downloads\ai-deepfake-detection\data\raw\real\yt_0012_part_121.flac,3.639,44100,yt_0012,YouTube Human Speech,9511a2779d4daefd8d1bd59f7837e53f4195c3e4d64cd19cf7f5e885d9d79d0e,group_0929
yt_0012_part_124,REAL,C:\Users\Harish\Downloads\ai-deepfake-detection\data\raw\real\yt_0012_part_124.flac,5.547,44100,yt_0012,YouTube Human Speech,f343371517413a71a1ff3ffed2e1d0a1a15522e02e956604b44b6cd9383e0e72,group_1557
yt_0012_part_126,REAL,C:\Users\Harish\Downloads\ai-deepfake-detection\data\raw\real\yt_0012_part_126.flac,5.261,44100,yt_0012,YouTube Human Speech,354bb75941e409b2a9a403f03c75d03b73d7f2f52efb3f67aa772b2bce02d9c1,group_0318
yt_0012_part_128,REAL,C:\Users\Harish\Downloads\ai-deepfake-detection\data\raw\real\yt_0012_part_128.flac,3.186,44100,yt_0012,YouTube Human Speech,9033957791efc78570640f2b12b7df397b64c4529e79a9f3184bfe938c894cc5,group_0894
yt_0012_part_130,REAL,C:\Users\Harish\Downloads\ai-deepfake-detection\data\raw\real\yt_0012_part_130.flac,4.879,44100,yt_0012,YouTube Human Speech,968b941eff0bc177565e319fbf7ef4cd596a038048422c154ce1df9496ce5318,group_0936
yt_0012_part_131,REAL,C:\Users\Harish\Downloads\ai-deepfake-detection\data\raw\real\yt_0012_part_131.flac,4.935,44100,yt_0012,YouTube Human Speech,85b22cf80db25c8654d9c74b51b81b0df2ccfaaffbb674f71f2d9fb44b8cf854,group_0830
yt_0012_part_136,REAL,C:\Users\Harish\Downloads\ai-deepfake-detection\data\raw\real\yt_0012_part_136.flac,3.445,44100,yt_0012,YouTube Human Speech,666b56620cde40be8d74a2ddf6328eebc62b7787a341a3c96e223e395d2c6d31,group_0624
yt_0012_part_137,REAL,C:\Users\Harish\Downloads\ai-deepfake-detection\data\raw\real\yt_0012_part_137.flac,4.823,44100,yt_0012,YouTube Human Speech,8c37085de6e8b83dcb9829486fd30457ac206502e6f296a12fccbd8c0b9e8101,group_0865
yt_0012_part_138,REAL,C:\Users\Harish\Downloads\ai-deepfake-detection\data\raw\real\yt_0012_part_138.flac,2.5,44100,yt_0012,YouTube Human Speech,98303def44adc987944e40f7ed20b119e01936b63807cc08d3da241d5628de5c,group_0949
yt_0012_part_140,REAL,C:\Users\Harish\Downloads\ai-deepfake-detection\data\raw\real\yt_0012_part_140.flac,2.98,44100,yt_0012,YouTube Human Speech,16d3ac25699b15c734a8a6a852bf91d907eab3984a3ce435f1d7168f69a94264,group_0136
yt_0012_part_143,REAL,C:\Users\Harish\Downloads\ai-deepfake-detection\data\raw\real\yt_0012_part_143.flac,2.701,44100,yt_0012,YouTube Human Speech,9e8f149ea98d69eeedc24c28a47db209520a82b84ffa3d1e3b44437564fdf80e,group_0989
yt_0012_part_148,REAL,C:\Users\Harish\Downloads\ai-deepfake-detection\data\raw\real\yt_0012_part_148.flac,4.386,44100,yt_0012,YouTube Human Speech,7da2dceafd24aba94d7af07ada3dc787723319b3f259ca567816f75259fcbdc0,group_0776
yt_0012_part_149,REAL,C:\Users\Harish\Downloads\ai-deepfake-detection\data\raw\real\yt_0012_part_149.flac,4.232,44100,yt_0012,YouTube Human Speech,b53c287188d652911dcc682b3b2fec753e826e76567f3d7fc4e0c8d41cb8ed2d,group_1147
yt_0012_part_153,REAL,C:\Users\Harish\Downloads\ai-deepfake-detection\data\raw\real\yt_0012_part_153.flac,6.43,44100,yt_0012,YouTube Human Speech,f3d7f6684f4e3447a59ac1bfa757d08c0772b188a8f6ef45191dd26192ec1db2,group_1564
yt_0012_part_154,REAL,C:\Users\Harish\Downloads\ai-deepfake-detection\data\raw\real\yt_0012_part_154.flac,6.102,44100,yt_0012,YouTube Human Speech,357c4de35236a59bb4f55e5eeca09224756f9cc49ca84ad18ba238ace388e86c,group_0320
yt_0012_part_159,REAL,C:\Users\Harish\Downloads\ai-deepfake-detection\data\raw\real\yt_0012_part_159.flac,5.839,44100,yt_0012,YouTube Human Speech,f150733a2cc7ac5e9eac62399c687229075030e26a44b21b5216e159c6f749bb,group_1543
yt_0012_part_160,REAL,C:\Users\Harish\Downloads\ai-deepfake-detection\data\raw\real\yt_0012_part_160.flac,3.558,44100,yt_0012,YouTube Human Speech,0085b1b26891f1df90f81f8ced0baed837dcb5170b1f7c85e0f3ab3a0390a321,group_0002
yt_0012_part_161,REAL,C:\Users\Harish\Downloads\ai-deepfake-detection\data\raw\real\yt_0012_part_161.flac,5.739,44100,yt_0012,YouTube Human Speech,ced8efce66cd46e7640b023c20b9008ee7af2dda4692ab65e1d024a7cf3576d8,group_1307
yt_0012_part_165,REAL,C:\Users\Harish\Downloads\ai-deepfake-detection\data\raw\real\yt_0012_part_165.flac,4.063,44100,yt_0012,YouTube Human Speech,67972572a8d4830527083185ae35ff337f379aacd58fb63343e6de8730097f6c,group_0632
yt_0012_part_167,REAL,C:\Users\Harish\Downloads\ai-deepfake-detection\data\raw\real\yt_0012_part_167.flac,6.734,44100,yt_0012,YouTube Human Speech,730d2dc4a17b1b7316ecc79470fc4d93dbd9c7bdf6b405e86cd0b67f9537d445,group_0708
yt_0012_part_169,REAL,C:\Users\Harish\Downloads\ai-deepfake-detection\data\raw\real\yt_0012_part_169.flac,5.713,44100,yt_0012,YouTube Human Speech,f3594de1e9e1309a2d39ea9a73348aee46052ab6578a8257d37825f25cdc5be8,group_1558
yt_0012_part_170,REAL,C:\Users\Harish\Downloads\ai-deepfake-detection\data\raw\real\yt_0012_part_170.flac,7.18,44100,yt_0012,YouTube Human Speech,c63095d5179c9f990122df2f864ab4c2979af6c4cf582f62141d7c2d9758d432,group_1251
yt_0013_p2_part_113,REAL,C:\Users\Harish\Downloads\ai-deepfake-detection\data\raw\real\yt_0013_p2_part_113.flac,6.768,44100,yt_0013,YouTube Human Speech,e9f472af9600f9e8018706a778063b54035689b77b9fa8f7b053890b9fa8dca2,group_1486
yt_0013_part_003,REAL,C:\Users\Harish\Downloads\ai-deepfake-detection\data\raw\real\yt_0013_part_003.flac,5.699,44100,yt_0013,YouTube Human Speech,eadf5878c83ddeacdb3080c7240415acf7b344b619031d3201d0117bbdd7d7d7,group_1496
yt_0013_part_004,REAL,C:\Users\Harish\Downloads\ai-deepfake-detection\data\raw\real\yt_0013_part_004.flac,3.574,44100,yt_0013,YouTube Human Speech,1d68bc6c2954eff888f0f7e45dae565120886ce364444c3d465bfbd70d6a1219,group_0186
yt_0013_part_005,REAL,C:\Users\Harish\Downloads\ai-deepfake-detection\data\raw\real\yt_0013_part_005.flac,3.88,44100,yt_0013,YouTube Human Speech,9a340582eac7f6614819490dc1d93af9acbedf2d346ca31be0105bd83b1b2249,group_0962
yt_0013_part_008,REAL,C:\Users\Harish\Downloads\ai-deepfake-detection\data\raw\real\yt_0013_part_008.flac,2.967,44100,yt_0013,YouTube Human Speech,35fe5a347caf2d56c3f71a635110e60184cb47e4b6334aaa9acaaa9ac76ea9d3,group_0324
yt_0013_part_011,REAL,C:\Users\Harish\Downloads\ai-deepfake-detection\data\raw\real\yt_0013_part_011.flac,4.786,44100,yt_0013,YouTube Human Speech,702034af01413a422d8f85288544c60533271a2cd29d71b21fffc809b73b424c,group_0682
yt_0013_part_012,REAL,C:\Users\Harish\Downloads\ai-deepfake-detection\data\raw\real\yt_0013_part_012.flac,5.562,44100,yt_0013,YouTube Human Speech,7ca90917e7fa717fc07338e3a1ffabe71ec014b4eef35a31eb0f58f896cdf3a8,group_0771
yt_0013_part_013,REAL,C:\Users\Harish\Downloads\ai-deepfake-detection\data\raw\real\yt_0013_part_013.flac,2.826,44100,yt_0013,YouTube Human Speech,bc7852c084fa2bad95770b9486199e310fe0972fe630845dbee2cefb334962e6,group_1190
yt_0013_part_014,REAL,C:\Users\Harish\Downloads\ai-deepfake-detection\data\raw\real\yt_0013_part_014.flac,3.732,44100,yt_0013,YouTube Human Speech,1322a800827f0d0f8b3382f274958f08dbe16a03f7ad25cfd74631e408c55ee7,group_0118
yt_0013_part_017,REAL,C:\Users\Harish\Downloads\ai-deepfake-detection\data\raw\real\yt_0013_part_017.flac,2.834,44100,yt_0013,YouTube Human Speech,6a9190d968a6078a5e179f5c32f3e81c579b6d45173b201a2e73b829076ccdd4,group_0650
yt_0013_part_018,REAL,C:\Users\Harish\Downloads\ai-deepfake-detection\data\raw\real\yt_0013_part_018.flac,4.391,44100,yt_0013,YouTube Human Speech,e895b538f0f6fa538cc52de4d90a801435e9cae2de244d349c1726cdd5da0c38,group_1475
yt_0013_part_022,REAL,C:\Users\Harish\Downloads\ai-deepfake-detection\data\raw\real\yt_0013_part_022.flac,2.663,44100,yt_0013,YouTube Human Speech,b20aad973df00abbb16e537645dfd299619949cf000d70c216ddce2518747287,group_1126
yt_0013_part_023,REAL,C:\Users\Harish\Downloads\ai-deepfake-detection\data\raw\real\yt_0013_part_023.flac,3.643,44100,yt_0013,YouTube Human Speech,36edb1aa10bcca4e31fcca11491b3e1743156c0a50a659842b685f65e98bb714,group_0329
yt_0013_part_025,REAL,C:\Users\Harish\Downloads\ai-deepfake-detection\data\raw\real\yt_0013_part_025.flac,6.865,44100,yt_0013,YouTube Human Speech,cc7488333ffd02385e8c9324af6f1c63c723958865f6da75065ff3f6bb38f082,group_1291
yt_0013_part_027,REAL,C:\Users\Harish\Downloads\ai-deepfake-detection\data\raw\real\yt_0013_part_027.flac,3.659,44100,yt_0013,YouTube Human Speech,f76e5a9c446b483813b68376c13ae940f95f5ea7907ffce8ef61c940b3632c3f,group_1589
yt_0013_part_029,REAL,C:\Users\Harish\Downloads\ai-deepfake-detection\data\raw\real\yt_0013_part_029.flac,3.18,44100,yt_0013,YouTube Human Speech,2f3eb7f9e6131acd89f03ac8b87d2217c2440604ec4942b1d82781a66abf2bd5,group_0293
yt_0013_part_030,REAL,C:\Users\Harish\Downloads\ai-deepfake-detection\data\raw\real\yt_0013_part_030.flac,3.473,44100,yt_0013,YouTube Human Speech,9db089e56c0a08709d12dd62f69d142bbf6a9834cd94628468e66398c96027c0,group_0985
yt_0013_part_032,REAL,C:\Users\Harish\Downloads\ai-deepfake-detection\data\raw\real\yt_0013_part_032.flac,2.938,44100,yt_0013,YouTube Human Speech,8db29a065fa6e0c74560274ea588db575c1f732259fbb4da28b22a42ef86cc3a,group_0875
yt_0013_part_035,REAL,C:\Users\Harish\Downloads\ai-deepfake-detection\data\raw\real\yt_0013_part_035.flac,6.27,44100,yt_0013,YouTube Human Speech,e0b2947a4ae24ac06ea696d6eaca01bf0e744cdbedd43221c233654304774718,group_1425
yt_0013_part_036,REAL,C:\Users\Harish\Downloads\ai-deepfake-detection\data\raw\real\yt_0013_part_036.flac,4.969,44100,yt_0013,YouTube Human Speech,6529bee3a89149b902a0c1cb8a91577a8f8a2104955e6daa93ea4c6a0b011a40,group_0615
yt_0013_part_038,REAL,C:\Users\Harish\Downloads\ai-deepfake-detection\data\raw\real\yt_0013_part_038.flac,6.734,44100,yt_0013,YouTube Human Speech,aaddaf6d63f771093e88e718435ab70e636bbdd51d8ec259152940dd3116e9ab,group_1081
yt_0013_part_042,REAL,C:\Users\Harish\Downloads\ai-deepfake-detection\data\raw\real\yt_0013_part_042.flac,3.893,44100,yt_0013,YouTube Human Speech,e6e7f554272fc3b9e4f23bd4922dcabb63bdc943c2fa4b1ead71282e2de74427,group_1463
yt_0013_part_043,REAL,C:\Users\Harish\Downloads\ai-deepfake-detection\data\raw\real\yt_0013_part_043.flac,5.787,44100,yt_0013,YouTube Human Speech,839dadb2cce38de2564949c483e83e6427b8826b4ca2e7123b187a9487c6f017,group_0813
yt_0013_part_045,REAL,C:\Users\Harish\Downloads\ai-deepfake-detection\data\raw\real\yt_0013_part_045.flac,4.101,44100,yt_0013,YouTube Human Speech,1d6dfc15d9866905af27c0617dc97b2f3900bd6466796971b1aa9a3fb686f873,group_0187
yt_0013_part_050,REAL,C:\Users\Harish\Downloads\ai-deepfake-detection\data\raw\real\yt_0013_part_050.flac,3.262,44100,yt_0013,YouTube Human Speech,a4a9c89bfd4dfbd78d7316f801e203c49fc9a64f90ba9067c29788a3386f488a,group_1033
yt_0013_part_051,REAL,C:\Users\Harish\Downloads\ai-deepfake-detection\data\raw\real\yt_0013_part_051.flac,4.106,44100,yt_0013,YouTube Human Speech,847928c55b4f510795b11c18c01aef98005d2e137c9ad024f5f521c2a9f5fd01,group_0819
yt_0013_part_054,REAL,C:\Users\Harish\Downloads\ai-deepfake-detection\data\raw\real\yt_0013_part_054.flac,4.044,44100,yt_0013,YouTube Human Speech,e6a2df72cc9d64e40b12adf17e914cdda9eb919cdb9b6e22be8b0bc340723f25,group_1461
yt_0013_part_058,REAL,C:\Users\Harish\Downloads\ai-deepfake-detection\data\raw\real\yt_0013_part_058.flac,6.258,44100,yt_0013,YouTube Human Speech,3320dfaa6e0d168a8c5e28c998c82631fb457bddc778a5d88f41758db086c38f,group_0309
yt_0013_part_060,REAL,C:\Users\Harish\Downloads\ai-deepfake-detection\data\raw\real\yt_0013_part_060.flac,4.237,44100,yt_0013,YouTube Human Speech,cafdce3a443ecbd7d8f8394dd08373c6e73d40151f9518880bae57b6407e48a7,group_1284
yt_0013_part_066,REAL,C:\Users\Harish\Downloads\ai-deepfake-detection\data\raw\real\yt_0013_part_066.flac,5.776,44100,yt_0013,YouTube Human Speech,4fac47636e511e97b0a017c5f15c508306fa972d4ec02160c73931ab9d112aa7,group_0488
yt_0013_part_068,REAL,C:\Users\Harish\Downloads\ai-deepfake-detection\data\raw\real\yt_0013_part_068.flac,2.615,44100,yt_0013,YouTube Human Speech,52803a82b05d76742613455bd9fa4de0e0ee52382acd4214886d98b756661241,group_0504
yt_0013_part_075,REAL,C:\Users\Harish\Downloads\ai-deepfake-detection\data\raw\real\yt_0013_part_075.flac,4.532,44100,yt_0013,YouTube Human Speech,d4c2bbdc18b75b545727ed298a0bfd3f85a8782cef75930ce334ba5ea369212c,group_1335
yt_0013_part_077,REAL,C:\Users\Harish\Downloads\ai-deepfake-detection\data\raw\real\yt_0013_part_077.flac,4.232,44100,yt_0013,YouTube Human Speech,01117989b6e5df6cc3ea54e14877a770f56e93b6aee4018a415ea6847326ad20,group_0003
yt_0013_part_078,REAL,C:\Users\Harish\Downloads\ai-deepfake-detection\data\raw\real\yt_0013_part_078.flac,4.679,44100,yt_0013,YouTube Human Speech,6aa281b28987d1f44ec88446a9d28dc9d68e5d085660c8ae553d329b44d88fd6,group_0651
yt_0013_part_080,REAL,C:\Users\Harish\Downloads\ai-deepfake-detection\data\raw\real\yt_0013_part_080.flac,4.92,44100,yt_0013,YouTube Human Speech,21d0290b99984bb84501a9863d37526fd70a0f145b2976e83189a3b0c4f43d8a,group_0205
yt_0013_part_083,REAL,C:\Users\Harish\Downloads\ai-deepfake-detection\data\raw\real\yt_0013_part_083.flac,6.624,44100,yt_0013,YouTube Human Speech,df40afd73e27639530af8d184699d80c607655538bda5f2d1c63092ab0b0ebc5,group_1415
yt_0013_part_084,REAL,C:\Users\Harish\Downloads\ai-deepfake-detection\data\raw\real\yt_0013_part_084.flac,6.909,44100,yt_0013,YouTube Human Speech,f784637d29c87c6f79ed82c91ed409b9fc997c7e8a14672bc23cfb578b4024a1,group_1591
yt_0013_part_087,REAL,C:\Users\Harish\Downloads\ai-deepfake-detection\data\raw\real\yt_0013_part_087.flac,3.918,44100,yt_0013,YouTube Human Speech,055395b36d176aaf2f01f08bf0ca36ad981d94866f706fa03ee1117550df9ef7,group_0022
yt_0013_part_088,REAL,C:\Users\Harish\Downloads\ai-deepfake-detection\data\raw\real\yt_0013_part_088.flac,3.79,44100,yt_0013,YouTube Human Speech,fd4e06c4d5a04a1b5e6b7f766862bda1cf4c8b57e15f139246bd6a6a2169dcb0,group_1632
yt_0013_part_093,REAL,C:\Users\Harish\Downloads\ai-deepfake-detection\data\raw\real\yt_0013_part_093.flac,3.379,44100,yt_0013,YouTube Human Speech,0c2d45291c436509e1c33b1472a3c46d431d2e37c162efe9592d852a4ea04eb7,group_0073
yt_0013_part_097,REAL,C:\Users\Harish\Downloads\ai-deepfake-detection\data\raw\real\yt_0013_part_097.flac,8.56,44100,yt_0013,YouTube Human Speech,39a7816fdbc59a2f4ba962f40dfcb3d63c9c74e8193df0f0d4f7cf6f46216f0d,group_0350
yt_0013_part_099,REAL,C:\Users\Harish\Downloads\ai-deepfake-detection\data\raw\real\yt_0013_part_099.flac,4.332,44100,yt_0013,YouTube Human Speech,61ea5b55c0050b819cfd3c846a3e37380ad8ef75c9e291cd1928084860acb664,group_0592
yt_0013_part_104,REAL,C:\Users\Harish\Downloads\ai-deepfake-detection\data\raw\real\yt_0013_part_104.flac,4.892,44100,yt_0013,YouTube Human Speech,e78beff3b4706bf24e4de5382116be06729026c5378f4eb986ab83d3fe47296f,group_1469
yt_0013_part_107,REAL,C:\Users\Harish\Downloads\ai-deepfake-detection\data\raw\real\yt_0013_part_107.flac,3.582,44100,yt_0013,YouTube Human Speech,75e5ffe50f97638617dcab0aec80ac01d8504b907e242f8954ddc5cc5b037e37,group_0731
el_0001_c_part_002,FAKE,C:\Users\Harish\Downloads\ai-deepfake-detection\data\raw\fake\el_0001_c_part_002.flac,3.612,16000,el_0001,ElevenLabs,fc03bde119dcf49942ca94c96f3528d544af2f7141fcd0463caf56dcf912b920,group_1627
el_0001_c_part_003,FAKE,C:\Users\Harish\Downloads\ai-deepfake-detection\data\raw\fake\el_0001_c_part_003.flac,3.309,16000,el_0001,ElevenLabs,26b8b07aadd353ffb7867a81781243bb5e36019a62aa4bdfd26b07e87623a3a6,group_0238
el_0001_c_part_004,FAKE,C:\Users\Harish\Downloads\ai-deepfake-detection\data\raw\fake\el_0001_c_part_004.flac,3.679,16000,el_0001,ElevenLabs,b417e2898f8dc0e62faeeaadb5774d26d23eeda17758e2ffbacb990f1300df9b,group_1140
el_0001_c_part_005,FAKE,C:\Users\Harish\Downloads\ai-deepfake-detection\data\raw\fake\el_0001_c_part_005.flac,3.568,16000,el_0001,ElevenLabs,47f467760cca37c59c9c29492112449e2a5db436651d3d3bc87359d320655f2a,group_0444
el_0001_part_001,FAKE,C:\Users\Harish\Downloads\ai-deepfake-detection\data\raw\fake\el_0001_part_001.flac,3.934,16000,el_0001,ElevenLabs,5e77dd881ff5562462303e92d37840abe164e7bc56b24616d32fada61d8a85fc,group_0572
el_0002_c_part_001,FAKE,C:\Users\Harish\Downloads\ai-deepfake-detection\data\raw\fake\el_0002_c_part_001.flac,2.694,16000,el_0002,ElevenLabs,2a25c09d00620c707f153c0d59cf2a9c2f3fc4fa2b8d073236ab499b903cdf06,group_0259
el_0003_c_part_004,FAKE,C:\Users\Harish\Downloads\ai-deepfake-detection\data\raw\fake\el_0003_c_part_004.flac,3.303,16000,el_0003,ElevenLabs,63eb751637b67b4dc13545bfea13880fb20eb4245d66f96278de7a08d7280bdd,group_0607
el_0003_part_001,FAKE,C:\Users\Harish\Downloads\ai-deepfake-detection\data\raw\fake\el_0003_part_001.flac,2.562,16000,el_0003,ElevenLabs,905b1205cac5cc5f2e23eda6a64edf67f8de47b5467e39a3193688a3d7633824,group_0896
el_0004_c_part_001,FAKE,C:\Users\Harish\Downloads\ai-deepfake-detection\data\raw\fake\el_0004_c_part_001.flac,3.824,16000,el_0004,ElevenLabs,d893faa9dfd56d62b830c9165f91d630d093f64e3bca2e574fed888013bb64c4,group_1359
el_0004_c_part_003,FAKE,C:\Users\Harish\Downloads\ai-deepfake-detection\data\raw\fake\el_0004_c_part_003.flac,4.118,16000,el_0004,ElevenLabs,78998e8898d4e5a863565ab071c9cb1564c6a00a52e5058dcdbb27c42f7c3de5,group_0749
el_0005_part_001,FAKE,C:\Users\Harish\Downloads\ai-deepfake-detection\data\raw\fake\el_0005_part_001.flac,4.264,16000,el_0005,ElevenLabs,29e83eb4721574cb5856adfcde2c8ca86bed5a16e28e9bcbe991aa8ec011ff78,group_0256
el_0005_part_002,FAKE,C:\Users\Harish\Downloads\ai-deepfake-detection\data\raw\fake\el_0005_part_002.flac,3.133,16000,el_0005,ElevenLabs,aa47ddbe0e9202f70d6664957baf2c7c38b79750a80bc2f49bf57fe55b84e6b2,group_1074
el_0006_c_part_002,FAKE,C:\Users\Harish\Downloads\ai-deepfake-detection\data\raw\fake\el_0006_c_part_002.flac,2.6,16000,el_0006,ElevenLabs,b0f309f5b5668aadbeadbe7edb8a440ae280993bf44a49a334719e0a936d5a90,group_1120
el_0006_c_part_003,FAKE,C:\Users\Harish\Downloads\ai-deepfake-detection\data\raw\fake\el_0006_c_part_003.flac,3.517,16000,el_0006,ElevenLabs,810b033f668bd0ee1acb6ba146cf547463e1a1f9216ba6053abdd3315e717f82,group_0795
el_0006_part_001,FAKE,C:\Users\Harish\Downloads\ai-deepfake-detection\data\raw\fake\el_0006_part_001.flac,3.075,16000,el_0006,ElevenLabs,db2bb59ddb825e2b132ff1ff2204719ffb15b5c9c87c4919a394d91f63318aea,group_1377
el_0007_c_part_002,FAKE,C:\Users\Harish\Downloads\ai-deepfake-detection\data\raw\fake\el_0007_c_part_002.flac,4.306,16000,el_0007,ElevenLabs,c166242c80f31c6f5754c77b236dcbc64f0b233bd7ac20273211f307c20ac848,group_1218
el_0008_c_part_003,FAKE,C:\Users\Harish\Downloads\ai-deepfake-detection\data\raw\fake\el_0008_c_part_003.flac,4.048,16000,el_0008,ElevenLabs,2a068bba182881ff325ac3ed6194f2f448235d65659dd2a2104e278347a3d358,group_0258
el_0008_c_part_004,FAKE,C:\Users\Harish\Downloads\ai-deepfake-detection\data\raw\fake\el_0008_c_part_004.flac,3.775,16000,el_0008,ElevenLabs,a17ba54734e7da641eb7330bd248d0cec7ebce926953d7d756472ac241b61e68,group_1008
el_0008_c_part_005,FAKE,C:\Users\Harish\Downloads\ai-deepfake-detection\data\raw\fake\el_0008_c_part_005.flac,2.692,16000,el_0008,ElevenLabs,309017c14d1f55c2ad3f5f68961488cba46f97127e4049735abf6748e2a24197,group_0297
el_0008_c_part_006,FAKE,C:\Users\Harish\Downloads\ai-deepfake-detection\data\raw\fake\el_0008_c_part_006.flac,2.925,16000,el_0008,ElevenLabs,4c3747f90e38857d4a53a2c0acbe83c525a52f77cb3e239bfe46c03e410e17fe,group_0463
el_0008_part_001,FAKE,C:\Users\Harish\Downloads\ai-deepfake-detection\data\raw\fake\el_0008_part_001.flac,4.249,16000,el_0008,ElevenLabs,f7a226748c24ebab5d2913d543a57fe0dc255a328b6a9d9c2397a02155f6a1a9,group_1592
el_0008_part_002,FAKE,C:\Users\Harish\Downloads\ai-deepfake-detection\data\raw\fake\el_0008_part_002.flac,2.526,16000,el_0008,ElevenLabs,6d8471e73a830106f932bf93240eb4e8a97b1f16afe0af30a289ab841d5672df,group_0664
el_0009_c_part_007,FAKE,C:\Users\Harish\Downloads\ai-deepfake-detection\data\raw\fake\el_0009_c_part_007.flac,2.915,16000,el_0009,ElevenLabs,27d9c4257eb4d75fe0ffd9c275c463e28ab1813b4b8a3a34848a4eae2f1ba57d,group_0244
el_0009_c_part_008,FAKE,C:\Users\Harish\Downloads\ai-deepfake-detection\data\raw\fake\el_0009_c_part_008.flac,3.712,16000,el_0009,ElevenLabs,dfa4e403ab682ac1bbfce11d97deadedc7ceddae6a812fbff2243f5751a10d90,group_1418
el_0009_c_part_009,FAKE,C:\Users\Harish\Downloads\ai-deepfake-detection\data\raw\fake\el_0009_c_part_009.flac,2.515,16000,el_0009,ElevenLabs,5d8609c0fea7c835866913a3de1df28022d6ca9dc430e49677a54c30b66ae9c3,group_0566
el_0009_c_part_011,FAKE,C:\Users\Harish\Downloads\ai-deepfake-detection\data\raw\fake\el_0009_c_part_011.flac,3.733,16000,el_0009,ElevenLabs,ba3a661ce4ebed668a9036fec584c10e44086b2082673c1c0c47d714f9577b42,group_1175
el_0009_part_001,FAKE,C:\Users\Harish\Downloads\ai-deepfake-detection\data\raw\fake\el_0009_part_001.flac,3.293,16000,el_0009,ElevenLabs,5717ebe98fd179ea7132514246d0a3df0b4ca6aecf0774c94a47f259549f6734,group_0531
el_0009_part_003,FAKE,C:\Users\Harish\Downloads\ai-deepfake-detection\data\raw\fake\el_0009_part_003.flac,3.762,16000,el_0009,ElevenLabs,a0f671a3e1786218b3b54a1059fcbdb2d732ae4bcccb927d5ec05f934d6be41c,group_1005
el_0010_c_part_005,FAKE,C:\Users\Harish\Downloads\ai-deepfake-detection\data\raw\fake\el_0010_c_part_005.flac,2.673,16000,el_0010,ElevenLabs,2c7026bd6008762fb716d94f9bd11a273cad6e12774ed34bea3e49531c015008,group_0276
el_0010_c_part_006,FAKE,C:\Users\Harish\Downloads\ai-deepfake-detection\data\raw\fake\el_0010_c_part_006.flac,3.444,16000,el_0010,ElevenLabs,adf9f42bc83a1483cef6b410e2c8ac242dfb2dd1bc22543fcdcfd5f35c2fc17c,group_1096
el_0010_c_part_007,FAKE,C:\Users\Harish\Downloads\ai-deepfake-detection\data\raw\fake\el_0010_c_part_007.flac,2.588,16000,el_0010,ElevenLabs,2ac9e19de7dcc80f229c2ac5f30434e7466a65cfe152a76f1a598d0e81d0e630,group_0265
el_0010_c_part_008,FAKE,C:\Users\Harish\Downloads\ai-deepfake-detection\data\raw\fake\el_0010_c_part_008.flac,2.62,16000,el_0010,ElevenLabs,46a292e9ac129fb926f37bdaf1c5cddcf3af047a9cd333a2663bdb22d825f6da,group_0433
el_0010_c_part_009,FAKE,C:\Users\Harish\Downloads\ai-deepfake-detection\data\raw\fake\el_0010_c_part_009.flac,3.513,16000,el_0010,ElevenLabs,28f8d19682f63e417b42d8bac91b787dd5cd1b6bc814e27e789cf995a6cfb2e1,group_0251
el_0010_c_part_010,FAKE,C:\Users\Harish\Downloads\ai-deepfake-detection\data\raw\fake\el_0010_c_part_010.flac,3.554,16000,el_0010,ElevenLabs,59c635d3d6034aa75afb373ea6c8dac141f2280fa6e600783a130b3999bbb6bc,group_0549
el_0010_c_part_012,FAKE,C:\Users\Harish\Downloads\ai-deepfake-detection\data\raw\fake\el_0010_c_part_012.flac,2.541,16000,el_0010,ElevenLabs,76298429deaae483185c78e4668f4d535b544bad4040612112185ee596d46329,group_0734
el_0010_c_part_014,FAKE,C:\Users\Harish\Downloads\ai-deepfake-detection\data\raw\fake\el_0010_c_part_014.flac,3.009,16000,el_0010,ElevenLabs,511223dd79204558d9d9a0140ccb001e42f37c8e79966bf98c4a64537912ead2,group_0494
el_0010_c_part_015,FAKE,C:\Users\Harish\Downloads\ai-deepfake-detection\data\raw\fake\el_0010_c_part_015.flac,2.9,16000,el_0010,ElevenLabs,d29ad4b6b2a81d3a4125e5e722aaa4a76e2322f02ef26a8893b8a12758aa7517,group_1322
el_0010_c_part_017,FAKE,C:\Users\Harish\Downloads\ai-deepfake-detection\data\raw\fake\el_0010_c_part_017.flac,3.195,16000,el_0010,ElevenLabs,9742f024b8ece14206c94bbf13ade5ceab95f35f827858670abdcc90712d96ba,group_0944
el_0010_c_part_019,FAKE,C:\Users\Harish\Downloads\ai-deepfake-detection\data\raw\fake\el_0010_c_part_019.flac,3.07,16000,el_0010,ElevenLabs,7529a784b431245ac790945f8e43e868a7ae3d65335cf91d017f5c4cb758f33f,group_0726
el_0010_c_part_021,FAKE,C:\Users\Harish\Downloads\ai-deepfake-detection\data\raw\fake\el_0010_c_part_021.flac,3.527,16000,el_0010,ElevenLabs,6f6408ccc92bee97cae04dc26eb64b06387db973d68f4461e619726e08f63cca,group_0673
el_0010_part_001,FAKE,C:\Users\Harish\Downloads\ai-deepfake-detection\data\raw\fake\el_0010_part_001.flac,2.789,16000,el_0010,ElevenLabs,26df6f5a0657156d7cb43a600f38f9626bc149e4f7ec0348ddca3874558b55bc,group_0239
el_0010_part_002,FAKE,C:\Users\Harish\Downloads\ai-deepfake-detection\data\raw\fake\el_0010_part_002.flac,3.175,16000,el_0010,ElevenLabs,d8a15b596eec37458afa5a41d4d9a2ad55ae6a06b6691c0e0133f988b8c51b2e,group_1360
el_0010_part_003,FAKE,C:\Users\Harish\Downloads\ai-deepfake-detection\data\raw\fake\el_0010_part_003.flac,3.196,16000,el_0010,ElevenLabs,f7ed1193c64efd3707d68c0f50d34f850adb952e53ce3a485d2b5856e80b0089,group_1595
el_0010_part_004,FAKE,C:\Users\Harish\Downloads\ai-deepfake-detection\data\raw\fake\el_0010_part_004.flac,2.758,16000,el_0010,ElevenLabs,6d6da84ab907b4f582c6cbb622a05a3f4f64804c44cfce13dffbe4ee1863c2ec,group_0663
el_0011_c_part_010,FAKE,C:\Users\Harish\Downloads\ai-deepfake-detection\data\raw\fake\el_0011_c_part_010.flac,2.757,16000,el_0011,ElevenLabs,dd0f8cced80d763d3a9ab501882d03e5c3283841fa4448fe5e93467fcb0f3ad1,group_1394
el_0011_c_part_011,FAKE,C:\Users\Harish\Downloads\ai-deepfake-detection\data\raw\fake\el_0011_c_part_011.flac,3.238,16000,el_0011,ElevenLabs,b912fe57053ff0b76c917c25f14cb44b47e44f8fb2d30442abc25132e7f58335,group_1169
el_0011_c_part_012,FAKE,C:\Users\Harish\Downloads\ai-deepfake-detection\data\raw\fake\el_0011_c_part_012.flac,3.815,16000,el_0011,ElevenLabs,67b5c9b269507ecbf6bb22c31de7933fd4d82feb7754ba75cd4a92576424a294,group_0634
el_0011_c_part_013,FAKE,C:\Users\Harish\Downloads\ai-deepfake-detection\data\raw\fake\el_0011_c_part_013.flac,3.089,16000,el_0011,ElevenLabs,f050efece21b3d1e94b15505ca1e97e938fdeaa50078198ed71d7fe9bbe14a11,group_1532
el_0011_c_part_014,FAKE,C:\Users\Harish\Downloads\ai-deepfake-detection\data\raw\fake\el_0011_c_part_014.flac,4.052,16000,el_0011,ElevenLabs,539f83f6975c16e10ca71d66c5a5a8c741a5febf306eab3c6dba47b025a5882f,group_0510
el_0011_c_part_015,FAKE,C:\Users\Harish\Downloads\ai-deepfake-detection\data\raw\fake\el_0011_c_part_015.flac,4.445,16000,el_0011,ElevenLabs,c63b5d10f707d71c939d36a829e51a8246ae46dc272d01f10df7205a19ab112d,group_1252
el_0011_c_part_017,FAKE,C:\Users\Harish\Downloads\ai-deepfake-detection\data\raw\fake\el_0011_c_part_017.flac,3.64,16000,el_0011,ElevenLabs,177e4a97290c88ddbeae82574d4cb8be12734dfe0144fe15ece56901490b7d35,group_0144
el_0011_c_part_018,FAKE,C:\Users\Harish\Downloads\ai-deepfake-detection\data\raw\fake\el_0011_c_part_018.flac,4.384,16000,el_0011,ElevenLabs,9dff45a86a2abffc88a7235e27681780e533d419fde9a4df78f5e05ff2dc8580,group_0987
el_0011_part_001,FAKE,C:\Users\Harish\Downloads\ai-deepfake-detection\data\raw\fake\el_0011_part_001.flac,5.99,16000,el_0011,ElevenLabs,332ac01a3eeb1c27ad1381776e5b1be4ab9290c07531f8c71d06ff2d1f3af628,group_0310
el_0011_part_002,FAKE,C:\Users\Harish\Downloads\ai-deepfake-detection\data\raw\fake\el_0011_part_002.flac,2.533,16000,el_0011,ElevenLabs,46fb4e740dd9e1033774b6f60d78f9ecf6ea4134360a3040781033c6f14be8a7,group_0437
el_0011_part_003,FAKE,C:\Users\Harish\Downloads\ai-deepfake-detection\data\raw\fake\el_0011_part_003.flac,4.219,16000,el_0011,ElevenLabs,1236e671bbed22462eaa37cc96b29299ece7967c7c811d126029fc8977cdab2a,group_0111
el_0011_part_005,FAKE,C:\Users\Harish\Downloads\ai-deepfake-detection\data\raw\fake\el_0011_part_005.flac,2.648,16000,el_0011,ElevenLabs,fbbe2f6f796f6495bd42981da71ffd0c464263c7c0e2f74a3f5467e2c26c95b1,group_1626
el_0011_part_006,FAKE,C:\Users\Harish\Downloads\ai-deepfake-detection\data\raw\fake\el_0011_part_006.flac,3.493,16000,el_0011,ElevenLabs,100aefd9796d8eeca524088731cbc864ab008ae4c6ad44031c048c1f57aeb2de,group_0101
el_0011_part_008,FAKE,C:\Users\Harish\Downloads\ai-deepfake-detection\data\raw\fake\el_0011_part_008.flac,2.645,16000,el_0011,ElevenLabs,866d1acc0be0b42346bc64dd0ed77e404fd2a25e6905efc694c968cc8667ae84,group_0839
el_0012_c_part_010,FAKE,C:\Users\Harish\Downloads\ai-deepfake-detection\data\raw\fake\el_0012_c_part_010.flac,3.49,16000,el_0012,ElevenLabs,35225b8a0b8a6c30ef16ba7e92c2f659f2e25e774908ecf01e3b5e96bb4d67ae,group_0316
el_0012_c_part_011,FAKE,C:\Users\Harish\Downloads\ai-deepfake-detection\data\raw\fake\el_0012_c_part_011.flac,3.271,16000,el_0012,ElevenLabs,e04ce08120c8cc31f63f14df177193884b14a897d6b07e2e2786ff713ce611be,group_1422
el_0012_c_part_012,FAKE,C:\Users\Harish\Downloads\ai-deepfake-detection\data\raw\fake\el_0012_c_part_012.flac,3.676,16000,el_0012,ElevenLabs,8f9cca1cdce815b459660c8f1b93118a6b42605de333444da17b29bda831a2c4,group_0889
el_0012_part_004,FAKE,C:\Users\Harish\Downloads\ai-deepfake-detection\data\raw\fake\el_0012_part_004.flac,5.201,16000,el_0012,ElevenLabs,0b8634827d9bfa166cd8ab4cd5011caa714408ebb5e03f5520a46110b2ae2e39,group_0070
el_0012_part_005,FAKE,C:\Users\Harish\Downloads\ai-deepfake-detection\data\raw\fake\el_0012_part_005.flac,3.173,16000,el_0012,ElevenLabs,9dccf6278fca5b4cc19b36a5919e18b48443587358e8a33bcee26d6b92b1a49d,group_0986
el_0012_part_006,FAKE,C:\Users\Harish\Downloads\ai-deepfake-detection\data\raw\fake\el_0012_part_006.flac,2.5,16000,el_0012,ElevenLabs,c52afcef4c9e9d999f5cbeb4ee1eef94635afa93d636b4716feb35647fe206b0,group_1242
el_0012_part_007,FAKE,C:\Users\Harish\Downloads\ai-deepfake-detection\data\raw\fake\el_0012_part_007.flac,2.97,16000,el_0012,ElevenLabs,7df03f2437bc4ea19cec3d1c899a8c76cb7b860aac9a438a1c9ac303ad7fa8c7,group_0778
el_0013_c_part_007,FAKE,C:\Users\Harish\Downloads\ai-deepfake-detection\data\raw\fake\el_0013_c_part_007.flac,3.959,16000,el_0013,ElevenLabs,a5be9b500028f25f6b16d4c58ab7bf6fc8e1bd3339d3922f34b3898cab37a243,group_1035
el_0013_c_part_009,FAKE,C:\Users\Harish\Downloads\ai-deepfake-detection\data\raw\fake\el_0013_c_part_009.flac,4.677,16000,el_0013,ElevenLabs,2d476ad2175416abd571e2d0ccc80bf0503ae4493579d45509abdaf9cc933166,group_0281
el_0013_c_part_012,FAKE,C:\Users\Harish\Downloads\ai-deepfake-detection\data\raw\fake\el_0013_c_part_012.flac,3.13,16000,el_0013,ElevenLabs,7feac93ce6de7bcbde5a59d826d3fd9e04c28b9d5ee41d922c9626b4617c795e,group_0784
el_0013_c_part_013,FAKE,C:\Users\Harish\Downloads\ai-deepfake-detection\data\raw\fake\el_0013_c_part_013.flac,4.331,16000,el_0013,ElevenLabs,dedb554f3ecfc13838a569676b0d45330ed46bbfed4307d1fd38a729f517a534,group_1410
el_0013_c_part_014,FAKE,C:\Users\Harish\Downloads\ai-deepfake-detection\data\raw\fake\el_0013_c_part_014.flac,3.191,16000,el_0013,ElevenLabs,0c01eeb0d2068bae2848cfb4ce5b68b7e750ef68828c5c37c68e2430a003f494,group_0072
el_0013_c_part_016,FAKE,C:\Users\Harish\Downloads\ai-deepfake-detection\data\raw\fake\el_0013_c_part_016.flac,3.026,16000,el_0013,ElevenLabs,f8106c20ce74edd3e4ace1cbd4521bb893ba7cca91ea37e535a48b6227e33cf6,group_1596
el_0013_part_001,FAKE,C:\Users\Harish\Downloads\ai-deepfake-detection\data\raw\fake\el_0013_part_001.flac,3.283,16000,el_0013,ElevenLabs,16dfbe588fc361a1eb776e9e30c60ba68a61bf59a8de1f2da90483b9a7d19e5c,group_0137
el_0013_part_002,FAKE,C:\Users\Harish\Downloads\ai-deepfake-detection\data\raw\fake\el_0013_part_002.flac,3.349,16000,el_0013,ElevenLabs,18046860fb3a3428125a34dfc48fd5f610f2b3176678b7dfe951f14208719421,group_0148
el_0013_part_003,FAKE,C:\Users\Harish\Downloads\ai-deepfake-detection\data\raw\fake\el_0013_part_003.flac,2.536,16000,el_0013,ElevenLabs,3ed279b2dfb9d4e66cf67250722053e36e6e0cfe2bdf8e4282aea17ea8cd81b7,group_0387
el_0013_part_004,FAKE,C:\Users\Harish\Downloads\ai-deepfake-detection\data\raw\fake\el_0013_part_004.flac,3.883,16000,el_0013,ElevenLabs,59aa26465ac253b2d47e80206fca81f4369c326cbb95f056cbcee182565b980f,group_0548
el_0013_part_005,FAKE,C:\Users\Harish\Downloads\ai-deepfake-detection\data\raw\fake\el_0013_part_005.flac,2.886,16000,el_0013,ElevenLabs,70f2ba40f553cdbf96c2460fc85d1ef633a31ecfaba9eb58a266ada003cef313,group_0688
el_0013_part_006,FAKE,C:\Users\Harish\Downloads\ai-deepfake-detection\data\raw\fake\el_0013_part_006.flac,3.278,16000,el_0013,ElevenLabs,0b1cbb0f1ba6c7dd276968a8da153deb162cd3415feb92436c5061ff1808cc0f,group_0066
el_0014_c_part_004,FAKE,C:\Users\Harish\Downloads\ai-deepfake-detection\data\raw\fake\el_0014_c_part_004.flac,3.026,16000,el_0014,ElevenLabs,19ee390ad91552ce15e07af7ff96f007f91f40459022675167239c7431429320,group_0164
el_0014_c_part_005,FAKE,C:\Users\Harish\Downloads\ai-deepfake-detection\data\raw\fake\el_0014_c_part_005.flac,3.812,16000,el_0014,ElevenLabs,f7ddc13db87d04333572f7bf35b8cc90858dd770dab728bae9e70b2c01f76773,group_1594
el_0014_c_part_006,FAKE,C:\Users\Harish\Downloads\ai-deepfake-detection\data\raw\fake\el_0014_c_part_006.flac,4.231,16000,el_0014,ElevenLabs,2a99588dd86c4baf7480717d30e1db4e6e32f04b61e8df0c2205686f505fa5ff,group_0262
el_0014_c_part_008,FAKE,C:\Users\Harish\Downloads\ai-deepfake-detection\data\raw\fake\el_0014_c_part_008.flac,3.979,16000,el_0014,ElevenLabs,abb11a6d13199a6761e698f76a6c951ed9a3be7c04ee71e2768383fcd13ec85c,group_1086
el_0014_c_part_009,FAKE,C:\Users\Harish\Downloads\ai-deepfake-detection\data\raw\fake\el_0014_c_part_009.flac,2.915,16000,el_0014,ElevenLabs,42e134854361175c17ce29472100b950c38b722aaa8551e70201a766e8a180f7,group_0410
el_0014_c_part_011,FAKE,C:\Users\Harish\Downloads\ai-deepfake-detection\data\raw\fake\el_0014_c_part_011.flac,2.997,16000,el_0014,ElevenLabs,d4feb1c49e14fd9c21fcd523a207f65f925ef405e15eba05f814d3da1501cbbf,group_1337
el_0014_c_part_012,FAKE,C:\Users\Harish\Downloads\ai-deepfake-detection\data\raw\fake\el_0014_c_part_012.flac,3.064,16000,el_0014,ElevenLabs,79b24eadab8bb42a46f60e69f6e431063a5b3a3f8eb2e640e4024a6815340bb3,group_0753
el_0014_c_part_013,FAKE,C:\Users\Harish\Downloads\ai-deepfake-detection\data\raw\fake\el_0014_c_part_013.flac,3.653,16000,el_0014,ElevenLabs,48b02bf70d93d6267cdf54fe34273860d5f232a1cd02edd80eaab249b2b89139,group_0449
el_0014_part_002,FAKE,C:\Users\Harish\Downloads\ai-deepfake-detection\data\raw\fake\el_0014_part_002.flac,2.553,16000,el_0014,ElevenLabs,679501ab334f789651cba111f9a7150a755339f300487c8b36d713de26f046bc,group_0631
el_0014_part_003,FAKE,C:\Users\Harish\Downloads\ai-deepfake-detection\data\raw\fake\el_0014_part_003.flac,2.803,16000,el_0014,ElevenLabs,380b4bb4208d1457175bc21b1c24d1ba8400e8289599d25da3e2b0c563259f35,group_0341
el_0015_c_part_011,FAKE,C:\Users\Harish\Downloads\ai-deepfake-detection\data\raw\fake\el_0015_c_part_011.flac,2.553,16000,el_0015,ElevenLabs,8a89e599d56f69c7d1fd7d1f304b7a712e3d72d82704032bb63b1d728e5c38a5,group_0854
el_0015_c_part_013,FAKE,C:\Users\Harish\Downloads\ai-deepfake-detection\data\raw\fake\el_0015_c_part_013.flac,2.866,16000,el_0015,ElevenLabs,a1f5a09b4abdb8d13f923ce51bb47f31793ac4ded88f6cc68d1d18fbd1808f3e,group_1012
el_0015_c_part_014,FAKE,C:\Users\Harish\Downloads\ai-deepfake-detection\data\raw\fake\el_0015_c_part_014.flac,3.105,16000,el_0015,ElevenLabs,37a888c69de134f2207fc46522b4b378b73eb9c553f1456edd40c5fe26d89a88,group_0338
el_0015_c_part_016,FAKE,C:\Users\Harish\Downloads\ai-deepfake-detection\data\raw\fake\el_0015_c_part_016.flac,3.339,16000,el_0015,ElevenLabs,a3ee7fcdd616b8b3babc67dc1c649ec15902ca75756bef368e33fac67ff114e5,group_1029
el_0015_c_part_018,FAKE,C:\Users\Harish\Downloads\ai-deepfake-detection\data\raw\fake\el_0015_c_part_018.flac,2.869,16000,el_0015,ElevenLabs,81e8d27b4c20d9c41796aea31a7c52f926c85ebc8c3f3fe6c093df5ae78c45e1,group_0800
el_0015_c_part_019,FAKE,C:\Users\Harish\Downloads\ai-deepfake-detection\data\raw\fake\el_0015_c_part_019.flac,3.952,16000,el_0015,ElevenLabs,402df28721a033b13f30c42adb8182ac8fe1316cbdc80ff373eaf0ea047ba344,group_0396
el_0015_c_part_020,FAKE,C:\Users\Harish\Downloads\ai-deepfake-detection\data\raw\fake\el_0015_c_part_020.flac,3.932,16000,el_0015,ElevenLabs,c9da4c29e9e91dab01d8ce5e8dff9a0d848b47e2d4fe1d0f34f6a6e8f675e205,group_1270
el_0015_c_part_022,FAKE,C:\Users\Harish\Downloads\ai-deepfake-detection\data\raw\fake\el_0015_c_part_022.flac,2.948,16000,el_0015,ElevenLabs,dd69974082d34b5414abccaa2ab749e15a5004dddc7591b0af2386ad41ac643a,group_1397
el_0015_c_part_023,FAKE,C:\Users\Harish\Downloads\ai-deepfake-detection\data\raw\fake\el_0015_c_part_023.flac,3.007,16000,el_0015,ElevenLabs,5eaf4f763bcc6dd75303623e8fe70125c4608ec1ad077b457b360360bd2b9c53,group_0573
el_0015_c_part_025,FAKE,C:\Users\Harish\Downloads\ai-deepfake-detection\data\raw\fake\el_0015_c_part_025.flac,3.883,16000,el_0015,ElevenLabs,c42acd5ad451c20bfcce56953395738c99f36fa289dc968811b493c25345ac5e,group_1235
el_0015_c_part_026,FAKE,C:\Users\Harish\Downloads\ai-deepfake-detection\data\raw\fake\el_0015_c_part_026.flac,2.868,16000,el_0015,ElevenLabs,e094ec0706524237b4ac8b3c35a4709964ecb8edc5419aae0a31c81a96283a73,group_1423
el_0015_part_002,FAKE,C:\Users\Harish\Downloads\ai-deepfake-detection\data\raw\fake\el_0015_part_002.flac,3.153,16000,el_0015,ElevenLabs,efb1be329a3a1f14f6e16532a070c26265a5d78547329895d14f9464f46cbae7,group_1529
el_0015_part_004,FAKE,C:\Users\Harish\Downloads\ai-deepfake-detection\data\raw\fake\el_0015_part_004.flac,2.846,16000,el_0015,ElevenLabs,6c83f94cb66714921eef6b40077aa176b5675fd48f74f036158394c0a688008c,group_0659
el_0015_part_005,FAKE,C:\Users\Harish\Downloads\ai-deepfake-detection\data\raw\fake\el_0015_part_005.flac,2.752,16000,el_0015,ElevenLabs,972515e43a73c633fa22fc7d88d0fa85004e840f31b825de5a7aefc7558478c2,group_0943
el_0015_part_006,FAKE,C:\Users\Harish\Downloads\ai-deepfake-detection\data\raw\fake\el_0015_part_006.flac,2.777,16000,el_0015,ElevenLabs,216e11cde4340f8eee206de6f72a276716ab8de0cda7f8d5162638bed2f63f4b,group_0202
el_0015_part_007,FAKE,C:\Users\Harish\Downloads\ai-deepfake-detection\data\raw\fake\el_0015_part_007.flac,3.217,16000,el_0015,ElevenLabs,eaa8626636170bb596778dcd648e5699ab22cd524da69f800ca7f29b66fbf718,group_1494
el_0015_part_008,FAKE,C:\Users\Harish\Downloads\ai-deepfake-detection\data\raw\fake\el_0015_part_008.flac,3.325,16000,el_0015,ElevenLabs,447038c8a9ae3cede6fe2644bcc0c7f1b035e356e144058cf4f51215d7f9ef99,group_0423
el_0017_c_part_002,FAKE,C:\Users\Harish\Downloads\ai-deepfake-detection\data\raw\fake\el_0017_c_part_002.flac,3.188,16000,el_0017,ElevenLabs,74974ac8d0dad96a1c3ee73b66ad8710ade05ba455e08c1d9c953b7c045ee983,group_0721
el_0017_c_part_003,FAKE,C:\Users\Harish\Downloads\ai-deepfake-detection\data\raw\fake\el_0017_c_part_003.flac,3.348,16000,el_0017,ElevenLabs,f96a8a16a53494992bb6b7172ff9ab6361376f5fd4abde2084f38f250297b0e6,group_1609
el_0017_part_001,FAKE,C:\Users\Harish\Downloads\ai-deepfake-detection\data\raw\fake\el_0017_part_001.flac,2.751,16000,el_0017,ElevenLabs,1d091b0f1ac75b8ece8aa49140494530fb5458131760359862ed6e66a81afb09,group_0184
el_0018_c_part_001,FAKE,C:\Users\Harish\Downloads\ai-deepfake-detection\data\raw\fake\el_0018_c_part_001.flac,3.834,16000,el_0018,ElevenLabs,6295b7ed74ba1f4e5f1a51e1ca58cfc261a568ca14d995f7a19e99d2244bfb51,group_0598
el_0018_c_part_002,FAKE,C:\Users\Harish\Downloads\ai-deepfake-detection\data\raw\fake\el_0018_c_part_002.flac,3.515,16000,el_0018,ElevenLabs,fa007b7eb5a4b2d89cb85d48144f2fadced94a7cac3444aa57764828f7734d83,group_1613
el_0019_c_part_002,FAKE,C:\Users\Harish\Downloads\ai-deepfake-detection\data\raw\fake\el_0019_c_part_002.flac,3.893,16000,el_0019,ElevenLabs,fa03c308a06d370b8c67cd269d1a6293fbaf4ed5f20d52637f85ab278a1e2c05,group_1614
el_0019_part_001,FAKE,C:\Users\Harish\Downloads\ai-deepfake-detection\data\raw\fake\el_0019_part_001.flac,3.327,16000,el_0019,ElevenLabs,228195a0d2c3c98402096d5a14ae364e718f6c09c92a45457f9dc4ce368ff8d2,group_0210
el_0022_c_part_002,FAKE,C:\Users\Harish\Downloads\ai-deepfake-detection\data\raw\fake\el_0022_c_part_002.flac,3.728,16000,el_0022,ElevenLabs,d8203e5a2ab5555583328d49940e79cb365ae27cb8470234e691c85d1760b931,group_1356
el_0022_part_001,FAKE,C:\Users\Harish\Downloads\ai-deepfake-detection\data\raw\fake\el_0022_part_001.flac,3.926,16000,el_0022,ElevenLabs,013d4302817f86bfa90f5d8f6c3848283efdc991bc7813a30d4c8afa984873d7,group_0004
el_0023_part_001,FAKE,C:\Users\Harish\Downloads\ai-deepfake-detection\data\raw\fake\el_0023_part_001.flac,2.738,16000,el_0023,ElevenLabs,dda19e3c139cbb25887b29b010f0b699f7ebb75c71edd78b6d0de224aebe4d5a,group_1402
el_0024_part_001,FAKE,C:\Users\Harish\Downloads\ai-deepfake-detection\data\raw\fake\el_0024_part_001.flac,3.033,16000,el_0024,ElevenLabs,0e36a229619eaa48695e0a6c4b6fe36e948afeb30c9d4be6d45ed8084c6d8583,group_0089
el_0024_part_002,FAKE,C:\Users\Harish\Downloads\ai-deepfake-detection\data\raw\fake\el_0024_part_002.flac,3.742,16000,el_0024,ElevenLabs,7c0126a51fb04fc7c73f0273942fad0d65c471fe99e6e3f54d14d5ebfe90f7b2,group_0765
el_0024_part_003,FAKE,C:\Users\Harish\Downloads\ai-deepfake-detection\data\raw\fake\el_0024_part_003.flac,4.175,16000,el_0024,ElevenLabs,a02463ba561919352cd8cdd819f43d6842067ca6e52a6e84e9d1236dfb4970ba,group_1001
el_0024_part_004,FAKE,C:\Users\Harish\Downloads\ai-deepfake-detection\data\raw\fake\el_0024_part_004.flac,8.328,16000,el_0024,ElevenLabs,a36be355271247ed355b0f4a4ea6ac36425b3c405c5e2470ddf98b699cf41171,group_1023
el_0026_part_001,FAKE,C:\Users\Harish\Downloads\ai-deepfake-detection\data\raw\fake\el_0026_part_001.flac,7.131,16000,el_0026,ElevenLabs,635e29a7cf6403f642a76e77597ea86097f65967c13752f0e431c644750e934c,group_0605
el_0028_part_001,FAKE,C:\Users\Harish\Downloads\ai-deepfake-detection\data\raw\fake\el_0028_part_001.flac,2.903,16000,el_0028,ElevenLabs,6483e5ddd1c592aafd9cd484d131f59d5019b4b556ed476732584a939b1850e1,group_0612
hg_0001_c_part_005,FAKE,C:\Users\Harish\Downloads\ai-deepfake-detection\data\raw\fake\hg_0001_c_part_005.flac,3.375,16000,hg_0001,Hexgrad Kokoro,83b30af15e34632525039e53fdcc9097efb89ce07d8cdd2a3d50609957f38798,group_0814
hg_0001_part_001,FAKE,C:\Users\Harish\Downloads\ai-deepfake-detection\data\raw\fake\hg_0001_part_001.flac,6.453,16000,hg_0001,Hexgrad Kokoro,7bdf7577d16089c82bd5fc13143e9250e4b2555ccf73b256776de10de278859c,group_0763
hg_0001_part_002,FAKE,C:\Users\Harish\Downloads\ai-deepfake-detection\data\raw\fake\hg_0001_part_002.flac,3.076,16000,hg_0001,Hexgrad Kokoro,991849ff96bb4e6ddb983680aaaec6f42d82b2602b9a2b37648180dd9cb08e96,group_0954
hg_0001_part_003,FAKE,C:\Users\Harish\Downloads\ai-deepfake-detection\data\raw\fake\hg_0001_part_003.flac,3.511,16000,hg_0001,Hexgrad Kokoro,20297958026fd64586798485b32c9a6fa9f4da9addbbe79e96c02b316b31421e,group_0197
hg_0001_part_004,FAKE,C:\Users\Harish\Downloads\ai-deepfake-detection\data\raw\fake\hg_0001_part_004.flac,3.332,16000,hg_0001,Hexgrad Kokoro,23726410e1f5e599bb8792421daf29c3c23367654ddaea0ce39c1f0fbdc06f3b,group_0218
hg_0002_c_part_006,FAKE,C:\Users\Harish\Downloads\ai-deepfake-detection\data\raw\fake\hg_0002_c_part_006.flac,3.662,16000,hg_0002,Hexgrad Kokoro,d6ad0ba74cdd83b172407e9d1889c78f0b77514485708198ee90cf97fe78f038,group_1349
hg_0002_part_004,FAKE,C:\Users\Harish\Downloads\ai-deepfake-detection\data\raw\fake\hg_0002_part_004.flac,3.041,16000,hg_0002,Hexgrad Kokoro,3224cee018ae284f25314b15d8c217eece25276e29dc7e72d12e4f1acb343ad6,group_0302
hg_0002_part_005,FAKE,C:\Users\Harish\Downloads\ai-deepfake-detection\data\raw\fake\hg_0002_part_005.flac,2.979,16000,hg_0002,Hexgrad Kokoro,abcc1cd408407e6e34832be59f7cdb0bb6a58fa8f62de52dd4fc2292b7e6c8b0,group_1088
hg_0003_c_part_004,FAKE,C:\Users\Harish\Downloads\ai-deepfake-detection\data\raw\fake\hg_0003_c_part_004.flac,3.903,16000,hg_0003,Hexgrad Kokoro,d2503a724188d4d74a0a98cfc464d5137d4794a7f894b8be08d7b93680115735,group_1321
hg_0003_part_001,FAKE,C:\Users\Harish\Downloads\ai-deepfake-detection\data\raw\fake\hg_0003_part_001.flac,5.995,16000,hg_0003,Hexgrad Kokoro,1271ea7a92ddee38c30281f20af542ffbda681eb69f774dbad1760699ad83495,group_0112
hg_0003_part_002,FAKE,C:\Users\Harish\Downloads\ai-deepfake-detection\data\raw\fake\hg_0003_part_002.flac,7.576,16000,hg_0003,Hexgrad Kokoro,f305a7f5cc92d69dc427f3d60b0f4a38f032e2772393a0a686ab830e5cdb9010,group_1555
hg_0003_part_003,FAKE,C:\Users\Harish\Downloads\ai-deepfake-detection\data\raw\fake\hg_0003_part_003.flac,3.54,16000,hg_0003,Hexgrad Kokoro,a661b93185434139111ddf0cbb969778516481377268898ac8127133c17925a8,group_1037
hg_0004_c_part_004,FAKE,C:\Users\Harish\Downloads\ai-deepfake-detection\data\raw\fake\hg_0004_c_part_004.flac,4.362,16000,hg_0004,Hexgrad Kokoro,35b9d8af78d90a0f3a452750e1816890cb903fbca3e9009e94a27f0942681458,group_0322
hg_0004_c_part_005,FAKE,C:\Users\Harish\Downloads\ai-deepfake-detection\data\raw\fake\hg_0004_c_part_005.flac,3.534,16000,hg_0004,Hexgrad Kokoro,6efb156a0cd724127b1677cfac11cd71df5ca2daf19d363ff8dfb51f5121943e,group_0670
hg_0004_part_001,FAKE,C:\Users\Harish\Downloads\ai-deepfake-detection\data\raw\fake\hg_0004_part_001.flac,4.142,16000,hg_0004,Hexgrad Kokoro,073c1066a2d52c4f33aef05c0178c5ac3a81624c643e6827b860e53e8bf80a91,group_0035
hg_0005_c_part_006,FAKE,C:\Users\Harish\Downloads\ai-deepfake-detection\data\raw\fake\hg_0005_c_part_006.flac,3.711,16000,hg_0005,Hexgrad Kokoro,c3e7069aa3893be32994b81b3660c2360e516d2faf94e78b9723ced013e3d2a6,group_1232
hg_0005_part_003,FAKE,C:\Users\Harish\Downloads\ai-deepfake-detection\data\raw\fake\hg_0005_part_003.flac,3.693,16000,hg_0005,Hexgrad Kokoro,d9eb92400d3662d6e8afc6a6ca1f4600de7a33a22ffe13a1694da5c070b445b0,group_1369
hg_0006_c_part_005,FAKE,C:\Users\Harish\Downloads\ai-deepfake-detection\data\raw\fake\hg_0006_c_part_005.flac,3.139,16000,hg_0006,Hexgrad Kokoro,f68dfec838cb30e6b91dd62ab93bbc2b771d0fc43b97813f046bf2e921f9f1e4,group_1582
hg_0006_part_001,FAKE,C:\Users\Harish\Downloads\ai-deepfake-detection\data\raw\fake\hg_0006_part_001.flac,2.622,16000,hg_0006,Hexgrad Kokoro,06920c39f52e60c9feb8776afa70d99d745143c0783b213e493aec81c1263efb,group_0026
hg_0006_part_002,FAKE,C:\Users\Harish\Downloads\ai-deepfake-detection\data\raw\fake\hg_0006_part_002.flac,2.935,16000,hg_0006,Hexgrad Kokoro,b632bf56282d28047302ce7bb0ecee49f39cda4808cc0cb33685b7a1e45837ec,group_1156
hg_0006_part_003,FAKE,C:\Users\Harish\Downloads\ai-deepfake-detection\data\raw\fake\hg_0006_part_003.flac,3.225,16000,hg_0006,Hexgrad Kokoro,442cf455ec92a926d2c6ee5bf3a9d00c1a8853425782c9fd39a379a330bb61ec,group_0420
hg_0006_part_004,FAKE,C:\Users\Harish\Downloads\ai-deepfake-detection\data\raw\fake\hg_0006_part_004.flac,5.73,16000,hg_0006,Hexgrad Kokoro,0951d9c5484a5d34530e1bf12200f332e0f9001cf8d194897bb20433b09e192b,group_0052
hg_0007_part_001,FAKE,C:\Users\Harish\Downloads\ai-deepfake-detection\data\raw\fake\hg_0007_part_001.flac,5.538,16000,hg_0007,Hexgrad Kokoro,cb2dee493b26a6d39be5153fa5c9b8e44201a6cf57bb5eb51efdc6c25bfbea9d,group_1287
hg_0007_part_002,FAKE,C:\Users\Harish\Downloads\ai-deepfake-detection\data\raw\fake\hg_0007_part_002.flac,4.547,16000,hg_0007,Hexgrad Kokoro,d6a184159245605e7f04f6601d539d7848050a6862c9ac0cc9b139fca22a9b36,group_1348
hg_0007_part_003,FAKE,C:\Users\Harish\Downloads\ai-deepfake-detection\data\raw\fake\hg_0007_part_003.flac,6.646,16000,hg_0007,Hexgrad Kokoro,12f474b5e974b0ea12a100b279b1503033e4c13ccb1d6014a9d713110d9d5e6c,group_0116
hg_0008_c_part_005,FAKE,C:\Users\Harish\Downloads\ai-deepfake-detection\data\raw\fake\hg_0008_c_part_005.flac,3.163,16000,hg_0008,Hexgrad Kokoro,c2ff0f4ce7890f23958a1d5d77b9089f465c84bb089e18450560e512e9eecfe2,group_1230
hg_0008_part_001,FAKE,C:\Users\Harish\Downloads\ai-deepfake-detection\data\raw\fake\hg_0008_part_001.flac,5.939,16000,hg_0008,Hexgrad Kokoro,06c37eec957a6b44446f4e85da8e8c29411aeda4799a4ebd4d2517897e16e059,group_0029
hg_0008_part_002,FAKE,C:\Users\Harish\Downloads\ai-deepfake-detection\data\raw\fake\hg_0008_part_002.flac,2.969,16000,hg_0008,Hexgrad Kokoro,29d23ce8719271535ab859b9c493ed5687165dc1c208f176cfe0d06b67a6aa40,group_0255
hg_0008_part_003,FAKE,C:\Users\Harish\Downloads\ai-deepfake-detection\data\raw\fake\hg_0008_part_003.flac,2.975,16000,hg_0008,Hexgrad Kokoro,782ce29a67212d43515e2b1b6b99f71a52598f251d0d3f33f19396bf2b6cb91c,group_0746
hg_0008_part_004,FAKE,C:\Users\Harish\Downloads\ai-deepfake-detection\data\raw\fake\hg_0008_part_004.flac,2.867,16000,hg_0008,Hexgrad Kokoro,7378db297aebd9739e4fac36409dd589b8b8060293f47ef0d7902ed79029cd49,group_0711
hg_0009_c_part_004,FAKE,C:\Users\Harish\Downloads\ai-deepfake-detection\data\raw\fake\hg_0009_c_part_004.flac,3.782,16000,hg_0009,Hexgrad Kokoro,f10c0c674bd7e4977c5874a6ec685e4d259ae738e180b985c1cc65ca49346394,group_1538
hg_0009_c_part_006,FAKE,C:\Users\Harish\Downloads\ai-deepfake-detection\data\raw\fake\hg_0009_c_part_006.flac,3.368,16000,hg_0009,Hexgrad Kokoro,22f040bdf5fb2d650ffd76270444590bcd520e934ca2bfb47cfbc581a2e24199,group_0215
hg_0009_part_001,FAKE,C:\Users\Harish\Downloads\ai-deepfake-detection\data\raw\fake\hg_0009_part_001.flac,11.571,16000,hg_0009,Hexgrad Kokoro,d776b85cab3a1bc12a07ca71a4c5022bee784cd7339f6df6232d8e0aedda8032,group_1354
hg_0009_part_002,FAKE,C:\Users\Harish\Downloads\ai-deepfake-detection\data\raw\fake\hg_0009_part_002.flac,5.661,16000,hg_0009,Hexgrad Kokoro,4c80911fa4dc758a39e17ccbf8b37ec16e463ba0cfa3a824a6edd28302acab54,group_0468
hg_0010_c_part_005,FAKE,C:\Users\Harish\Downloads\ai-deepfake-detection\data\raw\fake\hg_0010_c_part_005.flac,2.648,16000,hg_0010,Hexgrad Kokoro,4869884dbd0dea910ae75aa596f8efcae5177725c45e9c5e74316202c614a90b,group_0446
hg_0010_part_002,FAKE,C:\Users\Harish\Downloads\ai-deepfake-detection\data\raw\fake\hg_0010_part_002.flac,3.32,16000,hg_0010,Hexgrad Kokoro,a8a905fbc96ccb82093cc7ff7b2b2bdc02f1eb7a6385731538dfb0380f436678,group_1063
hg_0010_part_003,FAKE,C:\Users\Harish\Downloads\ai-deepfake-detection\data\raw\fake\hg_0010_part_003.flac,5.094,16000,hg_0010,Hexgrad Kokoro,6085474d870bef7813ef3842943dad7091c9369fdf7cff19e574e3a31c2b484b,group_0582
hg_0011_c_part_005,FAKE,C:\Users\Harish\Downloads\ai-deepfake-detection\data\raw\fake\hg_0011_c_part_005.flac,3.373,16000,hg_0011,Hexgrad Kokoro,38718ff0d1a89a695269e7e1b7e41f1c00dc8c3c2e385d8e56eb79d9877b9043,group_0343
hg_0011_part_001,FAKE,C:\Users\Harish\Downloads\ai-deepfake-detection\data\raw\fake\hg_0011_part_001.flac,4.529,16000,hg_0011,Hexgrad Kokoro,5352b2ffb5af7e02a8dd377053243641e7f5348b23913ecf1e0fa59d937bab15,group_0509
hg_0011_part_002,FAKE,C:\Users\Harish\Downloads\ai-deepfake-detection\data\raw\fake\hg_0011_part_002.flac,4.461,16000,hg_0011,Hexgrad Kokoro,b1284d17ac678b2f8f4266f5f415834b8e7a69bf6c62a439a0a19f5b01f6be4b,group_1122
hg_0011_part_004,FAKE,C:\Users\Harish\Downloads\ai-deepfake-detection\data\raw\fake\hg_0011_part_004.flac,4.386,16000,hg_0011,Hexgrad Kokoro,198c527c16d236987da6f9e9cd3cb7f8a7e3fa2ba827790d975f175f0d92198c,group_0161
hg_0012_part_002,FAKE,C:\Users\Harish\Downloads\ai-deepfake-detection\data\raw\fake\hg_0012_part_002.flac,2.671,16000,hg_0012,Hexgrad Kokoro,06c613111ab2397685c973e81817310f5fc27904ae1ecdf542076297f4705d73,group_0030
hg_0012_part_003,FAKE,C:\Users\Harish\Downloads\ai-deepfake-detection\data\raw\fake\hg_0012_part_003.flac,3.43,16000,hg_0012,Hexgrad Kokoro,3e477bacdc4b7c5ef2978e0aa1a6dc0cc84b1482b2f1a94e7f0fcb1492af8c05,group_0381
hg_0012_part_005,FAKE,C:\Users\Harish\Downloads\ai-deepfake-detection\data\raw\fake\hg_0012_part_005.flac,2.713,16000,hg_0012,Hexgrad Kokoro,d8e43e7371b6a209cd92d6583a7c7206d1f702814c79e5014ca7da7185f89a9e,group_1362
hg_0013_c_part_005,FAKE,C:\Users\Harish\Downloads\ai-deepfake-detection\data\raw\fake\hg_0013_c_part_005.flac,3.129,16000,hg_0013,Hexgrad Kokoro,a25c1a78913cfd397f4fd7cc74ade0972cdc6c810bbd020a8d0e68d903fc8bb8,group_1013
hg_0013_c_part_006,FAKE,C:\Users\Harish\Downloads\ai-deepfake-detection\data\raw\fake\hg_0013_c_part_006.flac,3.163,16000,hg_0013,Hexgrad Kokoro,5608765180f37d5574f2899fca1be9a4826cb8b7efeeee362fb24f9a86647e23,group_0523
hg_0013_part_003,FAKE,C:\Users\Harish\Downloads\ai-deepfake-detection\data\raw\fake\hg_0013_part_003.flac,5.851,16000,hg_0013,Hexgrad Kokoro,991ca2a04902289b1d4bfdcdeb3c36fd3ec5ad4b21fdbcb28e09529d3e810f03,group_0956
hg_0013_part_004,FAKE,C:\Users\Harish\Downloads\ai-deepfake-detection\data\raw\fake\hg_0013_part_004.flac,2.674,16000,hg_0013,Hexgrad Kokoro,98cf4da4bfbdd15584bab208fdf37d1e547cd585fad0835c3d37d79d57856bac,group_0951
hu_0001_c_part_012,FAKE,C:\Users\Harish\Downloads\ai-deepfake-detection\data\raw\fake\hu_0001_c_part_012.flac,3.321,16000,hu_0001,Hume AI,9edaf3c8831e9138b05673af238a4469f853518f07fb6a1b198fb42cd75512f4,group_0991
hu_0001_c_part_014,FAKE,C:\Users\Harish\Downloads\ai-deepfake-detection\data\raw\fake\hu_0001_c_part_014.flac,4.061,16000,hu_0001,Hume AI,b58a9b3b38e99d1cf8cdc0402f8413767ba2ae82cbd7f734c130ef94e998341c,group_1154
hu_0001_part_001,FAKE,C:\Users\Harish\Downloads\ai-deepfake-detection\data\raw\fake\hu_0001_part_001.flac,8.831,16000,hu_0001,Hume AI,4def42c9d5bed57b7c6d352a9ca7a3b4c9be8580eef566a1b2700d24c49b2510,group_0475
hu_0001_part_002,FAKE,C:\Users\Harish\Downloads\ai-deepfake-detection\data\raw\fake\hu_0001_part_002.flac,3.689,16000,hu_0001,Hume AI,5031b839c518cdcdcaf0d67816219df521dcc2388f18273de48c6ed492a0b68a,group_0492
hu_0001_part_003,FAKE,C:\Users\Harish\Downloads\ai-deepfake-detection\data\raw\fake\hu_0001_part_003.flac,8.691,16000,hu_0001,Hume AI,b963b7bc26b65f326288e66ac7a76ad9f287bb81f2e0e2173febf21c4193b49a,group_1171
hu_0001_part_004,FAKE,C:\Users\Harish\Downloads\ai-deepfake-detection\data\raw\fake\hu_0001_part_004.flac,3.631,16000,hu_0001,Hume AI,1ca3ec896f07efae3c1da158aa50b32f5622404d65961fd16f1f812ffcc41c26,group_0181
hu_0001_part_006,FAKE,C:\Users\Harish\Downloads\ai-deepfake-detection\data\raw\fake\hu_0001_part_006.flac,2.618,16000,hu_0001,Hume AI,9c7837ee6e6df37b2543d2c310c184505dd544a00f44547d17319759ba3256ed,group_0974
hu_0001_part_007,FAKE,C:\Users\Harish\Downloads\ai-deepfake-detection\data\raw\fake\hu_0001_part_007.flac,3.253,16000,hu_0001,Hume AI,fec557771a684c11983c5147d1899aeed063b09f71209110e430a8a705a2c093,group_1640
hu_0001_part_009,FAKE,C:\Users\Harish\Downloads\ai-deepfake-detection\data\raw\fake\hu_0001_part_009.flac,4.137,16000,hu_0001,Hume AI,3147321edb3c0c752a1655f69ebb3c3c5214a888affeefa153cec1121f9931a9,group_0299
hu_0001_part_010,FAKE,C:\Users\Harish\Downloads\ai-deepfake-detection\data\raw\fake\hu_0001_part_010.flac,3.79,16000,hu_0001,Hume AI,fef66569d27851db0bd0573992712bdecd7980e09f08502fcb868d49a62a15ab,group_1642
hu_0001_part_011,FAKE,C:\Users\Harish\Downloads\ai-deepfake-detection\data\raw\fake\hu_0001_part_011.flac,2.911,16000,hu_0001,Hume AI,17ec0c906ef3adc1b294859eeba72a2597ad6ac2df854103add2ba874667ee60,group_0147
hu_0002_c_part_011,FAKE,C:\Users\Harish\Downloads\ai-deepfake-detection\data\raw\fake\hu_0002_c_part_011.flac,2.933,16000,hu_0002,Hume AI,50c1bdf08123c3e3a069ef5738dd68aa2fda289afdf99fdb3e89d44a889c3125,group_0493
hu_0002_c_part_012,FAKE,C:\Users\Harish\Downloads\ai-deepfake-detection\data\raw\fake\hu_0002_c_part_012.flac,3.802,16000,hu_0002,Hume AI,2711da6b32f86f08433abaefe6d9b112494984a37bb5ce1f9f2787f5789408f9,group_0240
hu_0002_c_part_013,FAKE,C:\Users\Harish\Downloads\ai-deepfake-detection\data\raw\fake\hu_0002_c_part_013.flac,2.698,16000,hu_0002,Hume AI,2b8fcd7a2c6d26bdf7c77df7f63c60a317ba463229664ade5d5d291a83935a20,group_0270
hu_0002_part_001,FAKE,C:\Users\Harish\Downloads\ai-deepfake-detection\data\raw\fake\hu_0002_part_001.flac,4.795,16000,hu_0002,Hume AI,be28f2637abc0784f925516f9c000bb1abba59ea8f7b06bbce34162e581b7677,group_1194
hu_0002_part_002,FAKE,C:\Users\Harish\Downloads\ai-deepfake-detection\data\raw\fake\hu_0002_part_002.flac,3.735,16000,hu_0002,Hume AI,b493bacf2231901b138de28cbece72299afd7efd66ec4028f859044a4936a4c7,group_1146
hu_0002_part_006,FAKE,C:\Users\Harish\Downloads\ai-deepfake-detection\data\raw\fake\hu_0002_part_006.flac,4.104,16000,hu_0002,Hume AI,e78f56748cabc89d1d507b1c3f1139784b3b00257f73bd7d6395fbadc7725ba1,group_1470
hu_0002_part_007,FAKE,C:\Users\Harish\Downloads\ai-deepfake-detection\data\raw\fake\hu_0002_part_007.flac,3.067,16000,hu_0002,Hume AI,da9e4a259f80360654b0cf50b555f9b1be602d4cd1f23fdd012bb4b59ab01a85,group_1373
hu_0002_part_008,FAKE,C:\Users\Harish\Downloads\ai-deepfake-detection\data\raw\fake\hu_0002_part_008.flac,3.409,16000,hu_0002,Hume AI,f04c4ce374055c2b0057245a35b6aa8d62b3a4d239ef30acbbbe77dd76d8ba6f,group_1531
hu_0003_c_part_003,FAKE,C:\Users\Harish\Downloads\ai-deepfake-detection\data\raw\fake\hu_0003_c_part_003.flac,4.437,16000,hu_0003,Hume AI,939c5176b64bfa8ade921cc8f1c99c85c603643be1a111c7ce94bff830dca92a,group_0916
hu_0003_c_part_004,FAKE,C:\Users\Harish\Downloads\ai-deepfake-detection\data\raw\fake\hu_0003_c_part_004.flac,4.397,16000,hu_0003,Hume AI,a66b40f4b2330ec5fcc911c8b2a7be4ec0f518bbfc8753f632366c268dd6d610,group_1038
hu_0003_c_part_005,FAKE,C:\Users\Harish\Downloads\ai-deepfake-detection\data\raw\fake\hu_0003_c_part_005.flac,3.964,16000,hu_0003,Hume AI,7af9af9a6c3f55f3f9cf14f536f1976a6ef18b151dabb534cd1e1ada73c2ba07,group_0758
hu_0003_c_part_007,FAKE,C:\Users\Harish\Downloads\ai-deepfake-detection\data\raw\fake\hu_0003_c_part_007.flac,4.227,16000,hu_0003,Hume AI,418a9286ac2498bb0fad53087569da90469b370c84eca0db8ae9881a949b01b3,group_0402
hu_0003_part_001,FAKE,C:\Users\Harish\Downloads\ai-deepfake-detection\data\raw\fake\hu_0003_part_001.flac,2.577,16000,hu_0003,Hume AI,656a24d2f8bbacb8b45f998dd60969267df5b110b18a6ba9e375a3437066be8e,group_0618
hu_0004_c_part_012,FAKE,C:\Users\Harish\Downloads\ai-deepfake-detection\data\raw\fake\hu_0004_c_part_012.flac,4.253,16000,hu_0004,Hume AI,ca3c7386937d465cd11a2f73611ae1daf2c985333e5330baacaf9bcc15dc8ee2,group_1276
hu_0004_c_part_013,FAKE,C:\Users\Harish\Downloads\ai-deepfake-detection\data\raw\fake\hu_0004_c_part_013.flac,2.741,16000,hu_0004,Hume AI,fa542821fed2d49387d3d16b00e3357ba630bae6b11f3190a61108b8801a2379,group_1617
hu_0004_c_part_015,FAKE,C:\Users\Harish\Downloads\ai-deepfake-detection\data\raw\fake\hu_0004_c_part_015.flac,3.06,16000,hu_0004,Hume AI,8e87ff983614a52ed93618b95601fd1bb171e74a389e142db7278f4dcd8b068b,group_0881
hu_0004_c_part_016,FAKE,C:\Users\Harish\Downloads\ai-deepfake-detection\data\raw\fake\hu_0004_c_part_016.flac,2.68,16000,hu_0004,Hume AI,aa0d9cf4cb66a369da38bab8a8755646990f1b1c90263004fef8ade39fb8e2ab,group_1072
hu_0004_c_part_017,FAKE,C:\Users\Harish\Downloads\ai-deepfake-detection\data\raw\fake\hu_0004_c_part_017.flac,3.241,16000,hu_0004,Hume AI,60c9840cde76649bb3ed045661c3ac6ff527c04b7aafa67c499473400e0330de,group_0584
hu_0004_part_003,FAKE,C:\Users\Harish\Downloads\ai-deepfake-detection\data\raw\fake\hu_0004_part_003.flac,2.552,16000,hu_0004,Hume AI,0d4748b2780d2485d14e7bbb9168a116ae7d05a8e1bbf81fb123d76382d3a6de,group_0084
hu_0004_part_006,FAKE,C:\Users\Harish\Downloads\ai-deepfake-detection\data\raw\fake\hu_0004_part_006.flac,3.375,16000,hu_0004,Hume AI,e5970735d77a16e0c2643a4ad3b0360f17208f0fcd4357205db5417167e70837,group_1453
hu_0004_part_008,FAKE,C:\Users\Harish\Downloads\ai-deepfake-detection\data\raw\fake\hu_0004_part_008.flac,3.723,16000,hu_0004,Hume AI,6a35478a639b5a836ecd36d8fab1fde7663ab8b5a1de9f3585869eb65afdce64,group_0648
hu_0004_part_009,FAKE,C:\Users\Harish\Downloads\ai-deepfake-detection\data\raw\fake\hu_0004_part_009.flac,2.826,16000,hu_0004,Hume AI,1b7e484ad682beedf0605bff8b827196a3d16c7636451dea6bd9c9d264f43b1b,group_0178
hu_0004_part_010,FAKE,C:\Users\Harish\Downloads\ai-deepfake-detection\data\raw\fake\hu_0004_part_010.flac,2.864,16000,hu_0004,Hume AI,365f9095cc241ae7e3047e1da53f7a9e0a413709cb5e5b06a0e5571e35088457,group_0327
hu_0004_part_011,FAKE,C:\Users\Harish\Downloads\ai-deepfake-detection\data\raw\fake\hu_0004_part_011.flac,3.986,16000,hu_0004,Hume AI,3d3875dbb8f350ec1a3a84503fe39153d6a393a4fc14cce850c9f392bc43317b,group_0371
hu_0005_c_part_014,FAKE,C:\Users\Harish\Downloads\ai-deepfake-detection\data\raw\fake\hu_0005_c_part_014.flac,2.744,16000,hu_0005,Hume AI,6dc34aa35c3b65431c4376e61c6262d70885f9a7b64feed072c8927fbe0ad71c,group_0666
hu_0005_c_part_015,FAKE,C:\Users\Harish\Downloads\ai-deepfake-detection\data\raw\fake\hu_0005_c_part_015.flac,3.199,16000,hu_0005,Hume AI,30e8820c84ad3517256a74bb4bcbc2527b005165c43cacba7ea1ea88fb1609b3,group_0298
hu_0005_c_part_016,FAKE,C:\Users\Harish\Downloads\ai-deepfake-detection\data\raw\fake\hu_0005_c_part_016.flac,2.719,16000,hu_0005,Hume AI,0c54511574bedf74a7733a14ab1de5b3f429973327620b427968d7e22f640752,group_0077
hu_0005_c_part_017,FAKE,C:\Users\Harish\Downloads\ai-deepfake-detection\data\raw\fake\hu_0005_c_part_017.flac,3.137,16000,hu_0005,Hume AI,645f3bb4973816a4441a590a788a01ca8b02974f08227a7a973a6c3d531aa7fc,group_0610
hu_0005_c_part_018,FAKE,C:\Users\Harish\Downloads\ai-deepfake-detection\data\raw\fake\hu_0005_c_part_018.flac,3.604,16000,hu_0005,Hume AI,256b1dd540559aeeaa8a4df9a172044cee7221c6d18aa8c1e85f259ef5a838cb,group_0233
hu_0005_part_001,FAKE,C:\Users\Harish\Downloads\ai-deepfake-detection\data\raw\fake\hu_0005_part_001.flac,4.522,16000,hu_0005,Hume AI,2c167a7222478208ddf0b8a529f80c4fa5bee2d693827a56e07c7b6dd76143bd,group_0274
hu_0005_part_002,FAKE,C:\Users\Harish\Downloads\ai-deepfake-detection\data\raw\fake\hu_0005_part_002.flac,4.252,16000,hu_0005,Hume AI,1c5080e81b1bab211fbedd907846a0c26d86e6dc782312671960e4d659efeb35,group_0180
hu_0005_part_003,FAKE,C:\Users\Harish\Downloads\ai-deepfake-detection\data\raw\fake\hu_0005_part_003.flac,4.999,16000,hu_0005,Hume AI,32d729a31e5d89a095414a2b0c96f0850eae00ad7c5d7c9b72d2bb0c3817dd22,group_0305
hu_0005_part_005,FAKE,C:\Users\Harish\Downloads\ai-deepfake-detection\data\raw\fake\hu_0005_part_005.flac,3.432,16000,hu_0005,Hume AI,83082ec9ffa867e0fa3cd9709146439914578bf16b5dfd3befa16d067d757cab,group_0807
hu_0005_part_006,FAKE,C:\Users\Harish\Downloads\ai-deepfake-detection\data\raw\fake\hu_0005_part_006.flac,3.376,16000,hu_0005,Hume AI,3aee0062b72589cf31ce4f75b75703eb8d3dc281a2cf1590be1dfd8275f197a1,group_0359
hu_0005_part_007,FAKE,C:\Users\Harish\Downloads\ai-deepfake-detection\data\raw\fake\hu_0005_part_007.flac,2.702,16000,hu_0005,Hume AI,fe51ed4d66e6b9618487dae923756be28fca98c34c3e01e31dada014f3a68b93,group_1636
hu_0005_part_008,FAKE,C:\Users\Harish\Downloads\ai-deepfake-detection\data\raw\fake\hu_0005_part_008.flac,3.509,16000,hu_0005,Hume AI,d796f05f0595d4ef41feb61b0161634eb8b10bfe3e00b28a472ee9b8877e5cd9,group_1355
hu_0005_part_009,FAKE,C:\Users\Harish\Downloads\ai-deepfake-detection\data\raw\fake\hu_0005_part_009.flac,2.802,16000,hu_0005,Hume AI,c2c7bc61cd2511636f44a2ee2ce5aaef4d4927f9b16bdb50a5a7dfc6d73722dc,group_1227
hu_0005_part_010,FAKE,C:\Users\Harish\Downloads\ai-deepfake-detection\data\raw\fake\hu_0005_part_010.flac,2.779,16000,hu_0005,Hume AI,188c7183f3d6339713f04f7781d6847a8f97e2334eb60c0d34eb630e9f54f1d4,group_0153
hu_0005_part_011,FAKE,C:\Users\Harish\Downloads\ai-deepfake-detection\data\raw\fake\hu_0005_part_011.flac,4.304,16000,hu_0005,Hume AI,9548239ebaa461063f201990e2063c20937476fc43f06a4b3ccca395edc1940f,group_0930
hu_0006_c_part_006,FAKE,C:\Users\Harish\Downloads\ai-deepfake-detection\data\raw\fake\hu_0006_c_part_006.flac,4.413,16000,hu_0006,Hume AI,0bf936604568089a2f2a23dcf11e65ed3481d821923a5a8a55c53764cae5bd65,group_0071
hu_0006_part_002,FAKE,C:\Users\Harish\Downloads\ai-deepfake-detection\data\raw\fake\hu_0006_part_002.flac,7.583,16000,hu_0006,Hume AI,2aa5b89e33a85d24b837d40023af4aaac31376d4bf6d4c8a407a11d75adde77f,group_0263
hu_0006_part_003,FAKE,C:\Users\Harish\Downloads\ai-deepfake-detection\data\raw\fake\hu_0006_part_003.flac,3.004,16000,hu_0006,Hume AI,8e375f33ad271425959c8ca5e8d88d0488cb6de4794bd4fc44b8e28c0140fa32,group_0878
hu_0006_part_004,FAKE,C:\Users\Harish\Downloads\ai-deepfake-detection\data\raw\fake\hu_0006_part_004.flac,3.136,16000,hu_0006,Hume AI,c4115510476e2ed21c801561d2b937531395353399b3dd6c9cc31202348c44e6,group_1234
hu_0006_part_005,FAKE,C:\Users\Harish\Downloads\ai-deepfake-detection\data\raw\fake\hu_0006_part_005.flac,2.724,16000,hu_0006,Hume AI,dde568404090aff29b1006ec2bf899f13686d13f972c8ec1f79788a9b025a103,group_1404
hu_0007_c_part_006,FAKE,C:\Users\Harish\Downloads\ai-deepfake-detection\data\raw\fake\hu_0007_c_part_006.flac,4.482,16000,hu_0007,Hume AI,af67e1b3c4ba85239236345f484ed474d4af3a9d8dbbd229de3d63614054e5ca,group_1107
hu_0007_c_part_007,FAKE,C:\Users\Harish\Downloads\ai-deepfake-detection\data\raw\fake\hu_0007_c_part_007.flac,4.7,16000,hu_0007,Hume AI,10a5d0c80b90e3f3507d21f70e5b578da505a882cf0d1b2d7e679f07eff9611a,group_0105
hu_0007_c_part_008,FAKE,C:\Users\Harish\Downloads\ai-deepfake-detection\data\raw\fake\hu_0007_c_part_008.flac,4.008,16000,hu_0007,Hume AI,a400efd656beb40e4c4db7b9ba41781e1e3b169934d76e548644a3cb9d43734a,group_1030
hu_0007_part_003,FAKE,C:\Users\Harish\Downloads\ai-deepfake-detection\data\raw\fake\hu_0007_part_003.flac,5.55,16000,hu_0007,Hume AI,3cb379d5c232669b44b54abcd4c8ccb8d2f7b0586b7ed8c9f2c985960c59b7f0,group_0368
hu_0007_part_004,FAKE,C:\Users\Harish\Downloads\ai-deepfake-detection\data\raw\fake\hu_0007_part_004.flac,3.378,16000,hu_0007,Hume AI,c1278cd0448b4363de6aa144cb9c02fcd6535936c3fc7e4ce593b8ff71031aa4,group_1214
hu_0008_c_part_005,FAKE,C:\Users\Harish\Downloads\ai-deepfake-detection\data\raw\fake\hu_0008_c_part_005.flac,3.785,16000,hu_0008,Hume AI,7abe4d233166cd0d1ebee1da2b54bbacbcd19c72763db3d6c52cf84caa4d06c0,group_0756
hu_0008_c_part_006,FAKE,C:\Users\Harish\Downloads\ai-deepfake-detection\data\raw\fake\hu_0008_c_part_006.flac,3.1,16000,hu_0008,Hume AI,b2d1005daaab366660332bd24976aa944237d6530cce4dae72c73b8a46e2768e,group_1132
hu_0008_c_part_010,FAKE,C:\Users\Harish\Downloads\ai-deepfake-detection\data\raw\fake\hu_0008_c_part_010.flac,2.686,16000,hu_0008,Hume AI,d632ff89f97a4e426ae0d16c7542f2ae7bb9dc4eeffa26e958ed6571665dd352,group_1344
hu_0008_c_part_012,FAKE,C:\Users\Harish\Downloads\ai-deepfake-detection\data\raw\fake\hu_0008_c_part_012.flac,2.531,16000,hu_0008,Hume AI,c0087c7d045c679f11ffd988f839e6d10e0860bd7600bdbf527a9e27bf5f57cf,group_1206
hu_0008_c_part_013,FAKE,C:\Users\Harish\Downloads\ai-deepfake-detection\data\raw\fake\hu_0008_c_part_013.flac,3.772,16000,hu_0008,Hume AI,442168f511862ee94e55f3b333f92225f257e23a7881cc3ea405afaca4769fac,group_0418
hu_0008_c_part_014,FAKE,C:\Users\Harish\Downloads\ai-deepfake-detection\data\raw\fake\hu_0008_c_part_014.flac,2.735,16000,hu_0008,Hume AI,8899eea50aae230122ce85865db0ed7109da75eb7fdc793fa52d0576541b29b6,group_0849
hu_0008_c_part_015,FAKE,C:\Users\Harish\Downloads\ai-deepfake-detection\data\raw\fake\hu_0008_c_part_015.flac,3.359,16000,hu_0008,Hume AI,4b95b920b6d7345cb97fae4f49031cafc23c0baf93bafb1be74f0ba7ea7e672f,group_0457
hu_0008_c_part_016,FAKE,C:\Users\Harish\Downloads\ai-deepfake-detection\data\raw\fake\hu_0008_c_part_016.flac,3.587,16000,hu_0008,Hume AI,f56cddd4185f404b412cb4d38180bf688ca92172c84e61612236242cc85a2801,group_1575
hu_0008_c_part_018,FAKE,C:\Users\Harish\Downloads\ai-deepfake-detection\data\raw\fake\hu_0008_c_part_018.flac,2.598,16000,hu_0008,Hume AI,464f1b72bd575c0c6d892ff174db7ef7cae7b18c3650fbb8d7715bc5719e6c81,group_0432
hu_0008_part_001,FAKE,C:\Users\Harish\Downloads\ai-deepfake-detection\data\raw\fake\hu_0008_part_001.flac,2.76,16000,hu_0008,Hume AI,477216750f0fd7bf47fc4227181613d20e5da14ef916f176427724f1f49e8514,group_0440
hu_0008_part_002,FAKE,C:\Users\Harish\Downloads\ai-deepfake-detection\data\raw\fake\hu_0008_part_002.flac,3.778,16000,hu_0008,Hume AI,6de3be97722f820830935a32a3032b9f8bb5111cbd5f33af9343f65823f64cfb,group_0668
hu_0008_part_003,FAKE,C:\Users\Harish\Downloads\ai-deepfake-detection\data\raw\fake\hu_0008_part_003.flac,2.535,16000,hu_0008,Hume AI,2e84732b1f070f433351c885b1f92f6edb398027dc47b3eb0fc4f959e22a3662,group_0288
hu_0009_c_part_010,FAKE,C:\Users\Harish\Downloads\ai-deepfake-detection\data\raw\fake\hu_0009_c_part_010.flac,4.111,16000,hu_0009,Hume AI,418a564ab10fc77c609de545b654be456c37368883c8eab5d94edd9272a51ea4,group_0401
hu_0009_c_part_011,FAKE,C:\Users\Harish\Downloads\ai-deepfake-detection\data\raw\fake\hu_0009_c_part_011.flac,3.713,16000,hu_0009,Hume AI,619967ae96326e853bf59dce011e74ffb07ab254dfffae27369b77e8be2f8fb4,group_0591
hu_0009_c_part_012,FAKE,C:\Users\Harish\Downloads\ai-deepfake-detection\data\raw\fake\hu_0009_c_part_012.flac,4.288,16000,hu_0009,Hume AI,dca96f0d1afd816318b327e7736f19693d28437ba2d70d57b0f021d8d6c59541,group_1389
hu_0009_part_002,FAKE,C:\Users\Harish\Downloads\ai-deepfake-detection\data\raw\fake\hu_0009_part_002.flac,3.633,16000,hu_0009,Hume AI,0870734fb6fce8afa9682e803b8608a9c36ff04674be203da7fe38084f8d7fce,group_0042
hu_0009_part_004,FAKE,C:\Users\Harish\Downloads\ai-deepfake-detection\data\raw\fake\hu_0009_part_004.flac,2.682,16000,hu_0009,Hume AI,f373ca8bfcc8ebcbfeb25ecbfcb0ac28bb77afed33095b8e80637bf081052cc4,group_1560
hu_0009_part_006,FAKE,C:\Users\Harish\Downloads\ai-deepfake-detection\data\raw\fake\hu_0009_part_006.flac,4.164,16000,hu_0009,Hume AI,1ed8157fa520e94c80c3db781df38b85bd63a85e22c24b573502509f41abf2e1,group_0191
hu_0009_part_007,FAKE,C:\Users\Harish\Downloads\ai-deepfake-detection\data\raw\fake\hu_0009_part_007.flac,3.175,16000,hu_0009,Hume AI,f72203de42e643e5a5e061ffe9fe1e1756667e469ae456a5e14b0fc5e7a68684,group_1588
hu_0009_part_008,FAKE,C:\Users\Harish\Downloads\ai-deepfake-detection\data\raw\fake\hu_0009_part_008.flac,3.547,16000,hu_0009,Hume AI,73015ea47c5fa67c581903f8e42bf815b9bc0b1c085ec1413b44556b59840610,group_0707
hu_0009_part_009,FAKE,C:\Users\Harish\Downloads\ai-deepfake-detection\data\raw\fake\hu_0009_part_009.flac,2.535,16000,hu_0009,Hume AI,cb12b2f9474a22f66ea6c631fb6733fd5760d5ac00d1cc1887eae1368ae32d5c,group_1285
lv_0001_c_part_020,FAKE,C:\Users\Harish\Downloads\ai-deepfake-detection\data\raw\fake\lv_0001_c_part_020.flac,4.337,16000,lv_0001,Luvvoice,02e5c1e4e57550513aef78c1ecc2f571917ac7c05491af17d0d55b3504e982c9,group_0011
lv_0001_c_part_021,FAKE,C:\Users\Harish\Downloads\ai-deepfake-detection\data\raw\fake\lv_0001_c_part_021.flac,3.779,16000,lv_0001,Luvvoice,96c0887183d17de19a8b3663036193e6995ad657949971ae0ace0b407ccf5b8a,group_0938
lv_0001_c_part_022,FAKE,C:\Users\Harish\Downloads\ai-deepfake-detection\data\raw\fake\lv_0001_c_part_022.flac,2.703,16000,lv_0001,Luvvoice,93abe90663b59235f37c444b3838e39f2e840d1547ccc74dcedf411bf1f4cc28,group_0919
lv_0001_c_part_023,FAKE,C:\Users\Harish\Downloads\ai-deepfake-detection\data\raw\fake\lv_0001_c_part_023.flac,4.139,16000,lv_0001,Luvvoice,156aeddb2eb1cce3e5bad68810d41b278cc8f3fc91c0c9372e0125cfa5d58390,group_0131
lv_0001_c_part_024,FAKE,C:\Users\Harish\Downloads\ai-deepfake-detection\data\raw\fake\lv_0001_c_part_024.flac,3.021,16000,lv_0001,Luvvoice,8b6b7ca1e4776311fe0734d881728068b1c21a628cfc6ff171eee1e414ad3575,group_0861
lv_0001_part_002,FAKE,C:\Users\Harish\Downloads\ai-deepfake-detection\data\raw\fake\lv_0001_part_002.flac,5.171,16000,lv_0001,Luvvoice,24c7aaa33db21ebe70c174c7e0c212e39386a8053c0f102ac7b44d9013e72e84,group_0229
lv_0001_part_003,FAKE,C:\Users\Harish\Downloads\ai-deepfake-detection\data\raw\fake\lv_0001_part_003.flac,2.976,16000,lv_0001,Luvvoice,dc521b48f63b8e2668aa4046e6da7054f0c14fb43957bac3ddcc768c9f2140e6,group_1387
lv_0001_part_004,FAKE,C:\Users\Harish\Downloads\ai-deepfake-detection\data\raw\fake\lv_0001_part_004.flac,8.052,16000,lv_0001,Luvvoice,1ee1f800f0ac330a7cbd6e221c2137bb47b9eb7f2bdcc1e17abc5ea46aa08e8f,group_0192
lv_0001_part_007,FAKE,C:\Users\Harish\Downloads\ai-deepfake-detection\data\raw\fake\lv_0001_part_007.flac,2.71,16000,lv_0001,Luvvoice,aa99f93e9a2bc89ddd7209f136e8c736758fc415eb35bd62d920a5a9d15fbfa9,group_1077
lv_0001_part_008,FAKE,C:\Users\Harish\Downloads\ai-deepfake-detection\data\raw\fake\lv_0001_part_008.flac,5.497,16000,lv_0001,Luvvoice,2b8c6430154bda1c39796f3ba1a11a9eb0d83b4d5ee25feb455afb54c3e07136,group_0269
lv_0001_part_009,FAKE,C:\Users\Harish\Downloads\ai-deepfake-detection\data\raw\fake\lv_0001_part_009.flac,2.72,16000,lv_0001,Luvvoice,1a2d6fe81abc512808ccdc5f9a0ea82a65940a1c2b38ce83fcb2e5d52abe46fe,group_0166
lv_0001_part_010,FAKE,C:\Users\Harish\Downloads\ai-deepfake-detection\data\raw\fake\lv_0001_part_010.flac,4.798,16000,lv_0001,Luvvoice,45768df1d81dfbb33fbc129477f0ba2d46dfc95a8f44a6b4a24e473454c787de,group_0427
lv_0001_part_011,FAKE,C:\Users\Harish\Downloads\ai-deepfake-detection\data\raw\fake\lv_0001_part_011.flac,5.312,16000,lv_0001,Luvvoice,d9e4bb466c3e880ccf8b86d52445f348043d72c31a67127075f8fb6c6b0b61c3,group_1368
lv_0001_part_013,FAKE,C:\Users\Harish\Downloads\ai-deepfake-detection\data\raw\fake\lv_0001_part_013.flac,3.224,16000,lv_0001,Luvvoice,0a6be57ff95e565cc4983c908331550a021963dad65201d542451634c2ac702a,group_0060
lv_0001_part_015,FAKE,C:\Users\Harish\Downloads\ai-deepfake-detection\data\raw\fake\lv_0001_part_015.flac,4.504,16000,lv_0001,Luvvoice,8bffa731d42cdbfc3c8b53416b1d90e6b88b61d6397fd11c2fd2eabb54e598c7,group_0863
lv_0002_c_part_010,FAKE,C:\Users\Harish\Downloads\ai-deepfake-detection\data\raw\fake\lv_0002_c_part_010.flac,2.73,16000,lv_0002,Luvvoice,a39f6743daa117ee6010b204aaca12a58f00299b09e7a7c59dee7cb95bbd4f53,group_1024
lv_0002_c_part_012,FAKE,C:\Users\Harish\Downloads\ai-deepfake-detection\data\raw\fake\lv_0002_c_part_012.flac,4.09,16000,lv_0002,Luvvoice,4cac07b69a188f4219bd99e13cdb9600aa277a09b442b814cc492e017e34db8f,group_0469
lv_0002_c_part_013,FAKE,C:\Users\Harish\Downloads\ai-deepfake-detection\data\raw\fake\lv_0002_c_part_013.flac,3.788,16000,lv_0002,Luvvoice,df92749cbcd9f1392186368d2148360475ae17fb3ff5f9c57b89e125f54b98fb,group_1416
lv_0002_c_part_014,FAKE,C:\Users\Harish\Downloads\ai-deepfake-detection\data\raw\fake\lv_0002_c_part_014.flac,4.327,16000,lv_0002,Luvvoice,d0eac94917efe1f0beead5cc5b6089ede6d7c7a994a83da577e5414211f1841d,group_1317
lv_0002_c_part_015,FAKE,C:\Users\Harish\Downloads\ai-deepfake-detection\data\raw\fake\lv_0002_c_part_015.flac,4.059,16000,lv_0002,Luvvoice,4e0480d0e6f48ee31c0ef0d52e46e6fc710d331497afc500eac960627f57e2bf,group_0478
lv_0002_c_part_016,FAKE,C:\Users\Harish\Downloads\ai-deepfake-detection\data\raw\fake\lv_0002_c_part_016.flac,3.227,16000,lv_0002,Luvvoice,fb7f81557a90965ccaa65c5ed8a9b16160adbad1f36f0b09858c1b4a9562a700,group_1624
lv_0002_c_part_017,FAKE,C:\Users\Harish\Downloads\ai-deepfake-detection\data\raw\fake\lv_0002_c_part_017.flac,4.085,16000,lv_0002,Luvvoice,3784dd6a81e07b1d3400c5a136ce3d676e2bc2196589d2b0f9f873c0d02a821c,group_0335
lv_0002_c_part_018,FAKE,C:\Users\Harish\Downloads\ai-deepfake-detection\data\raw\fake\lv_0002_c_part_018.flac,3.499,16000,lv_0002,Luvvoice,1a7379073d00649075a73c9c7bdb1118be32991c295ef8861d6efe0d21849eb2,group_0168
lv_0002_c_part_019,FAKE,C:\Users\Harish\Downloads\ai-deepfake-detection\data\raw\fake\lv_0002_c_part_019.flac,3.862,16000,lv_0002,Luvvoice,474a4db8a3ef3e1898d2071a86bb8aaf56334f9a6088022f5c2abbe2329bd2f2,group_0438
lv_0002_c_part_021,FAKE,C:\Users\Harish\Downloads\ai-deepfake-detection\data\raw\fake\lv_0002_c_part_021.flac,3.672,16000,lv_0002,Luvvoice,7c87f14d0221e8f9c316cf5607a8f3f229f342238be45847d91442f8cb200e4f,group_0769
lv_0002_c_part_024,FAKE,C:\Users\Harish\Downloads\ai-deepfake-detection\data\raw\fake\lv_0002_c_part_024.flac,2.868,16000,lv_0002,Luvvoice,82fd92efd52e1a4c8b40983b13ee14c8bcae11bd1881e841ac7510c59932d624,group_0806
lv_0002_part_002,FAKE,C:\Users\Harish\Downloads\ai-deepfake-detection\data\raw\fake\lv_0002_part_002.flac,3.108,16000,lv_0002,Luvvoice,957da996e18cedfd1dbf86536fc06da51569d33ba3bf473040a18533e33b24f8,group_0931
lv_0002_part_003,FAKE,C:\Users\Harish\Downloads\ai-deepfake-detection\data\raw\fake\lv_0002_part_003.flac,4.657,16000,lv_0002,Luvvoice,6218d4b1d3a17b07c1433e3b4398e5718e59a79ee4195bd347a8b4073b9cee0b,group_0595
lv_0002_part_004,FAKE,C:\Users\Harish\Downloads\ai-deepfake-detection\data\raw\fake\lv_0002_part_004.flac,3.385,16000,lv_0002,Luvvoice,e9a75d55b726aa0b5e71b9fd3f1d8437648691c6dfe5adb947c3ff4cacb87287,group_1482
lv_0002_part_005,FAKE,C:\Users\Harish\Downloads\ai-deepfake-detection\data\raw\fake\lv_0002_part_005.flac,3.15,16000,lv_0002,Luvvoice,3579520606370b7420c8d103482433249d60208817ab9f18f53e36613d25fd91,group_0319
lv_0002_part_006,FAKE,C:\Users\Harish\Downloads\ai-deepfake-detection\data\raw\fake\lv_0002_part_006.flac,2.545,16000,lv_0002,Luvvoice,1947dbeaac02a33d94c39399bde0feec7a147391fd176ae3a212da0453caef14,group_0159
lv_0002_part_007,FAKE,C:\Users\Harish\Downloads\ai-deepfake-detection\data\raw\fake\lv_0002_part_007.flac,3.269,16000,lv_0002,Luvvoice,ef74dc8f75615b5b4cc621397e9f4f2519847f48cb0d2d0a6cab604987dcd7cb,group_1528
lv_0002_part_009,FAKE,C:\Users\Harish\Downloads\ai-deepfake-detection\data\raw\fake\lv_0002_part_009.flac,3.193,16000,lv_0002,Luvvoice,6354b982006a1a45dc04b5a5c5401477a2334ee4b506297d145ebbf3b94bfcf7,group_0603
lv_0003_c_part_013,FAKE,C:\Users\Harish\Downloads\ai-deepfake-detection\data\raw\fake\lv_0003_c_part_013.flac,3.825,16000,lv_0003,Luvvoice,e2cf59cb6441a1f55bead47e24979e77731d58217a71752fbc0160d849466b57,group_1439
lv_0003_c_part_014,FAKE,C:\Users\Harish\Downloads\ai-deepfake-detection\data\raw\fake\lv_0003_c_part_014.flac,3.268,16000,lv_0003,Luvvoice,ff58c12632b2f73d1dfeeae86a39ce67b554368b7a3211645e43f4136f8bdcb7,group_1648
lv_0003_c_part_016,FAKE,C:\Users\Harish\Downloads\ai-deepfake-detection\data\raw\fake\lv_0003_c_part_016.flac,2.814,16000,lv_0003,Luvvoice,dac494a8ceee9fdd44104edd0672ea2665eb15ff4f2d908f50608c98dbee57a5,group_1374
lv_0003_c_part_017,FAKE,C:\Users\Harish\Downloads\ai-deepfake-detection\data\raw\fake\lv_0003_c_part_017.flac,2.769,16000,lv_0003,Luvvoice,7e2fd484413ef7f3bc6862695e97f5cd60e15d25c441b58b1e50b54176c7b196,group_0779
lv_0003_c_part_020,FAKE,C:\Users\Harish\Downloads\ai-deepfake-detection\data\raw\fake\lv_0003_c_part_020.flac,3.731,16000,lv_0003,Luvvoice,ce3a4d36edfd84a969ee36cad0bd02bae3676e9beb5f964d6bb091eec7be2e3d,group_1303
lv_0003_c_part_021,FAKE,C:\Users\Harish\Downloads\ai-deepfake-detection\data\raw\fake\lv_0003_c_part_021.flac,3.995,16000,lv_0003,Luvvoice,0ed91f104438b2373bf95535728dd5dae3e62d6ea5f7f8525cca58247bea30b2,group_0091
lv_0003_c_part_022,FAKE,C:\Users\Harish\Downloads\ai-deepfake-detection\data\raw\fake\lv_0003_c_part_022.flac,2.765,16000,lv_0003,Luvvoice,350f943e2bf7f8956d04e609b02dbd3df70f9bbb9c5c768bbb9ae404e2f2782a,group_0315
lv_0003_c_part_023,FAKE,C:\Users\Harish\Downloads\ai-deepfake-detection\data\raw\fake\lv_0003_c_part_023.flac,2.918,16000,lv_0003,Luvvoice,7f6d6663eaea250b902136295f8f234302cc4d982dabd780e3a88a80885c202d,group_0783
lv_0003_part_002,FAKE,C:\Users\Harish\Downloads\ai-deepfake-detection\data\raw\fake\lv_0003_part_002.flac,4.736,16000,lv_0003,Luvvoice,4c4da07c48e457ef77ccd6b8e470211f563238379cd3091dc1b408d4726c242e,group_0464
lv_0003_part_005,FAKE,C:\Users\Harish\Downloads\ai-deepfake-detection\data\raw\fake\lv_0003_part_005.flac,2.587,16000,lv_0003,Luvvoice,246b0b0d8c5ff6d841145f043b7e32e6160e87a64efc4512aba7bf285444d74d,group_0226
lv_0003_part_006,FAKE,C:\Users\Harish\Downloads\ai-deepfake-detection\data\raw\fake\lv_0003_part_006.flac,4.408,16000,lv_0003,Luvvoice,f8a6cf0e571960408857d192f4ba47bf72eb53973f6f548b876ede95b62ae1d5,group_1601
lv_0003_part_009,FAKE,C:\Users\Harish\Downloads\ai-deepfake-detection\data\raw\fake\lv_0003_part_009.flac,3.308,16000,lv_0003,Luvvoice,b3a56cdd2b4e72c53953e1d7496aefc6796ae1d8155242de2f6e5c8f5103662e,group_1137
lv_0003_part_010,FAKE,C:\Users\Harish\Downloads\ai-deepfake-detection\data\raw\fake\lv_0003_part_010.flac,3.731,16000,lv_0003,Luvvoice,68b4b713db1fd32693691a97e79b515bafc4f2ccede3706105a05d3bb0e8ec42,group_0639
lv_0003_part_011,FAKE,C:\Users\Harish\Downloads\ai-deepfake-detection\data\raw\fake\lv_0003_part_011.flac,2.717,16000,lv_0003,Luvvoice,970010e054bf4ac252e46bbabfbac1b4d518491b4d1728c734efecc93561a37f,group_0940
lv_0003_part_012,FAKE,C:\Users\Harish\Downloads\ai-deepfake-detection\data\raw\fake\lv_0003_part_012.flac,4.316,16000,lv_0003,Luvvoice,874c478c8eff80114af08f8018038638ac7c334d39279f596acaeced00616a65,group_0843
lv_0004_c_part_021,FAKE,C:\Users\Harish\Downloads\ai-deepfake-detection\data\raw\fake\lv_0004_c_part_021.flac,3.481,16000,lv_0004,Luvvoice,0d45a3d2fce8cfb993acef5cefd76da8bfef6a2b89681870fc561f718b9074db,group_0083
lv_0004_c_part_022,FAKE,C:\Users\Harish\Downloads\ai-deepfake-detection\data\raw\fake\lv_0004_c_part_022.flac,3.332,16000,lv_0004,Luvvoice,b7b218ed3f8e51c3ba5905743739e54011088a81b09e1148587232095ba26048,group_1164
lv_0004_c_part_025,FAKE,C:\Users\Harish\Downloads\ai-deepfake-detection\data\raw\fake\lv_0004_c_part_025.flac,3.347,16000,lv_0004,Luvvoice,6f80da8a82e46777bc1e872c3ddfc5f01597983315f7d7ff29d24d55c825b36e,group_0678
lv_0004_c_part_026,FAKE,C:\Users\Harish\Downloads\ai-deepfake-detection\data\raw\fake\lv_0004_c_part_026.flac,3.485,16000,lv_0004,Luvvoice,81e122edc775c943421431020df092eb6a5345e18d53fef7883502a89e633e3e,group_0799
lv_0004_c_part_027,FAKE,C:\Users\Harish\Downloads\ai-deepfake-detection\data\raw\fake\lv_0004_c_part_027.flac,4.031,16000,lv_0004,Luvvoice,4c640b40b1a146451ea2ca96cc6a192a04ce54c021cfd8073fbc28c68f63122a,group_0466
lv_0004_c_part_028,FAKE,C:\Users\Harish\Downloads\ai-deepfake-detection\data\raw\fake\lv_0004_c_part_028.flac,2.979,16000,lv_0004,Luvvoice,b05ee81219021e04f1cdc1c5ae7a069645d897ac1eda3b0d7872d016d1a0ef58,group_1114
lv_0004_c_part_029,FAKE,C:\Users\Harish\Downloads\ai-deepfake-detection\data\raw\fake\lv_0004_c_part_029.flac,4.222,16000,lv_0004,Luvvoice,b568a7a08d9599138149deea20351fcff218849df93df99a729aac72b9850359,group_1149
lv_0004_part_001,FAKE,C:\Users\Harish\Downloads\ai-deepfake-detection\data\raw\fake\lv_0004_part_001.flac,2.921,16000,lv_0004,Luvvoice,03538dd7c74576407947132228d613a4f344f3094b374b0a6297268c1ba67850,group_0014
lv_0004_part_002,FAKE,C:\Users\Harish\Downloads\ai-deepfake-detection\data\raw\fake\lv_0004_part_002.flac,3.215,16000,lv_0004,Luvvoice,9acee0b32c5a35ddbfc8ebfb3b2b9054d66c0c31ec9e9d531f45f89b15bcbe26,group_0966
lv_0004_part_003,FAKE,C:\Users\Harish\Downloads\ai-deepfake-detection\data\raw\fake\lv_0004_part_003.flac,2.771,16000,lv_0004,Luvvoice,3fa028da336b49066b69888749ab13232c5befd5ca11d7332b50522d2464a1b4,group_0391
lv_0004_part_005,FAKE,C:\Users\Harish\Downloads\ai-deepfake-detection\data\raw\fake\lv_0004_part_005.flac,3.105,16000,lv_0004,Luvvoice,9bc4f54c4848b9f348b94f057ca1e7fac76f441b2b4d6d10acb97339225da6a1,group_0971
lv_0004_part_006,FAKE,C:\Users\Harish\Downloads\ai-deepfake-detection\data\raw\fake\lv_0004_part_006.flac,3.3,16000,lv_0004,Luvvoice,12e7c64f9740fd7a3f3083cce2ba702c3fef6800ce5276aaca34f41d0d5b0f2b,group_0115
lv_0004_part_007,FAKE,C:\Users\Harish\Downloads\ai-deepfake-detection\data\raw\fake\lv_0004_part_007.flac,4.271,16000,lv_0004,Luvvoice,71bb6f7f3e654a40ba90d9a55791ccd5fc23d5b68dddbe06784c2d20e4efa39b,group_0695
lv_0004_part_008,FAKE,C:\Users\Harish\Downloads\ai-deepfake-detection\data\raw\fake\lv_0004_part_008.flac,4.801,16000,lv_0004,Luvvoice,18318603833f5620ebb918a2b0b8dd1e7c926e85ec311786dbfc512e03f12794,group_0151
lv_0004_part_009,FAKE,C:\Users\Harish\Downloads\ai-deepfake-detection\data\raw\fake\lv_0004_part_009.flac,4.179,16000,lv_0004,Luvvoice,88c10822b0a7ffd66e545e0ce3295a571969d58808e6549d15fd296569065d73,group_0850
lv_0004_part_011,FAKE,C:\Users\Harish\Downloads\ai-deepfake-detection\data\raw\fake\lv_0004_part_011.flac,3.082,16000,lv_0004,Luvvoice,c9f862886fe0611d46d5f0ebe3d025110be0334d86c0747ac720144b8143a8a4,group_1272
lv_0004_part_012,FAKE,C:\Users\Harish\Downloads\ai-deepfake-detection\data\raw\fake\lv_0004_part_012.flac,3.093,16000,lv_0004,Luvvoice,4d39116f0d02827b8848d0363db34fee4389325f8801c6667d768de21487e354,group_0471
lv_0004_part_013,FAKE,C:\Users\Harish\Downloads\ai-deepfake-detection\data\raw\fake\lv_0004_part_013.flac,3.676,16000,lv_0004,Luvvoice,b6616c4d2706bdd4e4902ff5a45a569ca7816e2ee80cb36116805907212b77a0,group_1158
lv_0004_part_016,FAKE,C:\Users\Harish\Downloads\ai-deepfake-detection\data\raw\fake\lv_0004_part_016.flac,7.224,16000,lv_0004,Luvvoice,55fe58496c7045d792a91c9373cabf66596d6cab8dbeb87a8573c4b2c67b9b9f,group_0521
lv_0004_part_017,FAKE,C:\Users\Harish\Downloads\ai-deepfake-detection\data\raw\fake\lv_0004_part_017.flac,2.826,16000,lv_0004,Luvvoice,d6b247c3bf2e0d697a643a731293f799e35021ddacc517d928b688994b01202d,group_1351
lv_0004_part_020,FAKE,C:\Users\Harish\Downloads\ai-deepfake-detection\data\raw\fake\lv_0004_part_020.flac,2.723,16000,lv_0004,Luvvoice,053e81cc8742318f852ed654b3dc56f27233fb2d19792c191cc5b2204dce9d74,group_0019
lv_0005_c_part_018,FAKE,C:\Users\Harish\Downloads\ai-deepfake-detection\data\raw\fake\lv_0005_c_part_018.flac,3.113,16000,lv_0005,Luvvoice,97081b68d35b5d77a28dcab9380a080fcd6086389e20a35b5d579e906e6dac70,group_0942
lv_0005_c_part_020,FAKE,C:\Users\Harish\Downloads\ai-deepfake-detection\data\raw\fake\lv_0005_c_part_020.flac,3.36,16000,lv_0005,Luvvoice,6334044e1b8278d8854d6e398afe3ec3daa36fe3f7d4737d61ce45a4f7570d43,group_0602
lv_0005_c_part_021,FAKE,C:\Users\Harish\Downloads\ai-deepfake-detection\data\raw\fake\lv_0005_c_part_021.flac,3.395,16000,lv_0005,Luvvoice,4bc3755e2351836dfb1140c2cc4b6fdc2cd0d21a91ed4d4661dbb793091e7e65,group_0459
lv_0005_c_part_022,FAKE,C:\Users\Harish\Downloads\ai-deepfake-detection\data\raw\fake\lv_0005_c_part_022.flac,3.255,16000,lv_0005,Luvvoice,946eeac7c9b0e768073b561fbf73d965174c0a0940460931adf5c6cccad801c2,group_0925
lv_0005_c_part_023,FAKE,C:\Users\Harish\Downloads\ai-deepfake-detection\data\raw\fake\lv_0005_c_part_023.flac,3.778,16000,lv_0005,Luvvoice,26552623bfc6281c2c77aad0252c0d60e1d00ae1a3e1de141c46f5f0992c7aca,group_0236
lv_0005_c_part_024,FAKE,C:\Users\Harish\Downloads\ai-deepfake-detection\data\raw\fake\lv_0005_c_part_024.flac,4.215,16000,lv_0005,Luvvoice,eafebc17aa664d2d289ea07b76f5f9cc2b5e1ab8264cfdec8fe450ba16e61523,group_1497
lv_0005_c_part_026,FAKE,C:\Users\Harish\Downloads\ai-deepfake-detection\data\raw\fake\lv_0005_c_part_026.flac,2.878,16000,lv_0005,Luvvoice,28efb2e2dd8d37c3cf5d137db0766617f895c9acc9e3ac4af59e7fa7c33cb307,group_0250
lv_0005_c_part_027,FAKE,C:\Users\Harish\Downloads\ai-deepfake-detection\data\raw\fake\lv_0005_c_part_027.flac,3.963,16000,lv_0005,Luvvoice,58f756fe8acbaf0b40c0d58a0d666f3c72881b693ef8826dd496c5b93b3d3ef9,group_0544
lv_0005_c_part_028,FAKE,C:\Users\Harish\Downloads\ai-deepfake-detection\data\raw\fake\lv_0005_c_part_028.flac,2.961,16000,lv_0005,Luvvoice,3d456cbe83791e3e24169f37008d6213cda6bbe7776156cbdc403637ebc06a71,group_0373
lv_0005_c_part_029,FAKE,C:\Users\Harish\Downloads\ai-deepfake-detection\data\raw\fake\lv_0005_c_part_029.flac,3.399,16000,lv_0005,Luvvoice,c69af3388d9456b20e5c0ca3d7eb49bf31631da93e07f96365a987f4d947eaf9,group_1257
lv_0005_part_001,FAKE,C:\Users\Harish\Downloads\ai-deepfake-detection\data\raw\fake\lv_0005_part_001.flac,5.615,16000,lv_0005,Luvvoice,a5b52ec52950d3b90bfa951b540f89769f06ee579b775fd2f6fa872b79fd214a,group_1034
lv_0005_part_002,FAKE,C:\Users\Harish\Downloads\ai-deepfake-detection\data\raw\fake\lv_0005_part_002.flac,2.876,16000,lv_0005,Luvvoice,a6c0746014b9d9bb2791c5d305fa902eca8b00ce97bedd1871fbe2b380060b47,group_1043
lv_0005_part_003,FAKE,C:\Users\Harish\Downloads\ai-deepfake-detection\data\raw\fake\lv_0005_part_003.flac,5.794,16000,lv_0005,Luvvoice,b194bf882bfcf3f23c4174c62eaf43a6cb4ddba89d5135bdf7244b3955a8a565,group_1125
lv_0005_part_004,FAKE,C:\Users\Harish\Downloads\ai-deepfake-detection\data\raw\fake\lv_0005_part_004.flac,4.19,16000,lv_0005,Luvvoice,022c075e030476187791441fad3f99d728a8bbf1bc5844dbca706d5dad62e203,group_0008
lv_0005_part_005,FAKE,C:\Users\Harish\Downloads\ai-deepfake-detection\data\raw\fake\lv_0005_part_005.flac,3.677,16000,lv_0005,Luvvoice,56c7af26d3eb0785298de22b7484f343caf9e91db0f12f19591158c3878200aa,group_0530
lv_0005_part_006,FAKE,C:\Users\Harish\Downloads\ai-deepfake-detection\data\raw\fake\lv_0005_part_006.flac,2.635,16000,lv_0005,Luvvoice,3ea99b30be80824b74a006cae1875bbfb3a3ca8390759e97143fb1f871a6c44f,group_0384
lv_0005_part_007,FAKE,C:\Users\Harish\Downloads\ai-deepfake-detection\data\raw\fake\lv_0005_part_007.flac,2.974,16000,lv_0005,Luvvoice,53b1a4f8d636ea349b182a71d149b2bb0fa123a269718ecc977403958274b6d3,group_0511
lv_0005_part_010,FAKE,C:\Users\Harish\Downloads\ai-deepfake-detection\data\raw\fake\lv_0005_part_010.flac,5.486,16000,lv_0005,Luvvoice,3022bbf2b2ef3c8b95034fa9bac9848ad0f201ddce76e4710e7cb3b93c0acf6a,group_0295
lv_0005_part_014,FAKE,C:\Users\Harish\Downloads\ai-deepfake-detection\data\raw\fake\lv_0005_part_014.flac,2.728,16000,lv_0005,Luvvoice,2658ddba1c4d8fab61a91c7da02b60751970e6f84df08fc53e636116106a8414,group_0237
lv_0006_c_part_021,FAKE,C:\Users\Harish\Downloads\ai-deepfake-detection\data\raw\fake\lv_0006_c_part_021.flac,3.286,16000,lv_0006,Luvvoice,0f093a8a027b83c55d48cd004af32c01290692b52529c89b2445878efc22167a,group_0093
lv_0006_c_part_022,FAKE,C:\Users\Harish\Downloads\ai-deepfake-detection\data\raw\fake\lv_0006_c_part_022.flac,2.925,16000,lv_0006,Luvvoice,c665960dacbd74d9c71c4a46bd01f474699a8221407d5d0a39b92f172adc731b,group_1253
lv_0006_c_part_024,FAKE,C:\Users\Harish\Downloads\ai-deepfake-detection\data\raw\fake\lv_0006_c_part_024.flac,3.556,16000,lv_0006,Luvvoice,bb07db51fc989cd3ca041230cf1f6f6339eb0ec91dc54916cebad1f397971b7d,group_1180
lv_0006_c_part_025,FAKE,C:\Users\Harish\Downloads\ai-deepfake-detection\data\raw\fake\lv_0006_c_part_025.flac,4.254,16000,lv_0006,Luvvoice,9fa12476f6f9c57e90b0b4156ded1e44a77b105b10ea73355ae1c2137ea89860,group_0997
lv_0006_part_001,FAKE,C:\Users\Harish\Downloads\ai-deepfake-detection\data\raw\fake\lv_0006_part_001.flac,2.689,16000,lv_0006,Luvvoice,80787731e59eebb9b1e68ecd678065c849a428ef71e67c010d0d55eb38caccb8,group_0790
lv_0006_part_003,FAKE,C:\Users\Harish\Downloads\ai-deepfake-detection\data\raw\fake\lv_0006_part_003.flac,6.886,16000,lv_0006,Luvvoice,4df95a61ce4744d21b691147b7b329cbfb2b75a568d004b84991c309c509d9c9,group_0476
lv_0006_part_005,FAKE,C:\Users\Harish\Downloads\ai-deepfake-detection\data\raw\fake\lv_0006_part_005.flac,4.616,16000,lv_0006,Luvvoice,ff2682452ac3b8cb0fc646829f6de30fecb188e8350fd2c96400e8e121aadb94,group_1645
lv_0006_part_006,FAKE,C:\Users\Harish\Downloads\ai-deepfake-detection\data\raw\fake\lv_0006_part_006.flac,4.302,16000,lv_0006,Luvvoice,afc863364f4a8d2b41f886b6ae91d6d2dcc9f9e1913f7c2749014a19bada023e,group_1111
lv_0006_part_007,FAKE,C:\Users\Harish\Downloads\ai-deepfake-detection\data\raw\fake\lv_0006_part_007.flac,5.074,16000,lv_0006,Luvvoice,6a2c40231a3f4bee82eccfbd6c035ef64063419581503de04f99b6ab10437490,group_0647
lv_0006_part_008,FAKE,C:\Users\Harish\Downloads\ai-deepfake-detection\data\raw\fake\lv_0006_part_008.flac,3.681,16000,lv_0006,Luvvoice,9f65108c057e9465e2aad49ee6e6565098ce3156948f7b999b5e2896ce426ca5,group_0995
lv_0006_part_009,FAKE,C:\Users\Harish\Downloads\ai-deepfake-detection\data\raw\fake\lv_0006_part_009.flac,2.75,16000,lv_0006,Luvvoice,bb1ed5034c14b19f9d471cf31f4e72eeb86ac0c65f6845531b79ced45dbe6a4b,group_1181
lv_0006_part_010,FAKE,C:\Users\Harish\Downloads\ai-deepfake-detection\data\raw\fake\lv_0006_part_010.flac,3.028,16000,lv_0006,Luvvoice,c8bdd5bebd86ecfd2040cf7543adf1e6893c3269d6c0687f21d9d96813101451,group_1268
lv_0006_part_012,FAKE,C:\Users\Harish\Downloads\ai-deepfake-detection\data\raw\fake\lv_0006_part_012.flac,3.345,16000,lv_0006,Luvvoice,9feddf5721a09cd8731873d3cea94e211579eb68d070b13745629c520cb8b7fb,group_1000
lv_0006_part_013,FAKE,C:\Users\Harish\Downloads\ai-deepfake-detection\data\raw\fake\lv_0006_part_013.flac,4.452,16000,lv_0006,Luvvoice,ac232a6840642918a2e907775bd9f7e497574ca63dc368a0dbd2ebdf77130900,group_1090
lv_0006_part_014,FAKE,C:\Users\Harish\Downloads\ai-deepfake-detection\data\raw\fake\lv_0006_part_014.flac,6.558,16000,lv_0006,Luvvoice,ee9c33ab74c7172b293b6b89a3907ad35b753778beff9a3e22783b3f2b011095,group_1522
lv_0006_part_015,FAKE,C:\Users\Harish\Downloads\ai-deepfake-detection\data\raw\fake\lv_0006_part_015.flac,3.952,16000,lv_0006,Luvvoice,9d3f1f2e0a11da7ecf0bb554aae952fb62cca1eaf8961fae7c01f2ebb0e3cdfd,group_0981
lv_0006_part_016,FAKE,C:\Users\Harish\Downloads\ai-deepfake-detection\data\raw\fake\lv_0006_part_016.flac,6.655,16000,lv_0006,Luvvoice,f45eb2d69bb2351cf39aa2771341b7682d213cbd1cd8a15ed861c3fc7f1055ca,group_1569
lv_0006_part_017,FAKE,C:\Users\Harish\Downloads\ai-deepfake-detection\data\raw\fake\lv_0006_part_017.flac,2.576,16000,lv_0006,Luvvoice,7151a2c808d4783c9aafbd50452e212a50468684ad09ef006d2f3a600f287831,group_0693
lv_0006_part_018,FAKE,C:\Users\Harish\Downloads\ai-deepfake-detection\data\raw\fake\lv_0006_part_018.flac,2.956,16000,lv_0006,Luvvoice,8cc7936e35dbca76d2f47297b3a4afe6e4ba799f7147df37ecf1e13b74bcd9ba,group_0871
lv_0006_part_019,FAKE,C:\Users\Harish\Downloads\ai-deepfake-detection\data\raw\fake\lv_0006_part_019.flac,2.931,16000,lv_0006,Luvvoice,35efa63157a2d484b36d515eb46068c6b6ca4f833108a1b43ecbb43788146f09,group_0323
lv_0006_part_020,FAKE,C:\Users\Harish\Downloads\ai-deepfake-detection\data\raw\fake\lv_0006_part_020.flac,5.709,16000,lv_0006,Luvvoice,45fc852082c0d992349e94a9111d5745d89bcb37bc7eac17d0d25dd85b4406df,group_0430
po_0001_c_part_006,FAKE,C:\Users\Harish\Downloads\ai-deepfake-detection\data\raw\fake\po_0001_c_part_006.flac,2.921,16000,po_0001,Amazon Polly,cc932c3ff4b2a06f6eb4c2de045c34a3a187063c3e34b66c258da50c4563708a,group_1294
po_0001_part_001,FAKE,C:\Users\Harish\Downloads\ai-deepfake-detection\data\raw\fake\po_0001_part_001.flac,2.674,16000,po_0001,Amazon Polly,cfa92cb116deb53aa36d1ab54af5801441e0a86ccfb4d9d08ac52041fd5a93a3,group_1311
po_0001_part_002,FAKE,C:\Users\Harish\Downloads\ai-deepfake-detection\data\raw\fake\po_0001_part_002.flac,5.147,16000,po_0001,Amazon Polly,936f7b719bc172ef1670813524ddd420db2a9fca6d615bb7f817a25a0ea503b7,group_0913
po_0001_part_003,FAKE,C:\Users\Harish\Downloads\ai-deepfake-detection\data\raw\fake\po_0001_part_003.flac,2.767,16000,po_0001,Amazon Polly,1fd85de98f965f3f30e6575bd03de755eb26f7cac54085682f3535a32a8a41b3,group_0194
po_0001_part_004,FAKE,C:\Users\Harish\Downloads\ai-deepfake-detection\data\raw\fake\po_0001_part_004.flac,2.82,16000,po_0001,Amazon Polly,bf6901fb0f6b731dd87beab800f062abfae9609208a542ffd3aee675a917114c,group_1203
po_0002_c_part_002,FAKE,C:\Users\Harish\Downloads\ai-deepfake-detection\data\raw\fake\po_0002_c_part_002.flac,3.22,16000,po_0002,Amazon Polly,6c17b4cad19755c479f90e8dfdeee9dfd51a6a7d2b413fd65b074f33fef1403b,group_0655
po_0002_part_001,FAKE,C:\Users\Harish\Downloads\ai-deepfake-detection\data\raw\fake\po_0002_part_001.flac,2.931,16000,po_0002,Amazon Polly,8667ffcd50e6a64fa50ae29633fb8dfb9d490bf98c339a98e818bd7790a04dd5,group_0838
po_0002_part_002,FAKE,C:\Users\Harish\Downloads\ai-deepfake-detection\data\raw\fake\po_0002_part_002.flac,3.048,16000,po_0002,Amazon Polly,249318a5cc67e535f3aec1e40129e656ec6e9421a36cc73e92d2e6685aec321f,group_0228
po_0002_part_003,FAKE,C:\Users\Harish\Downloads\ai-deepfake-detection\data\raw\fake\po_0002_part_003.flac,3.359,16000,po_0002,Amazon Polly,f102f0abdfee501debc6b0dba5f0de2bbc85dfc874841d4687a20d8811952eff,group_1537
po_0002_part_004,FAKE,C:\Users\Harish\Downloads\ai-deepfake-detection\data\raw\fake\po_0002_part_004.flac,2.697,16000,po_0002,Amazon Polly,a71dd74414b852a35b922f4ff00dcce3ce6d26b40d8e90afe56a1106cc375432,group_1046
po_0002_part_005,FAKE,C:\Users\Harish\Downloads\ai-deepfake-detection\data\raw\fake\po_0002_part_005.flac,2.689,16000,po_0002,Amazon Polly,42bc7082e47c393c196d284f27d93c3d374097f7a09a8a15f732f6a1a5b837d4,group_0409
po_0002_part_006,FAKE,C:\Users\Harish\Downloads\ai-deepfake-detection\data\raw\fake\po_0002_part_006.flac,2.888,16000,po_0002,Amazon Polly,cdf3923adab4cf93662d57abe31f3887abd1ee961f2976f5163972a063ec0dd2,group_1302
po_0002_part_007,FAKE,C:\Users\Harish\Downloads\ai-deepfake-detection\data\raw\fake\po_0002_part_007.flac,2.983,16000,po_0002,Amazon Polly,f882dd2a690f92cac88498cb2ebcead13bf380136718fc2c1dabd5a6d964c251,group_1599
po_0003_c_part_001,FAKE,C:\Users\Harish\Downloads\ai-deepfake-detection\data\raw\fake\po_0003_c_part_001.flac,3.781,16000,po_0003,Amazon Polly,2d6d831e05fff973c28785ad52430059a86f9339b4c2f7ee376b390f75a64450,group_0282
po_0003_c_part_005,FAKE,C:\Users\Harish\Downloads\ai-deepfake-detection\data\raw\fake\po_0003_c_part_005.flac,3.739,16000,po_0003,Amazon Polly,af5b9d3712190554641cfa248cba75418aa928601bedf8b79e6c3d0ef57cd2dc,group_1106
po_0003_c_part_006,FAKE,C:\Users\Harish\Downloads\ai-deepfake-detection\data\raw\fake\po_0003_c_part_006.flac,4.684,16000,po_0003,Amazon Polly,78e08c7e86013d384b92321bd3546e65323ad6a4117a65c7fcb54a0fa72ee0e5,group_0750
po_0003_part_001,FAKE,C:\Users\Harish\Downloads\ai-deepfake-detection\data\raw\fake\po_0003_part_001.flac,4.327,16000,po_0003,Amazon Polly,d97baca93ce97d9761cd4e89c2d5c85002fc9677c302bf785831d3e4302fc536,group_1364
po_0003_part_002,FAKE,C:\Users\Harish\Downloads\ai-deepfake-detection\data\raw\fake\po_0003_part_002.flac,3.289,16000,po_0003,Amazon Polly,e1de715478ba71480784c9f4e2d500e7cb21ef814b5616d30027df89fde0d561,group_1429
po_0003_part_004,FAKE,C:\Users\Harish\Downloads\ai-deepfake-detection\data\raw\fake\po_0003_part_004.flac,2.951,16000,po_0003,Amazon Polly,9d55b19fbfe1264e5132cbf946d0cd3bb725fd595d1027908e79fa9e343754e9,group_0982
po_0004_c_part_001,FAKE,C:\Users\Harish\Downloads\ai-deepfake-detection\data\raw\fake\po_0004_c_part_001.flac,3.91,16000,po_0004,Amazon Polly,0f13a45f546039b6e5d3172b6599c733860da4922d4b7ff5b46b821bc99f8aea,group_0094
po_0004_c_part_008,FAKE,C:\Users\Harish\Downloads\ai-deepfake-detection\data\raw\fake\po_0004_c_part_008.flac,3.699,16000,po_0004,Amazon Polly,68471960d3e9e8e200223762f91fe3caf56fc0a61335946c1431970472884af8,group_0637
po_0004_part_001,FAKE,C:\Users\Harish\Downloads\ai-deepfake-detection\data\raw\fake\po_0004_part_001.flac,2.64,16000,po_0004,Amazon Polly,a8d2ce53f761f68f50f361c7ce92a00279ec90986f497078cdd37ce8dc4e48aa,group_1065
po_0004_part_003,FAKE,C:\Users\Harish\Downloads\ai-deepfake-detection\data\raw\fake\po_0004_part_003.flac,3.205,16000,po_0004,Amazon Polly,ae394fde9096cee409c96811e4026895a50557f9cdedd1a45e0ec3ddfbc4f8f5,group_1099
po_0004_part_004,FAKE,C:\Users\Harish\Downloads\ai-deepfake-detection\data\raw\fake\po_0004_part_004.flac,2.728,16000,po_0004,Amazon Polly,f2457ce3fbb958f6bc057d2ee3aaee4bbc858a8e5dece2a2d1d99714abe946a2,group_1546
po_0004_part_005,FAKE,C:\Users\Harish\Downloads\ai-deepfake-detection\data\raw\fake\po_0004_part_005.flac,2.619,16000,po_0004,Amazon Polly,9d8ce3ec595e52a6a1ba24bee88befd2943cf8ceefbc181204f325902c628e91,group_0984
po_0004_part_006,FAKE,C:\Users\Harish\Downloads\ai-deepfake-detection\data\raw\fake\po_0004_part_006.flac,2.917,16000,po_0004,Amazon Polly,3ebcc7a45c1bf1d7a544a55a6ede04500284419e1897a8657e21d578b9160b0a,group_0386
po_0004_part_007,FAKE,C:\Users\Harish\Downloads\ai-deepfake-detection\data\raw\fake\po_0004_part_007.flac,2.534,16000,po_0004,Amazon Polly,073a5f719c7e6988e9dfef486215aad46b919832f235bc7ff0fdb8d282a77475,group_0034
po_0005_c_part_004,FAKE,C:\Users\Harish\Downloads\ai-deepfake-detection\data\raw\fake\po_0005_c_part_004.flac,3.007,16000,po_0005,Amazon Polly,bc1298d269e9ee8deec05139ddd697be262757188dd49a9b8f7ce8f3c197cbfc,group_1187
po_0005_c_part_005,FAKE,C:\Users\Harish\Downloads\ai-deepfake-detection\data\raw\fake\po_0005_c_part_005.flac,4.407,16000,po_0005,Amazon Polly,604aa2f141a1a317f4784603c9fa60452ee7d355b0f2be490069e97ef5e345bd,group_0580
po_0005_c_part_006,FAKE,C:\Users\Harish\Downloads\ai-deepfake-detection\data\raw\fake\po_0005_c_part_006.flac,3.375,16000,po_0005,Amazon Polly,4f706f4364fe73ee7d20813848d25e592f7109b63103d8692cde2073dbbcb68d,group_0484
po_0005_c_part_009,FAKE,C:\Users\Harish\Downloads\ai-deepfake-detection\data\raw\fake\po_0005_c_part_009.flac,2.949,16000,po_0005,Amazon Polly,59cdbf90fb4d6e7c2b61bbd006ebf19f335f6c178dc07e59cd3c87e8d3467f76,group_0551
po_0005_c_part_011,FAKE,C:\Users\Harish\Downloads\ai-deepfake-detection\data\raw\fake\po_0005_c_part_011.flac,3.477,16000,po_0005,Amazon Polly,9c0058e74f247678264d6f2c940fc7047bba0a93d8757e8e1d6448cb6bc64e74,group_0972
po_0005_part_001,FAKE,C:\Users\Harish\Downloads\ai-deepfake-detection\data\raw\fake\po_0005_part_001.flac,6.304,16000,po_0005,Amazon Polly,edb30a336a1dc2a023b3f9f2a50680fe97175ccee1aba83aea45e3cd14b2041f,group_1516
po_0005_part_003,FAKE,C:\Users\Harish\Downloads\ai-deepfake-detection\data\raw\fake\po_0005_part_003.flac,2.505,16000,po_0005,Amazon Polly,2add4b251df0fe00b8925e4fc580a404694c1b8916352265c7271b0352e12a86,group_0266
po_0006_c_part_006,FAKE,C:\Users\Harish\Downloads\ai-deepfake-detection\data\raw\fake\po_0006_c_part_006.flac,3.916,16000,po_0006,Amazon Polly,c4debec78d20c4f7ddab69fbbdb7e939fca3daea609b7ff3ed8458336337c705,group_1239
po_0006_part_002,FAKE,C:\Users\Harish\Downloads\ai-deepfake-detection\data\raw\fake\po_0006_part_002.flac,3.244,16000,po_0006,Amazon Polly,74c46228aa6006d100a6cf756dc7df8c96903baca90582d1d589274f55fd2719,group_0724
po_0006_part_003,FAKE,C:\Users\Harish\Downloads\ai-deepfake-detection\data\raw\fake\po_0006_part_003.flac,3.18,16000,po_0006,Amazon Polly,69164a453e54c5d25ec4e5dfa4cbd318d46e793fce7d652d9f3ec44847caa4aa,group_0642
po_0006_part_005,FAKE,C:\Users\Harish\Downloads\ai-deepfake-detection\data\raw\fake\po_0006_part_005.flac,2.534,16000,po_0006,Amazon Polly,a8a6520b173a824411aee9b8ed98ef8beb5876e8a88d6042fd9f18a51786002c,group_1062
po_0007_c_part_012,FAKE,C:\Users\Harish\Downloads\ai-deepfake-detection\data\raw\fake\po_0007_c_part_012.flac,2.526,16000,po_0007,Amazon Polly,a9a06439b641126be08b91a0dac6e88937f06b7ded5cc6ff08f8adeccc7ded8a,group_1070
po_0007_c_part_013,FAKE,C:\Users\Harish\Downloads\ai-deepfake-detection\data\raw\fake\po_0007_c_part_013.flac,4.134,16000,po_0007,Amazon Polly,0b538723c91545787868df064407e1f605198ea59d5c6b80178549b1108f808b,group_0067
po_0007_c_part_014,FAKE,C:\Users\Harish\Downloads\ai-deepfake-detection\data\raw\fake\po_0007_c_part_014.flac,2.836,16000,po_0007,Amazon Polly,62dee92aa7fa9705a8acc60f4b4da2b36b841251b09af6304cc7e7af917c7e3c,group_0600
po_0007_c_part_016,FAKE,C:\Users\Harish\Downloads\ai-deepfake-detection\data\raw\fake\po_0007_c_part_016.flac,4.259,16000,po_0007,Amazon Polly,db0e6d089c32367202516b380401d60237c642438f1dc04173b9e86bb291ac8c,group_1376
po_0007_part_002,FAKE,C:\Users\Harish\Downloads\ai-deepfake-detection\data\raw\fake\po_0007_part_002.flac,4.247,16000,po_0007,Amazon Polly,badb783f9ffdfb550820d165b2903ae7125aa642fb948718cd869a048473150e,group_1179
po_0007_part_004,FAKE,C:\Users\Harish\Downloads\ai-deepfake-detection\data\raw\fake\po_0007_part_004.flac,2.665,16000,po_0007,Amazon Polly,d0d1f31de4e22ac6da2039092d4b07cc9e5eede8cf09b965aa60891f0728e17d,group_1316
po_0007_part_005,FAKE,C:\Users\Harish\Downloads\ai-deepfake-detection\data\raw\fake\po_0007_part_005.flac,2.986,16000,po_0007,Amazon Polly,8d45203ac9eda8402a01405c68c9bd1bfb47a279838b0fe0ca9b6b0ffd9ff29c,group_0873
po_0007_part_006,FAKE,C:\Users\Harish\Downloads\ai-deepfake-detection\data\raw\fake\po_0007_part_006.flac,4.27,16000,po_0007,Amazon Polly,ee1fdabe016058221898448e69e562dcc421cf35c535421d547719e88c6192b7,group_1520
po_0007_part_007,FAKE,C:\Users\Harish\Downloads\ai-deepfake-detection\data\raw\fake\po_0007_part_007.flac,4.969,16000,po_0007,Amazon Polly,ce7a51796d78c2255656b119bd0d69ded14e59f7b7513d7af30c4ad0de9ddaca,group_1305
po_0007_part_008,FAKE,C:\Users\Harish\Downloads\ai-deepfake-detection\data\raw\fake\po_0007_part_008.flac,2.793,16000,po_0007,Amazon Polly,eb9ec598f0fe498afe235c13c149bd79cffb8b3d6aef9b826bf6220e95fb54c2,group_1500
po_0007_part_009,FAKE,C:\Users\Harish\Downloads\ai-deepfake-detection\data\raw\fake\po_0007_part_009.flac,6.869,16000,po_0007,Amazon Polly,1af08d911e6107f3f1e22b268c845c9a3b0abba00c951cd0e3ed99259190ce9c,group_0174
po_0007_part_010,FAKE,C:\Users\Harish\Downloads\ai-deepfake-detection\data\raw\fake\po_0007_part_010.flac,3.855,16000,po_0007,Amazon Polly,7201554850ab67488998f4640b29305068952cb779dd2592655bb206776fe5b4,group_0699
po_0008_c_part_007,FAKE,C:\Users\Harish\Downloads\ai-deepfake-detection\data\raw\fake\po_0008_c_part_007.flac,3.883,16000,po_0008,Amazon Polly,938cc4314996714619ea7510fe7a6ce078190e77ac576eacb6d6cab0f9b348fd,group_0915
po_0008_c_part_008,FAKE,C:\Users\Harish\Downloads\ai-deepfake-detection\data\raw\fake\po_0008_c_part_008.flac,4.593,16000,po_0008,Amazon Polly,271bf156ec8fce8a72f1a3ba921b2eaf8a000738df738902fed25552262d641b,group_0241
po_0008_c_part_010,FAKE,C:\Users\Harish\Downloads\ai-deepfake-detection\data\raw\fake\po_0008_c_part_010.flac,3.25,16000,po_0008,Amazon Polly,8b10f969bb94374449a489b85af5f85feaa0c1e66db043c5a226b3ad5b3a5e9d,group_0857
po_0008_c_part_011,FAKE,C:\Users\Harish\Downloads\ai-deepfake-detection\data\raw\fake\po_0008_c_part_011.flac,3.668,16000,po_0008,Amazon Polly,38f74074877640ee436d55041b3ca8c4d07f7435da2610ebcdfcd834a912e85e,group_0346
po_0008_c_part_013,FAKE,C:\Users\Harish\Downloads\ai-deepfake-detection\data\raw\fake\po_0008_c_part_013.flac,2.879,16000,po_0008,Amazon Polly,e69ba0d9ffbb6e877d66878795705a9d35c5ca470fb25a3a7ad7914f0c3b3882,group_1460
po_0008_part_001,FAKE,C:\Users\Harish\Downloads\ai-deepfake-detection\data\raw\fake\po_0008_part_001.flac,2.725,16000,po_0008,Amazon Polly,747a9c89cc666c081f245a6666181febe6b51936c5502472c104fc3a8fbea4cc,group_0720
po_0008_part_002,FAKE,C:\Users\Harish\Downloads\ai-deepfake-detection\data\raw\fake\po_0008_part_002.flac,2.706,16000,po_0008,Amazon Polly,67aac5650860e79c654ead8f7e99a3b3ed09a06d3df6a99d887e9a18bc3c1906,group_0633
po_0008_part_003,FAKE,C:\Users\Harish\Downloads\ai-deepfake-detection\data\raw\fake\po_0008_part_003.flac,2.65,16000,po_0008,Amazon Polly,087847f032199d2b85323a462cfa9c3c04cb4dfbf1336510d1c1bcb1a2bf4d67,group_0043
po_0008_part_004,FAKE,C:\Users\Harish\Downloads\ai-deepfake-detection\data\raw\fake\po_0008_part_004.flac,5.285,16000,po_0008,Amazon Polly,bb22ddcd08944f0f02aa4d916205b5c85e7560a85ed24d17cb7749e17f58d109,group_1182
po_0008_part_005,FAKE,C:\Users\Harish\Downloads\ai-deepfake-detection\data\raw\fake\po_0008_part_005.flac,4.008,16000,po_0008,Amazon Polly,a366b84e3b56e062eabce59c3f39e2b4c26072b2f0ff57ddaedc440543dac592,group_1022
po_0009_c_part_004,FAKE,C:\Users\Harish\Downloads\ai-deepfake-detection\data\raw\fake\po_0009_c_part_004.flac,4.312,16000,po_0009,Amazon Polly,c14d1d0257febc573a124c37a56651a7365eec25f09db35cdea16d32e6152537,group_1216
po_0009_part_002,FAKE,C:\Users\Harish\Downloads\ai-deepfake-detection\data\raw\fake\po_0009_part_002.flac,3.956,16000,po_0009,Amazon Polly,d56d1396957845db1b548b4b4a9d407f781af97e42fb20bc9caf0d1386d67c04,group_1340
po_0009_part_003,FAKE,C:\Users\Harish\Downloads\ai-deepfake-detection\data\raw\fake\po_0009_part_003.flac,3.48,16000,po_0009,Amazon Polly,46bf9f47571326ba9bb127f15ae45d8c3938e041d03c6d9f6ff14972cda1458f,group_0435
po_0010_c_part_004,FAKE,C:\Users\Harish\Downloads\ai-deepfake-detection\data\raw\fake\po_0010_c_part_004.flac,3.354,16000,po_0010,Amazon Polly,dad2e786247363aa380f29193f8097298e2292c2594dba838e6a9053335c57f1,group_1375
po_0010_c_part_006,FAKE,C:\Users\Harish\Downloads\ai-deepfake-detection\data\raw\fake\po_0010_c_part_006.flac,3.181,16000,po_0010,Amazon Polly,485b009af674dfdf8f50eac3bd3c131f043531b0450e964890c736a57f7c940a,group_0445
po_0010_part_003,FAKE,C:\Users\Harish\Downloads\ai-deepfake-detection\data\raw\fake\po_0010_part_003.flac,2.882,16000,po_0010,Amazon Polly,0ae13d0642c359514cb4c1f3e3ba2e2042c312948601066f3d597f4394547004,group_0065
po_0018_part_001,FAKE,C:\Users\Harish\Downloads\ai-deepfake-detection\data\raw\fake\po_0018_part_001.flac,4.475,16000,po_0018,Amazon Polly,a696ef414f985eef5c83d0b0ce346d6e7ca2f50a058db1c0338403e757dda4dd,group_1042
po_0022_part_001,FAKE,C:\Users\Harish\Downloads\ai-deepfake-detection\data\raw\fake\po_0022_part_001.flac,5.029,16000,po_0022,Amazon Polly,6c3ba61f5f25a0fef3e3efa9fd57114e25a37adf4710b51ebd98599a7178d673,group_0658
po_0025_c_part_006,FAKE,C:\Users\Harish\Downloads\ai-deepfake-detection\data\raw\fake\po_0025_c_part_006.flac,3.075,16000,po_0025,Amazon Polly,ae0d60355662c9667f890470d82cefb26160b0ed4e1bcd5ce9fd92c922408a8c,group_1097
po_0025_c_part_007,FAKE,C:\Users\Harish\Downloads\ai-deepfake-detection\data\raw\fake\po_0025_c_part_007.flac,4.817,16000,po_0025,Amazon Polly,f5bf1f21bb067445da3b372370239a3d01df4ccc2d519bad710108316a03797d,group_1578
po_0025_part_001,FAKE,C:\Users\Harish\Downloads\ai-deepfake-detection\data\raw\fake\po_0025_part_001.flac,2.772,16000,po_0025,Amazon Polly,9f6c98fe08cec67b325ca1da1623f782f6b08cbc020f9dd2eafa86391f9bfada,group_0996
po_0025_part_002,FAKE,C:\Users\Harish\Downloads\ai-deepfake-detection\data\raw\fake\po_0025_part_002.flac,2.82,16000,po_0025,Amazon Polly,7226bf289f6979d584c897739bbebfaaef8b2eec7c0e7847203cee5a3d5f1742,group_0700
po_0025_part_003,FAKE,C:\Users\Harish\Downloads\ai-deepfake-detection\data\raw\fake\po_0025_part_003.flac,3.955,16000,po_0025,Amazon Polly,413580b1d51fd635013c3ea4328842453a8ed1e266a0fa59a676bb56b0c0d966,group_0400
po_0025_part_004,FAKE,C:\Users\Harish\Downloads\ai-deepfake-detection\data\raw\fake\po_0025_part_004.flac,3.297,16000,po_0025,Amazon Polly,0345c4bf9fb3723481f0e9a5e34f0ab89742ae97cf9eafe3b15637e15bbb82a7,group_0013
po_0025_part_005,FAKE,C:\Users\Harish\Downloads\ai-deepfake-detection\data\raw\fake\po_0025_part_005.flac,3.81,16000,po_0025,Amazon Polly,03279caed86c9165d72771bdbf1468d57d3217b4e0eb9fe0aa519d8ea621c964,group_0012
po_0026_c_part_007,FAKE,C:\Users\Harish\Downloads\ai-deepfake-detection\data\raw\fake\po_0026_c_part_007.flac,3.422,16000,po_0026,Amazon Polly,a67e0c918b06409a9feaf2195c234397c73fec9577acbefe91832edfe156ac53,group_1040
po_0026_c_part_008,FAKE,C:\Users\Harish\Downloads\ai-deepfake-detection\data\raw\fake\po_0026_c_part_008.flac,3.115,16000,po_0026,Amazon Polly,a19fa79351db509d25f64d1081c224941a37e9f7d96d85c9c3a71e1b30d62dcf,group_1009
po_0026_part_001,FAKE,C:\Users\Harish\Downloads\ai-deepfake-detection\data\raw\fake\po_0026_part_001.flac,3.03,16000,po_0026,Amazon Polly,d87c6155235d656309ef73c76634104cde4c2d4e045737acaba3fcab2acfe9cc,group_1358
po_0026_part_002,FAKE,C:\Users\Harish\Downloads\ai-deepfake-detection\data\raw\fake\po_0026_part_002.flac,2.595,16000,po_0026,Amazon Polly,32708765d711daca1d9cc32cc00494c954d62b875a6a3b96ad18db2f828ba23d,group_0303
po_0026_part_003,FAKE,C:\Users\Harish\Downloads\ai-deepfake-detection\data\raw\fake\po_0026_part_003.flac,2.649,16000,po_0026,Amazon Polly,a087bc9b2d25596a077cc78139eabe584c4defdf4b314c3f226d55401227f06a,group_1003
po_0026_part_006,FAKE,C:\Users\Harish\Downloads\ai-deepfake-detection\data\raw\fake\po_0026_part_006.flac,3.926,16000,po_0026,Amazon Polly,437781e3da040deb906ce3ebc73b5fbb6486bbb4cf6f4e3bbd45e232f1d4f516,group_0413
po_0027_part_001,FAKE,C:\Users\Harish\Downloads\ai-deepfake-detection\data\raw\fake\po_0027_part_001.flac,2.894,16000,po_0027,Amazon Polly,e72ef08f350d93ab16fd137de64f3e3277a7c4c6f4b7e222c3a1fa6b72ec6b43,group_1465
po_0027_part_002,FAKE,C:\Users\Harish\Downloads\ai-deepfake-detection\data\raw\fake\po_0027_part_002.flac,2.81,16000,po_0027,Amazon Polly,242b4dd20392aa78778b6b84594c9d3ccbfa15089a602d6c2eb43c91c828766b,group_0224
po_0027_part_003,FAKE,C:\Users\Harish\Downloads\ai-deepfake-detection\data\raw\fake\po_0027_part_003.flac,2.732,16000,po_0027,Amazon Polly,c870609d28d6540bc1656fa07ad1c3028417d6a3625db6e077bd2a0cad520394,group_1265
po_0027_part_004,FAKE,C:\Users\Harish\Downloads\ai-deepfake-detection\data\raw\fake\po_0027_part_004.flac,4.415,16000,po_0027,Amazon Polly,f0f4797f33541284987fac4a7222433312975b21bd0ef20310d8817ae6033adb,group_1535
po_0027_part_005,FAKE,C:\Users\Harish\Downloads\ai-deepfake-detection\data\raw\fake\po_0027_part_005.flac,3.527,16000,po_0027,Amazon Polly,9696ca81cb3cd0a475134cf88ec4ed3d1e680dc73808ff55b566d377a9db084e,group_0937
po_0027_part_006,FAKE,C:\Users\Harish\Downloads\ai-deepfake-detection\data\raw\fake\po_0027_part_006.flac,4.232,16000,po_0027,Amazon Polly,0ef259a75ca9e235d89f59e9f8e0e2d2d06328d0d4f81ce4ddc1a853aa8ae089,group_0092
po_0028_c_part_006,FAKE,C:\Users\Harish\Downloads\ai-deepfake-detection\data\raw\fake\po_0028_c_part_006.flac,3.886,16000,po_0028,Amazon Polly,b3d3ac2f096ff3aa16347a5d9a5393c04626cfc690c8b5da6fd7ffd6c87ee730,group_1138
po_0028_part_001,FAKE,C:\Users\Harish\Downloads\ai-deepfake-detection\data\raw\fake\po_0028_part_001.flac,5.389,16000,po_0028,Amazon Polly,925b6237558b307d2dcecf20bb777ea2bebcd0e0eb2c393e18a2eea4f2a07e23,group_0906
po_0028_part_003,FAKE,C:\Users\Harish\Downloads\ai-deepfake-detection\data\raw\fake\po_0028_part_003.flac,3.873,16000,po_0028,Amazon Polly,d1a864754ddeb2628d114c220d1bdc8b1e1ffbae94995b9ba365a357734681f2,group_1320
po_0028_part_005,FAKE,C:\Users\Harish\Downloads\ai-deepfake-detection\data\raw\fake\po_0028_part_005.flac,3.577,16000,po_0028,Amazon Polly,17506998be83a2515f00d22436d5979c6d59bfbdc876df64c5fab00bb77013eb,group_0143
po_0029_c_part_009,FAKE,C:\Users\Harish\Downloads\ai-deepfake-detection\data\raw\fake\po_0029_c_part_009.flac,3.945,16000,po_0029,Amazon Polly,de7ede171d93ac15155e699054aa3a16406ea4e88084f01026577f92804cb754,group_1407
po_0029_c_part_010,FAKE,C:\Users\Harish\Downloads\ai-deepfake-detection\data\raw\fake\po_0029_c_part_010.flac,4.555,16000,po_0029,Amazon Polly,a104cdeed492749e7f57c725b4551a1ad6bb42ca5363c047f21edd9f8e6e6d03,group_1006
po_0029_c_part_011,FAKE,C:\Users\Harish\Downloads\ai-deepfake-detection\data\raw\fake\po_0029_c_part_011.flac,3.491,16000,po_0029,Amazon Polly,6aec2af2f8d0dde72fde639bb11a265166b6c40105c8d8c2e78da1e8a0fd7dd0,group_0652
po_0029_c_part_012,FAKE,C:\Users\Harish\Downloads\ai-deepfake-detection\data\raw\fake\po_0029_c_part_012.flac,3.192,16000,po_0029,Amazon Polly,bf0de5f9c47eaf6ca745edb92f2ae25a66d5c142c1c2aeed7797bf36e46d430d,group_1198
po_0029_part_002,FAKE,C:\Users\Harish\Downloads\ai-deepfake-detection\data\raw\fake\po_0029_part_002.flac,4.575,16000,po_0029,Amazon Polly,dcc8807240704a5649a0b11108161c61599f8138b82afcef7a98aae44b34207a,group_1391
po_0029_part_004,FAKE,C:\Users\Harish\Downloads\ai-deepfake-detection\data\raw\fake\po_0029_part_004.flac,5.126,16000,po_0029,Amazon Polly,2eb54036abb0a59612c2a6418b4373aabe89f43e4d78685e31e09f3b4b57ab4e,group_0289
po_0029_part_005,FAKE,C:\Users\Harish\Downloads\ai-deepfake-detection\data\raw\fake\po_0029_part_005.flac,3.374,16000,po_0029,Amazon Polly,c8483971918191b1f030b1fd56e56b3cec741fa55b4d8d487250dd494963a1cb,group_1264
po_0029_part_007,FAKE,C:\Users\Harish\Downloads\ai-deepfake-detection\data\raw\fake\po_0029_part_007.flac,4.61,16000,po_0029,Amazon Polly,41f8c978a4240c9adc4812c751f3fdcb2c2f43bc39fab6a0dafe40257b71e4a1,group_0405
po_0029_part_008,FAKE,C:\Users\Harish\Downloads\ai-deepfake-detection\data\raw\fake\po_0029_part_008.flac,2.529,16000,po_0029,Amazon Polly,1fde9e504ee4f246b58ca45abf0ed4d1d2615446e337c5eecc6cda174cde1182,group_0195
po_0030_c_part_011,FAKE,C:\Users\Harish\Downloads\ai-deepfake-detection\data\raw\fake\po_0030_c_part_011.flac,4.055,16000,po_0030,Amazon Polly,4878921a9edfc5335558d798450e64ab4a48bba865949a09b92a250fce068342,group_0447
po_0030_c_part_013,FAKE,C:\Users\Harish\Downloads\ai-deepfake-detection\data\raw\fake\po_0030_c_part_013.flac,3.292,16000,po_0030,Amazon Polly,e0da3c6d5b3a6b4f18fa42182b8c8e16591c7ae656623082d38293b5cb22b50b,group_1426
po_0030_part_002,FAKE,C:\Users\Harish\Downloads\ai-deepfake-detection\data\raw\fake\po_0030_part_002.flac,3.142,16000,po_0030,Amazon Polly,768975cf6974fe75f100bb8a33b4b6a8e78317cd2c13877e747166abe9252ede,group_0736
po_0030_part_003,FAKE,C:\Users\Harish\Downloads\ai-deepfake-detection\data\raw\fake\po_0030_part_003.flac,4.567,16000,po_0030,Amazon Polly,ceee0781eaf4191d1a55fe2ad63d412b3504cf2585ec270daea78895a991a235,group_1308
po_0030_part_004,FAKE,C:\Users\Harish\Downloads\ai-deepfake-detection\data\raw\fake\po_0030_part_004.flac,3.528,16000,po_0030,Amazon Polly,e51b6a2490b5091f760be20787fc04899b5cc0574777754835756306a872b68d,group_1450
po_0030_part_005,FAKE,C:\Users\Harish\Downloads\ai-deepfake-detection\data\raw\fake\po_0030_part_005.flac,5.273,16000,po_0030,Amazon Polly,9fc8a6e7aa0bdd8c0e6c7a14c0e94c9cb2c1f8933be2fde17cd4dc1d400e9fc6,group_0999
po_0030_part_006,FAKE,C:\Users\Harish\Downloads\ai-deepfake-detection\data\raw\fake\po_0030_part_006.flac,3.414,16000,po_0030,Amazon Polly,1f72ce759cfca4756f76755890a712959dca3d19970fa288dcae65260ce8518d,group_0193
po_0030_part_007,FAKE,C:\Users\Harish\Downloads\ai-deepfake-detection\data\raw\fake\po_0030_part_007.flac,4.382,16000,po_0030,Amazon Polly,1cec1093624e42bfc9c6e24ac6b33ae10f158282c59b870d178bb601226674cc,group_0182
po_0030_part_009,FAKE,C:\Users\Harish\Downloads\ai-deepfake-detection\data\raw\fake\po_0030_part_009.flac,2.61,16000,po_0030,Amazon Polly,56b9157340542e8227243be094ffde2b17ec09126a7007f21635687edc7d6c5e,group_0529
po_0031_c_part_009,FAKE,C:\Users\Harish\Downloads\ai-deepfake-detection\data\raw\fake\po_0031_c_part_009.flac,4.005,16000,po_0031,Amazon Polly,477254cf4168fc997321c7c671468ff0162c3c84916b3e3ba006399ee0830e7b,group_0441
po_0031_c_part_010,FAKE,C:\Users\Harish\Downloads\ai-deepfake-detection\data\raw\fake\po_0031_c_part_010.flac,2.82,16000,po_0031,Amazon Polly,620f3e36581e9baf2f40c0542d247424fd72762b9ab927639832f225adfabe1e,group_0593
po_0031_c_part_011,FAKE,C:\Users\Harish\Downloads\ai-deepfake-detection\data\raw\fake\po_0031_c_part_011.flac,3.807,16000,po_0031,Amazon Polly,587ba54656d09169e279290e1ee0a125d4f2bf883ac016fca1ea82ebd5f8a9c6,group_0541
po_0031_part_003,FAKE,C:\Users\Harish\Downloads\ai-deepfake-detection\data\raw\fake\po_0031_part_003.flac,3.822,16000,po_0031,Amazon Polly,79ad56a28975bf9db38c606ba92089c70603b95b9dda4f42a0956cac822605ab,group_0752
po_0031_part_005,FAKE,C:\Users\Harish\Downloads\ai-deepfake-detection\data\raw\fake\po_0031_part_005.flac,4.088,16000,po_0031,Amazon Polly,def48b1cbb8744f359914e35fbebfbd73f84a97120605331f9a04d0a9d750e3c,group_1412
po_0031_part_006,FAKE,C:\Users\Harish\Downloads\ai-deepfake-detection\data\raw\fake\po_0031_part_006.flac,3.411,16000,po_0031,Amazon Polly,6a6dd3acbf42f870b23497c2eae63736921c85ec53205c6c3f2f21b9db827699,group_0649
po_0031_part_008,FAKE,C:\Users\Harish\Downloads\ai-deepfake-detection\data\raw\fake\po_0031_part_008.flac,3.766,16000,po_0031,Amazon Polly,a673e673f6868853c706d05589f8dcb82b48cfa60f9081e2b64be0ef270ed504,group_1039
po_0032_c_part_010,FAKE,C:\Users\Harish\Downloads\ai-deepfake-detection\data\raw\fake\po_0032_c_part_010.flac,4.332,16000,po_0032,Amazon Polly,974a8daa5dbfb6a5112e4d0b4bb4fcfb62301131787f5b0fbb1505d2b9d7202f,group_0945
po_0032_c_part_011,FAKE,C:\Users\Harish\Downloads\ai-deepfake-detection\data\raw\fake\po_0032_c_part_011.flac,3.344,16000,po_0032,Amazon Polly,90f2125fd1cec766bf33e81de40de6a06b9e53446b1ab20eb720efd9c1814c69,group_0899
po_0032_c_part_012,FAKE,C:\Users\Harish\Downloads\ai-deepfake-detection\data\raw\fake\po_0032_c_part_012.flac,2.92,16000,po_0032,Amazon Polly,f71a8d15b5b23e3a856934b02ef84fdbe4ef2b3a2dfd4d25821b2f5f888463b0,group_1587
po_0032_c_part_013,FAKE,C:\Users\Harish\Downloads\ai-deepfake-detection\data\raw\fake\po_0032_c_part_013.flac,3.603,16000,po_0032,Amazon Polly,bc5c0575917285e3d69db952afaf4180069bb3d105073f8d1745c977b66f0259,group_1189
po_0032_part_002,FAKE,C:\Users\Harish\Downloads\ai-deepfake-detection\data\raw\fake\po_0032_part_002.flac,5.491,16000,po_0032,Amazon Polly,3a776fbb36b988fd76619893077c861450ef4c99976735077ef337e584363f1a,group_0356
po_0032_part_003,FAKE,C:\Users\Harish\Downloads\ai-deepfake-detection\data\raw\fake\po_0032_part_003.flac,3.405,16000,po_0032,Amazon Polly,ef01fc2ae37c9fc77b13315a3a753ab91ccee6df82aa232af609f56f33ead9c5,group_1524
po_0032_part_004,FAKE,C:\Users\Harish\Downloads\ai-deepfake-detection\data\raw\fake\po_0032_part_004.flac,2.631,16000,po_0032,Amazon Polly,14a6ab57de3a324de69622cd2f676444b18ce8b308dc77060c9e92d1b6f36b90,group_0126
po_0032_part_005,FAKE,C:\Users\Harish\Downloads\ai-deepfake-detection\data\raw\fake\po_0032_part_005.flac,3.726,16000,po_0032,Amazon Polly,c768d6f725b3a2edc0cc48ae1f209c3e4e1b2f15170b2fda8875edde3d07c50a,group_1260
po_0032_part_008,FAKE,C:\Users\Harish\Downloads\ai-deepfake-detection\data\raw\fake\po_0032_part_008.flac,3.436,16000,po_0032,Amazon Polly,83e600c578a5b3a077e23d2cf439ed952dad502aa1ca1307c274d9956e7c433e,group_0816
po_0032_part_009,FAKE,C:\Users\Harish\Downloads\ai-deepfake-detection\data\raw\fake\po_0032_part_009.flac,5.513,16000,po_0032,Amazon Polly,0062c8dd0ce2d817c5cb137ea8ad808e0c010f7a6f6f23547ffb08049289e899,group_0000
po_0033_c_part_008,FAKE,C:\Users\Harish\Downloads\ai-deepfake-detection\data\raw\fake\po_0033_c_part_008.flac,3.809,16000,po_0033,Amazon Polly,81eb05043f2d289f2dd6c5029ae353652269f1e61c48ac93b4b1952f593f919e,group_0801
po_0033_c_part_009,FAKE,C:\Users\Harish\Downloads\ai-deepfake-detection\data\raw\fake\po_0033_c_part_009.flac,4.026,16000,po_0033,Amazon Polly,25bdbea8972d011f435bb024b9b6381ed40ae12c821739a8cb4583a913b7aa84,group_0234
po_0033_c_part_010,FAKE,C:\Users\Harish\Downloads\ai-deepfake-detection\data\raw\fake\po_0033_c_part_010.flac,2.974,16000,po_0033,Amazon Polly,ead4e070cf0c19f20327ab2ddbe8a68641073946c6d79458a69bc1720b67ae05,group_1495
po_0033_c_part_011,FAKE,C:\Users\Harish\Downloads\ai-deepfake-detection\data\raw\fake\po_0033_c_part_011.flac,4.312,16000,po_0033,Amazon Polly,9b6d0df2cdb599eb4d9229a1c2fa4cc8878acbbd47edd3e22fe0a52d1a10c721,group_0970
po_0033_part_001,FAKE,C:\Users\Harish\Downloads\ai-deepfake-detection\data\raw\fake\po_0033_part_001.flac,4.622,16000,po_0033,Amazon Polly,e27eec47e43557ab59922e7787499cf5f3b6c3e3a2a9933927ab257a41323f7e,group_1435
po_0033_part_003,FAKE,C:\Users\Harish\Downloads\ai-deepfake-detection\data\raw\fake\po_0033_part_003.flac,3.276,16000,po_0033,Amazon Polly,f1498b685569fc19ee8885f14e5162dec57838c94c5ee51c44b8b5984cff37fe,group_1541
po_0033_part_005,FAKE,C:\Users\Harish\Downloads\ai-deepfake-detection\data\raw\fake\po_0033_part_005.flac,3.207,16000,po_0033,Amazon Polly,fa9af64a6ec7084b0756a55de916e1e3295253cf1121c9720d40c468d886ca42,group_1619
po_0033_part_006,FAKE,C:\Users\Harish\Downloads\ai-deepfake-detection\data\raw\fake\po_0033_part_006.flac,4.57,16000,po_0033,Amazon Polly,c5b268f40f13c6f73a5b34fbbafe1e86f1cd4402b53e7d90faa844d9220fab46,group_1248
po_0034_c_part_012,FAKE,C:\Users\Harish\Downloads\ai-deepfake-detection\data\raw\fake\po_0034_c_part_012.flac,2.982,16000,po_0034,Amazon Polly,e2da15f1b72820b74f26eab6410b9eae17c17bddb3b0c0cfbc5e8fbbfb64b515,group_1440
po_0034_c_part_014,FAKE,C:\Users\Harish\Downloads\ai-deepfake-detection\data\raw\fake\po_0034_c_part_014.flac,2.787,16000,po_0034,Amazon Polly,bf37d68a6af2482ead27098bc6b34072695e496233308a02740481ac8de9126a,group_1201
po_0034_c_part_015,FAKE,C:\Users\Harish\Downloads\ai-deepfake-detection\data\raw\fake\po_0034_c_part_015.flac,3.435,16000,po_0034,Amazon Polly,d29e73684f50eb205b1c733b0ae48ee9d67af257c0ac651adcbe10f089307337,group_1323
po_0034_c_part_016,FAKE,C:\Users\Harish\Downloads\ai-deepfake-detection\data\raw\fake\po_0034_c_part_016.flac,2.893,16000,po_0034,Amazon Polly,c20b8b78d46224b8364ac6401e3722467bd790b606bc3d8ff4ceee7c8b1f4bc3,group_1221
po_0034_c_part_017,FAKE,C:\Users\Harish\Downloads\ai-deepfake-detection\data\raw\fake\po_0034_c_part_017.flac,3.194,16000,po_0034,Amazon Polly,6f7f1a7e329e113a24c90cc4f73d09589894a59a4fd10e6cdf07a9c3bfa733b7,group_0677
po_0034_c_part_018,FAKE,C:\Users\Harish\Downloads\ai-deepfake-detection\data\raw\fake\po_0034_c_part_018.flac,2.996,16000,po_0034,Amazon Polly,06a62e7028c31a0e72f5c812670af648fdac9c5abebf2f9fdead712c725c3d0c,group_0028
po_0034_part_002,FAKE,C:\Users\Harish\Downloads\ai-deepfake-detection\data\raw\fake\po_0034_part_002.flac,6.068,16000,po_0034,Amazon Polly,34705ea461c90f71961786dcec74bb9c74d9d761b77cde83af531837f940130f,group_0313
po_0034_part_003,FAKE,C:\Users\Harish\Downloads\ai-deepfake-detection\data\raw\fake\po_0034_part_003.flac,4.069,16000,po_0034,Amazon Polly,fd0b9356c3cccb4d4db68dd08d1aeaecbece17d6648a795e73e56b82e9c3e3ec,group_1628
po_0034_part_004,FAKE,C:\Users\Harish\Downloads\ai-deepfake-detection\data\raw\fake\po_0034_part_004.flac,2.536,16000,po_0034,Amazon Polly,e290e7fa86cedbd93585b37dd0fc963947faabebfc8e999eb31085c8c0b8986c,group_1437
po_0034_part_009,FAKE,C:\Users\Harish\Downloads\ai-deepfake-detection\data\raw\fake\po_0034_part_009.flac,3.385,16000,po_0034,Amazon Polly,928777af1f450b3dce4e53a3551e2f80e4b0a3e1c42ad21789aca9588dc529ee,group_0907
po_0034_part_010,FAKE,C:\Users\Harish\Downloads\ai-deepfake-detection\data\raw\fake\po_0034_part_010.flac,3.377,16000,po_0034,Amazon Polly,4a84c290417bcc6bcb443a5148e16aad8a8521de00f15f38836af5494c78bef6,group_0453
po_0034_part_011,FAKE,C:\Users\Harish\Downloads\ai-deepfake-detection\data\raw\fake\po_0034_part_011.flac,2.711,16000,po_0034,Amazon Polly,e1c4c392c05f2fe01456b399af36305001c6d8f0fbfcf0f112f63904826dd25a,group_1428
sp_0001_c_part_006,FAKE,C:\Users\Harish\Downloads\ai-deepfake-detection\data\raw\fake\sp_0001_c_part_006.flac,2.921,16000,sp_0001,Speechify,cc932c3ff4b2a06f6eb4c2de045c34a3a187063c3e34b66c258da50c4563708a,group_1294
sp_0001_c_part_020,FAKE,C:\Users\Harish\Downloads\ai-deepfake-detection\data\raw\fake\sp_0001_c_part_020.flac,4.337,16000,sp_0001,Speechify,02e5c1e4e57550513aef78c1ecc2f571917ac7c05491af17d0d55b3504e982c9,group_0011
sp_0001_c_part_021,FAKE,C:\Users\Harish\Downloads\ai-deepfake-detection\data\raw\fake\sp_0001_c_part_021.flac,3.779,16000,sp_0001,Speechify,96c0887183d17de19a8b3663036193e6995ad657949971ae0ace0b407ccf5b8a,group_0938
sp_0001_c_part_022,FAKE,C:\Users\Harish\Downloads\ai-deepfake-detection\data\raw\fake\sp_0001_c_part_022.flac,2.703,16000,sp_0001,Speechify,93abe90663b59235f37c444b3838e39f2e840d1547ccc74dcedf411bf1f4cc28,group_0919
sp_0001_c_part_023,FAKE,C:\Users\Harish\Downloads\ai-deepfake-detection\data\raw\fake\sp_0001_c_part_023.flac,4.139,16000,sp_0001,Speechify,156aeddb2eb1cce3e5bad68810d41b278cc8f3fc91c0c9372e0125cfa5d58390,group_0131
sp_0001_c_part_024,FAKE,C:\Users\Harish\Downloads\ai-deepfake-detection\data\raw\fake\sp_0001_c_part_024.flac,3.021,16000,sp_0001,Speechify,8b6b7ca1e4776311fe0734d881728068b1c21a628cfc6ff171eee1e414ad3575,group_0861
sp_0001_part_001,FAKE,C:\Users\Harish\Downloads\ai-deepfake-detection\data\raw\fake\sp_0001_part_001.flac,2.674,16000,sp_0001,Speechify,cfa92cb116deb53aa36d1ab54af5801441e0a86ccfb4d9d08ac52041fd5a93a3,group_1311
sp_0001_part_002,FAKE,C:\Users\Harish\Downloads\ai-deepfake-detection\data\raw\fake\sp_0001_part_002.flac,5.147,16000,sp_0001,Speechify,936f7b719bc172ef1670813524ddd420db2a9fca6d615bb7f817a25a0ea503b7,group_0913
sp_0001_part_003,FAKE,C:\Users\Harish\Downloads\ai-deepfake-detection\data\raw\fake\sp_0001_part_003.flac,2.767,16000,sp_0001,Speechify,1fd85de98f965f3f30e6575bd03de755eb26f7cac54085682f3535a32a8a41b3,group_0194
sp_0001_part_004,FAKE,C:\Users\Harish\Downloads\ai-deepfake-detection\data\raw\fake\sp_0001_part_004.flac,2.82,16000,sp_0001,Speechify,bf6901fb0f6b731dd87beab800f062abfae9609208a542ffd3aee675a917114c,group_1203
sp_0001_part_007,FAKE,C:\Users\Harish\Downloads\ai-deepfake-detection\data\raw\fake\sp_0001_part_007.flac,2.71,16000,sp_0001,Speechify,aa99f93e9a2bc89ddd7209f136e8c736758fc415eb35bd62d920a5a9d15fbfa9,group_1077
sp_0001_part_008,FAKE,C:\Users\Harish\Downloads\ai-deepfake-detection\data\raw\fake\sp_0001_part_008.flac,5.497,16000,sp_0001,Speechify,2b8c6430154bda1c39796f3ba1a11a9eb0d83b4d5ee25feb455afb54c3e07136,group_0269
sp_0001_part_009,FAKE,C:\Users\Harish\Downloads\ai-deepfake-detection\data\raw\fake\sp_0001_part_009.flac,2.72,16000,sp_0001,Speechify,1a2d6fe81abc512808ccdc5f9a0ea82a65940a1c2b38ce83fcb2e5d52abe46fe,group_0166
sp_0001_part_010,FAKE,C:\Users\Harish\Downloads\ai-deepfake-detection\data\raw\fake\sp_0001_part_010.flac,4.798,16000,sp_0001,Speechify,45768df1d81dfbb33fbc129477f0ba2d46dfc95a8f44a6b4a24e473454c787de,group_0427
sp_0001_part_011,FAKE,C:\Users\Harish\Downloads\ai-deepfake-detection\data\raw\fake\sp_0001_part_011.flac,5.312,16000,sp_0001,Speechify,d9e4bb466c3e880ccf8b86d52445f348043d72c31a67127075f8fb6c6b0b61c3,group_1368
sp_0001_part_013,FAKE,C:\Users\Harish\Downloads\ai-deepfake-detection\data\raw\fake\sp_0001_part_013.flac,3.224,16000,sp_0001,Speechify,0a6be57ff95e565cc4983c908331550a021963dad65201d542451634c2ac702a,group_0060
sp_0001_part_015,FAKE,C:\Users\Harish\Downloads\ai-deepfake-detection\data\raw\fake\sp_0001_part_015.flac,4.504,16000,sp_0001,Speechify,8bffa731d42cdbfc3c8b53416b1d90e6b88b61d6397fd11c2fd2eabb54e598c7,group_0863
sp_0002_c_part_010,FAKE,C:\Users\Harish\Downloads\ai-deepfake-detection\data\raw\fake\sp_0002_c_part_010.flac,2.73,16000,sp_0002,Speechify,a39f6743daa117ee6010b204aaca12a58f00299b09e7a7c59dee7cb95bbd4f53,group_1024
sp_0002_c_part_012,FAKE,C:\Users\Harish\Downloads\ai-deepfake-detection\data\raw\fake\sp_0002_c_part_012.flac,4.09,16000,sp_0002,Speechify,4cac07b69a188f4219bd99e13cdb9600aa277a09b442b814cc492e017e34db8f,group_0469
sp_0002_c_part_013,FAKE,C:\Users\Harish\Downloads\ai-deepfake-detection\data\raw\fake\sp_0002_c_part_013.flac,3.788,16000,sp_0002,Speechify,df92749cbcd9f1392186368d2148360475ae17fb3ff5f9c57b89e125f54b98fb,group_1416
sp_0002_c_part_014,FAKE,C:\Users\Harish\Downloads\ai-deepfake-detection\data\raw\fake\sp_0002_c_part_014.flac,4.327,16000,sp_0002,Speechify,d0eac94917efe1f0beead5cc5b6089ede6d7c7a994a83da577e5414211f1841d,group_1317
sp_0002_c_part_015,FAKE,C:\Users\Harish\Downloads\ai-deepfake-detection\data\raw\fake\sp_0002_c_part_015.flac,4.059,16000,sp_0002,Speechify,4e0480d0e6f48ee31c0ef0d52e46e6fc710d331497afc500eac960627f57e2bf,group_0478
sp_0002_c_part_016,FAKE,C:\Users\Harish\Downloads\ai-deepfake-detection\data\raw\fake\sp_0002_c_part_016.flac,3.227,16000,sp_0002,Speechify,fb7f81557a90965ccaa65c5ed8a9b16160adbad1f36f0b09858c1b4a9562a700,group_1624
sp_0002_c_part_017,FAKE,C:\Users\Harish\Downloads\ai-deepfake-detection\data\raw\fake\sp_0002_c_part_017.flac,4.085,16000,sp_0002,Speechify,3784dd6a81e07b1d3400c5a136ce3d676e2bc2196589d2b0f9f873c0d02a821c,group_0335
sp_0002_c_part_018,FAKE,C:\Users\Harish\Downloads\ai-deepfake-detection\data\raw\fake\sp_0002_c_part_018.flac,3.499,16000,sp_0002,Speechify,1a7379073d00649075a73c9c7bdb1118be32991c295ef8861d6efe0d21849eb2,group_0168
sp_0002_c_part_019,FAKE,C:\Users\Harish\Downloads\ai-deepfake-detection\data\raw\fake\sp_0002_c_part_019.flac,3.862,16000,sp_0002,Speechify,474a4db8a3ef3e1898d2071a86bb8aaf56334f9a6088022f5c2abbe2329bd2f2,group_0438
sp_0002_c_part_021,FAKE,C:\Users\Harish\Downloads\ai-deepfake-detection\data\raw\fake\sp_0002_c_part_021.flac,3.672,16000,sp_0002,Speechify,7c87f14d0221e8f9c316cf5607a8f3f229f342238be45847d91442f8cb200e4f,group_0769
sp_0002_c_part_024,FAKE,C:\Users\Harish\Downloads\ai-deepfake-detection\data\raw\fake\sp_0002_c_part_024.flac,2.868,16000,sp_0002,Speechify,82fd92efd52e1a4c8b40983b13ee14c8bcae11bd1881e841ac7510c59932d624,group_0806
sp_0002_part_001,FAKE,C:\Users\Harish\Downloads\ai-deepfake-detection\data\raw\fake\sp_0002_part_001.flac,2.931,16000,sp_0002,Speechify,8667ffcd50e6a64fa50ae29633fb8dfb9d490bf98c339a98e818bd7790a04dd5,group_0838
sp_0002_part_002,FAKE,C:\Users\Harish\Downloads\ai-deepfake-detection\data\raw\fake\sp_0002_part_002.flac,3.048,16000,sp_0002,Speechify,249318a5cc67e535f3aec1e40129e656ec6e9421a36cc73e92d2e6685aec321f,group_0228
sp_0002_part_003,FAKE,C:\Users\Harish\Downloads\ai-deepfake-detection\data\raw\fake\sp_0002_part_003.flac,3.359,16000,sp_0002,Speechify,f102f0abdfee501debc6b0dba5f0de2bbc85dfc874841d4687a20d8811952eff,group_1537
sp_0002_part_004,FAKE,C:\Users\Harish\Downloads\ai-deepfake-detection\data\raw\fake\sp_0002_part_004.flac,2.697,16000,sp_0002,Speechify,a71dd74414b852a35b922f4ff00dcce3ce6d26b40d8e90afe56a1106cc375432,group_1046
sp_0002_part_005,FAKE,C:\Users\Harish\Downloads\ai-deepfake-detection\data\raw\fake\sp_0002_part_005.flac,2.689,16000,sp_0002,Speechify,42bc7082e47c393c196d284f27d93c3d374097f7a09a8a15f732f6a1a5b837d4,group_0409
sp_0002_part_006,FAKE,C:\Users\Harish\Downloads\ai-deepfake-detection\data\raw\fake\sp_0002_part_006.flac,2.888,16000,sp_0002,Speechify,cdf3923adab4cf93662d57abe31f3887abd1ee961f2976f5163972a063ec0dd2,group_1302
sp_0002_part_007,FAKE,C:\Users\Harish\Downloads\ai-deepfake-detection\data\raw\fake\sp_0002_part_007.flac,2.983,16000,sp_0002,Speechify,f882dd2a690f92cac88498cb2ebcead13bf380136718fc2c1dabd5a6d964c251,group_1599
sp_0002_part_009,FAKE,C:\Users\Harish\Downloads\ai-deepfake-detection\data\raw\fake\sp_0002_part_009.flac,3.193,16000,sp_0002,Speechify,6354b982006a1a45dc04b5a5c5401477a2334ee4b506297d145ebbf3b94bfcf7,group_0603
sp_0003_c_part_005,FAKE,C:\Users\Harish\Downloads\ai-deepfake-detection\data\raw\fake\sp_0003_c_part_005.flac,3.739,16000,sp_0003,Speechify,af5b9d3712190554641cfa248cba75418aa928601bedf8b79e6c3d0ef57cd2dc,group_1106
sp_0003_c_part_006,FAKE,C:\Users\Harish\Downloads\ai-deepfake-detection\data\raw\fake\sp_0003_c_part_006.flac,4.684,16000,sp_0003,Speechify,78e08c7e86013d384b92321bd3546e65323ad6a4117a65c7fcb54a0fa72ee0e5,group_0750
sp_0003_c_part_013,FAKE,C:\Users\Harish\Downloads\ai-deepfake-detection\data\raw\fake\sp_0003_c_part_013.flac,3.825,16000,sp_0003,Speechify,e2cf59cb6441a1f55bead47e24979e77731d58217a71752fbc0160d849466b57,group_1439
sp_0003_c_part_014,FAKE,C:\Users\Harish\Downloads\ai-deepfake-detection\data\raw\fake\sp_0003_c_part_014.flac,3.268,16000,sp_0003,Speechify,ff58c12632b2f73d1dfeeae86a39ce67b554368b7a3211645e43f4136f8bdcb7,group_1648
sp_0003_c_part_016,FAKE,C:\Users\Harish\Downloads\ai-deepfake-detection\data\raw\fake\sp_0003_c_part_016.flac,2.814,16000,sp_0003,Speechify,dac494a8ceee9fdd44104edd0672ea2665eb15ff4f2d908f50608c98dbee57a5,group_1374
sp_0003_c_part_017,FAKE,C:\Users\Harish\Downloads\ai-deepfake-detection\data\raw\fake\sp_0003_c_part_017.flac,2.769,16000,sp_0003,Speechify,7e2fd484413ef7f3bc6862695e97f5cd60e15d25c441b58b1e50b54176c7b196,group_0779
sp_0003_c_part_020,FAKE,C:\Users\Harish\Downloads\ai-deepfake-detection\data\raw\fake\sp_0003_c_part_020.flac,3.731,16000,sp_0003,Speechify,ce3a4d36edfd84a969ee36cad0bd02bae3676e9beb5f964d6bb091eec7be2e3d,group_1303
sp_0003_c_part_021,FAKE,C:\Users\Harish\Downloads\ai-deepfake-detection\data\raw\fake\sp_0003_c_part_021.flac,3.995,16000,sp_0003,Speechify,0ed91f104438b2373bf95535728dd5dae3e62d6ea5f7f8525cca58247bea30b2,group_0091
sp_0003_c_part_022,FAKE,C:\Users\Harish\Downloads\ai-deepfake-detection\data\raw\fake\sp_0003_c_part_022.flac,2.765,16000,sp_0003,Speechify,350f943e2bf7f8956d04e609b02dbd3df70f9bbb9c5c768bbb9ae404e2f2782a,group_0315
sp_0003_c_part_023,FAKE,C:\Users\Harish\Downloads\ai-deepfake-detection\data\raw\fake\sp_0003_c_part_023.flac,2.918,16000,sp_0003,Speechify,7f6d6663eaea250b902136295f8f234302cc4d982dabd780e3a88a80885c202d,group_0783
sp_0003_part_001,FAKE,C:\Users\Harish\Downloads\ai-deepfake-detection\data\raw\fake\sp_0003_part_001.flac,4.327,16000,sp_0003,Speechify,d97baca93ce97d9761cd4e89c2d5c85002fc9677c302bf785831d3e4302fc536,group_1364
sp_0003_part_002,FAKE,C:\Users\Harish\Downloads\ai-deepfake-detection\data\raw\fake\sp_0003_part_002.flac,3.289,16000,sp_0003,Speechify,e1de715478ba71480784c9f4e2d500e7cb21ef814b5616d30027df89fde0d561,group_1429
sp_0003_part_004,FAKE,C:\Users\Harish\Downloads\ai-deepfake-detection\data\raw\fake\sp_0003_part_004.flac,2.951,16000,sp_0003,Speechify,9d55b19fbfe1264e5132cbf946d0cd3bb725fd595d1027908e79fa9e343754e9,group_0982
sp_0003_part_005,FAKE,C:\Users\Harish\Downloads\ai-deepfake-detection\data\raw\fake\sp_0003_part_005.flac,2.587,16000,sp_0003,Speechify,246b0b0d8c5ff6d841145f043b7e32e6160e87a64efc4512aba7bf285444d74d,group_0226
sp_0003_part_006,FAKE,C:\Users\Harish\Downloads\ai-deepfake-detection\data\raw\fake\sp_0003_part_006.flac,4.408,16000,sp_0003,Speechify,f8a6cf0e571960408857d192f4ba47bf72eb53973f6f548b876ede95b62ae1d5,group_1601
sp_0003_part_009,FAKE,C:\Users\Harish\Downloads\ai-deepfake-detection\data\raw\fake\sp_0003_part_009.flac,3.308,16000,sp_0003,Speechify,b3a56cdd2b4e72c53953e1d7496aefc6796ae1d8155242de2f6e5c8f5103662e,group_1137
sp_0003_part_010,FAKE,C:\Users\Harish\Downloads\ai-deepfake-detection\data\raw\fake\sp_0003_part_010.flac,3.731,16000,sp_0003,Speechify,68b4b713db1fd32693691a97e79b515bafc4f2ccede3706105a05d3bb0e8ec42,group_0639
sp_0003_part_011,FAKE,C:\Users\Harish\Downloads\ai-deepfake-detection\data\raw\fake\sp_0003_part_011.flac,2.717,16000,sp_0003,Speechify,970010e054bf4ac252e46bbabfbac1b4d518491b4d1728c734efecc93561a37f,group_0940
sp_0003_part_012,FAKE,C:\Users\Harish\Downloads\ai-deepfake-detection\data\raw\fake\sp_0003_part_012.flac,4.316,16000,sp_0003,Speechify,874c478c8eff80114af08f8018038638ac7c334d39279f596acaeced00616a65,group_0843
sp_0004_c_part_008,FAKE,C:\Users\Harish\Downloads\ai-deepfake-detection\data\raw\fake\sp_0004_c_part_008.flac,3.699,16000,sp_0004,Speechify,68471960d3e9e8e200223762f91fe3caf56fc0a61335946c1431970472884af8,group_0637
sp_0004_c_part_021,FAKE,C:\Users\Harish\Downloads\ai-deepfake-detection\data\raw\fake\sp_0004_c_part_021.flac,3.481,16000,sp_0004,Speechify,0d45a3d2fce8cfb993acef5cefd76da8bfef6a2b89681870fc561f718b9074db,group_0083
sp_0004_c_part_022,FAKE,C:\Users\Harish\Downloads\ai-deepfake-detection\data\raw\fake\sp_0004_c_part_022.flac,3.332,16000,sp_0004,Speechify,b7b218ed3f8e51c3ba5905743739e54011088a81b09e1148587232095ba26048,group_1164
sp_0004_c_part_025,FAKE,C:\Users\Harish\Downloads\ai-deepfake-detection\data\raw\fake\sp_0004_c_part_025.flac,3.347,16000,sp_0004,Speechify,6f80da8a82e46777bc1e872c3ddfc5f01597983315f7d7ff29d24d55c825b36e,group_0678
sp_0004_c_part_026,FAKE,C:\Users\Harish\Downloads\ai-deepfake-detection\data\raw\fake\sp_0004_c_part_026.flac,3.485,16000,sp_0004,Speechify,81e122edc775c943421431020df092eb6a5345e18d53fef7883502a89e633e3e,group_0799
sp_0004_c_part_027,FAKE,C:\Users\Harish\Downloads\ai-deepfake-detection\data\raw\fake\sp_0004_c_part_027.flac,4.031,16000,sp_0004,Speechify,4c640b40b1a146451ea2ca96cc6a192a04ce54c021cfd8073fbc28c68f63122a,group_0466
sp_0004_c_part_028,FAKE,C:\Users\Harish\Downloads\ai-deepfake-detection\data\raw\fake\sp_0004_c_part_028.flac,2.979,16000,sp_0004,Speechify,b05ee81219021e04f1cdc1c5ae7a069645d897ac1eda3b0d7872d016d1a0ef58,group_1114
sp_0004_c_part_029,FAKE,C:\Users\Harish\Downloads\ai-deepfake-detection\data\raw\fake\sp_0004_c_part_029.flac,4.222,16000,sp_0004,Speechify,b568a7a08d9599138149deea20351fcff218849df93df99a729aac72b9850359,group_1149
sp_0004_part_001,FAKE,C:\Users\Harish\Downloads\ai-deepfake-detection\data\raw\fake\sp_0004_part_001.flac,2.64,16000,sp_0004,Speechify,a8d2ce53f761f68f50f361c7ce92a00279ec90986f497078cdd37ce8dc4e48aa,group_1065
sp_0004_part_003,FAKE,C:\Users\Harish\Downloads\ai-deepfake-detection\data\raw\fake\sp_0004_part_003.flac,3.205,16000,sp_0004,Speechify,ae394fde9096cee409c96811e4026895a50557f9cdedd1a45e0ec3ddfbc4f8f5,group_1099
sp_0004_part_004,FAKE,C:\Users\Harish\Downloads\ai-deepfake-detection\data\raw\fake\sp_0004_part_004.flac,2.728,16000,sp_0004,Speechify,f2457ce3fbb958f6bc057d2ee3aaee4bbc858a8e5dece2a2d1d99714abe946a2,group_1546
sp_0004_part_005,FAKE,C:\Users\Harish\Downloads\ai-deepfake-detection\data\raw\fake\sp_0004_part_005.flac,2.619,16000,sp_0004,Speechify,9d8ce3ec595e52a6a1ba24bee88befd2943cf8ceefbc181204f325902c628e91,group_0984
sp_0004_part_006,FAKE,C:\Users\Harish\Downloads\ai-deepfake-detection\data\raw\fake\sp_0004_part_006.flac,2.917,16000,sp_0004,Speechify,3ebcc7a45c1bf1d7a544a55a6ede04500284419e1897a8657e21d578b9160b0a,group_0386
sp_0004_part_007,FAKE,C:\Users\Harish\Downloads\ai-deepfake-detection\data\raw\fake\sp_0004_part_007.flac,2.534,16000,sp_0004,Speechify,073a5f719c7e6988e9dfef486215aad46b919832f235bc7ff0fdb8d282a77475,group_0034
sp_0004_part_008,FAKE,C:\Users\Harish\Downloads\ai-deepfake-detection\data\raw\fake\sp_0004_part_008.flac,4.801,16000,sp_0004,Speechify,18318603833f5620ebb918a2b0b8dd1e7c926e85ec311786dbfc512e03f12794,group_0151
sp_0004_part_009,FAKE,C:\Users\Harish\Downloads\ai-deepfake-detection\data\raw\fake\sp_0004_part_009.flac,4.179,16000,sp_0004,Speechify,88c10822b0a7ffd66e545e0ce3295a571969d58808e6549d15fd296569065d73,group_0850
sp_0004_part_011,FAKE,C:\Users\Harish\Downloads\ai-deepfake-detection\data\raw\fake\sp_0004_part_011.flac,3.082,16000,sp_0004,Speechify,c9f862886fe0611d46d5f0ebe3d025110be0334d86c0747ac720144b8143a8a4,group_1272
sp_0004_part_012,FAKE,C:\Users\Harish\Downloads\ai-deepfake-detection\data\raw\fake\sp_0004_part_012.flac,3.093,16000,sp_0004,Speechify,4d39116f0d02827b8848d0363db34fee4389325f8801c6667d768de21487e354,group_0471
sp_0004_part_013,FAKE,C:\Users\Harish\Downloads\ai-deepfake-detection\data\raw\fake\sp_0004_part_013.flac,3.676,16000,sp_0004,Speechify,b6616c4d2706bdd4e4902ff5a45a569ca7816e2ee80cb36116805907212b77a0,group_1158
sp_0004_part_016,FAKE,C:\Users\Harish\Downloads\ai-deepfake-detection\data\raw\fake\sp_0004_part_016.flac,7.224,16000,sp_0004,Speechify,55fe58496c7045d792a91c9373cabf66596d6cab8dbeb87a8573c4b2c67b9b9f,group_0521
sp_0004_part_017,FAKE,C:\Users\Harish\Downloads\ai-deepfake-detection\data\raw\fake\sp_0004_part_017.flac,2.826,16000,sp_0004,Speechify,d6b247c3bf2e0d697a643a731293f799e35021ddacc517d928b688994b01202d,group_1351
sp_0004_part_020,FAKE,C:\Users\Harish\Downloads\ai-deepfake-detection\data\raw\fake\sp_0004_part_020.flac,2.723,16000,sp_0004,Speechify,053e81cc8742318f852ed654b3dc56f27233fb2d19792c191cc5b2204dce9d74,group_0019
sp_0005_c_part_004,FAKE,C:\Users\Harish\Downloads\ai-deepfake-detection\data\raw\fake\sp_0005_c_part_004.flac,3.007,16000,sp_0005,Speechify,bc1298d269e9ee8deec05139ddd697be262757188dd49a9b8f7ce8f3c197cbfc,group_1187
sp_0005_c_part_005,FAKE,C:\Users\Harish\Downloads\ai-deepfake-detection\data\raw\fake\sp_0005_c_part_005.flac,4.407,16000,sp_0005,Speechify,604aa2f141a1a317f4784603c9fa60452ee7d355b0f2be490069e97ef5e345bd,group_0580
sp_0005_c_part_006,FAKE,C:\Users\Harish\Downloads\ai-deepfake-detection\data\raw\fake\sp_0005_c_part_006.flac,3.375,16000,sp_0005,Speechify,4f706f4364fe73ee7d20813848d25e592f7109b63103d8692cde2073dbbcb68d,group_0484
sp_0005_c_part_009,FAKE,C:\Users\Harish\Downloads\ai-deepfake-detection\data\raw\fake\sp_0005_c_part_009.flac,2.949,16000,sp_0005,Speechify,59cdbf90fb4d6e7c2b61bbd006ebf19f335f6c178dc07e59cd3c87e8d3467f76,group_0551
sp_0005_c_part_011,FAKE,C:\Users\Harish\Downloads\ai-deepfake-detection\data\raw\fake\sp_0005_c_part_011.flac,3.477,16000,sp_0005,Speechify,9c0058e74f247678264d6f2c940fc7047bba0a93d8757e8e1d6448cb6bc64e74,group_0972
sp_0005_c_part_018,FAKE,C:\Users\Harish\Downloads\ai-deepfake-detection\data\raw\fake\sp_0005_c_part_018.flac,3.113,16000,sp_0005,Speechify,97081b68d35b5d77a28dcab9380a080fcd6086389e20a35b5d579e906e6dac70,group_0942
sp_0005_c_part_020,FAKE,C:\Users\Harish\Downloads\ai-deepfake-detection\data\raw\fake\sp_0005_c_part_020.flac,3.36,16000,sp_0005,Speechify,6334044e1b8278d8854d6e398afe3ec3daa36fe3f7d4737d61ce45a4f7570d43,group_0602
sp_0005_c_part_021,FAKE,C:\Users\Harish\Downloads\ai-deepfake-detection\data\raw\fake\sp_0005_c_part_021.flac,3.395,16000,sp_0005,Speechify,4bc3755e2351836dfb1140c2cc4b6fdc2cd0d21a91ed4d4661dbb793091e7e65,group_0459
sp_0005_c_part_022,FAKE,C:\Users\Harish\Downloads\ai-deepfake-detection\data\raw\fake\sp_0005_c_part_022.flac,3.255,16000,sp_0005,Speechify,946eeac7c9b0e768073b561fbf73d965174c0a0940460931adf5c6cccad801c2,group_0925
sp_0005_c_part_023,FAKE,C:\Users\Harish\Downloads\ai-deepfake-detection\data\raw\fake\sp_0005_c_part_023.flac,3.778,16000,sp_0005,Speechify,26552623bfc6281c2c77aad0252c0d60e1d00ae1a3e1de141c46f5f0992c7aca,group_0236
sp_0005_c_part_024,FAKE,C:\Users\Harish\Downloads\ai-deepfake-detection\data\raw\fake\sp_0005_c_part_024.flac,4.215,16000,sp_0005,Speechify,eafebc17aa664d2d289ea07b76f5f9cc2b5e1ab8264cfdec8fe450ba16e61523,group_1497
sp_0005_c_part_026,FAKE,C:\Users\Harish\Downloads\ai-deepfake-detection\data\raw\fake\sp_0005_c_part_026.flac,2.878,16000,sp_0005,Speechify,28efb2e2dd8d37c3cf5d137db0766617f895c9acc9e3ac4af59e7fa7c33cb307,group_0250
sp_0005_c_part_027,FAKE,C:\Users\Harish\Downloads\ai-deepfake-detection\data\raw\fake\sp_0005_c_part_027.flac,3.963,16000,sp_0005,Speechify,58f756fe8acbaf0b40c0d58a0d666f3c72881b693ef8826dd496c5b93b3d3ef9,group_0544
sp_0005_c_part_028,FAKE,C:\Users\Harish\Downloads\ai-deepfake-detection\data\raw\fake\sp_0005_c_part_028.flac,2.961,16000,sp_0005,Speechify,3d456cbe83791e3e24169f37008d6213cda6bbe7776156cbdc403637ebc06a71,group_0373
sp_0005_c_part_029,FAKE,C:\Users\Harish\Downloads\ai-deepfake-detection\data\raw\fake\sp_0005_c_part_029.flac,3.399,16000,sp_0005,Speechify,c69af3388d9456b20e5c0ca3d7eb49bf31631da93e07f96365a987f4d947eaf9,group_1257
sp_0005_part_001,FAKE,C:\Users\Harish\Downloads\ai-deepfake-detection\data\raw\fake\sp_0005_part_001.flac,6.304,16000,sp_0005,Speechify,edb30a336a1dc2a023b3f9f2a50680fe97175ccee1aba83aea45e3cd14b2041f,group_1516
sp_0005_part_003,FAKE,C:\Users\Harish\Downloads\ai-deepfake-detection\data\raw\fake\sp_0005_part_003.flac,2.505,16000,sp_0005,Speechify,2add4b251df0fe00b8925e4fc580a404694c1b8916352265c7271b0352e12a86,group_0266
sp_0005_part_004,FAKE,C:\Users\Harish\Downloads\ai-deepfake-detection\data\raw\fake\sp_0005_part_004.flac,4.19,16000,sp_0005,Speechify,022c075e030476187791441fad3f99d728a8bbf1bc5844dbca706d5dad62e203,group_0008
sp_0005_part_005,FAKE,C:\Users\Harish\Downloads\ai-deepfake-detection\data\raw\fake\sp_0005_part_005.flac,3.677,16000,sp_0005,Speechify,56c7af26d3eb0785298de22b7484f343caf9e91db0f12f19591158c3878200aa,group_0530
sp_0005_part_006,FAKE,C:\Users\Harish\Downloads\ai-deepfake-detection\data\raw\fake\sp_0005_part_006.flac,2.635,16000,sp_0005,Speechify,3ea99b30be80824b74a006cae1875bbfb3a3ca8390759e97143fb1f871a6c44f,group_0384
sp_0005_part_007,FAKE,C:\Users\Harish\Downloads\ai-deepfake-detection\data\raw\fake\sp_0005_part_007.flac,2.974,16000,sp_0005,Speechify,53b1a4f8d636ea349b182a71d149b2bb0fa123a269718ecc977403958274b6d3,group_0511
sp_0005_part_010,FAKE,C:\Users\Harish\Downloads\ai-deepfake-detection\data\raw\fake\sp_0005_part_010.flac,5.486,16000,sp_0005,Speechify,3022bbf2b2ef3c8b95034fa9bac9848ad0f201ddce76e4710e7cb3b93c0acf6a,group_0295
sp_0005_part_014,FAKE,C:\Users\Harish\Downloads\ai-deepfake-detection\data\raw\fake\sp_0005_part_014.flac,2.728,16000,sp_0005,Speechify,2658ddba1c4d8fab61a91c7da02b60751970e6f84df08fc53e636116106a8414,group_0237
sp_0006_c_part_006,FAKE,C:\Users\Harish\Downloads\ai-deepfake-detection\data\raw\fake\sp_0006_c_part_006.flac,3.916,16000,sp_0006,Speechify,c4debec78d20c4f7ddab69fbbdb7e939fca3daea609b7ff3ed8458336337c705,group_1239
sp_0006_c_part_021,FAKE,C:\Users\Harish\Downloads\ai-deepfake-detection\data\raw\fake\sp_0006_c_part_021.flac,3.286,16000,sp_0006,Speechify,0f093a8a027b83c55d48cd004af32c01290692b52529c89b2445878efc22167a,group_0093
sp_0006_c_part_022,FAKE,C:\Users\Harish\Downloads\ai-deepfake-detection\data\raw\fake\sp_0006_c_part_022.flac,2.925,16000,sp_0006,Speechify,c665960dacbd74d9c71c4a46bd01f474699a8221407d5d0a39b92f172adc731b,group_1253
sp_0006_c_part_024,FAKE,C:\Users\Harish\Downloads\ai-deepfake-detection\data\raw\fake\sp_0006_c_part_024.flac,3.556,16000,sp_0006,Speechify,bb07db51fc989cd3ca041230cf1f6f6339eb0ec91dc54916cebad1f397971b7d,group_1180
sp_0006_c_part_025,FAKE,C:\Users\Harish\Downloads\ai-deepfake-detection\data\raw\fake\sp_0006_c_part_025.flac,4.254,16000,sp_0006,Speechify,9fa12476f6f9c57e90b0b4156ded1e44a77b105b10ea73355ae1c2137ea89860,group_0997
sp_0006_part_002,FAKE,C:\Users\Harish\Downloads\ai-deepfake-detection\data\raw\fake\sp_0006_part_002.flac,3.244,16000,sp_0006,Speechify,74c46228aa6006d100a6cf756dc7df8c96903baca90582d1d589274f55fd2719,group_0724
sp_0006_part_003,FAKE,C:\Users\Harish\Downloads\ai-deepfake-detection\data\raw\fake\sp_0006_part_003.flac,3.18,16000,sp_0006,Speechify,69164a453e54c5d25ec4e5dfa4cbd318d46e793fce7d652d9f3ec44847caa4aa,group_0642
sp_0006_part_005,FAKE,C:\Users\Harish\Downloads\ai-deepfake-detection\data\raw\fake\sp_0006_part_005.flac,2.534,16000,sp_0006,Speechify,a8a6520b173a824411aee9b8ed98ef8beb5876e8a88d6042fd9f18a51786002c,group_1062
sp_0006_part_006,FAKE,C:\Users\Harish\Downloads\ai-deepfake-detection\data\raw\fake\sp_0006_part_006.flac,4.302,16000,sp_0006,Speechify,afc863364f4a8d2b41f886b6ae91d6d2dcc9f9e1913f7c2749014a19bada023e,group_1111
sp_0006_part_007,FAKE,C:\Users\Harish\Downloads\ai-deepfake-detection\data\raw\fake\sp_0006_part_007.flac,5.074,16000,sp_0006,Speechify,6a2c40231a3f4bee82eccfbd6c035ef64063419581503de04f99b6ab10437490,group_0647
sp_0006_part_008,FAKE,C:\Users\Harish\Downloads\ai-deepfake-detection\data\raw\fake\sp_0006_part_008.flac,3.681,16000,sp_0006,Speechify,9f65108c057e9465e2aad49ee6e6565098ce3156948f7b999b5e2896ce426ca5,group_0995
sp_0006_part_009,FAKE,C:\Users\Harish\Downloads\ai-deepfake-detection\data\raw\fake\sp_0006_part_009.flac,2.75,16000,sp_0006,Speechify,bb1ed5034c14b19f9d471cf31f4e72eeb86ac0c65f6845531b79ced45dbe6a4b,group_1181
sp_0006_part_010,FAKE,C:\Users\Harish\Downloads\ai-deepfake-detection\data\raw\fake\sp_0006_part_010.flac,3.028,16000,sp_0006,Speechify,c8bdd5bebd86ecfd2040cf7543adf1e6893c3269d6c0687f21d9d96813101451,group_1268
sp_0006_part_012,FAKE,C:\Users\Harish\Downloads\ai-deepfake-detection\data\raw\fake\sp_0006_part_012.flac,3.345,16000,sp_0006,Speechify,9feddf5721a09cd8731873d3cea94e211579eb68d070b13745629c520cb8b7fb,group_1000
sp_0006_part_013,FAKE,C:\Users\Harish\Downloads\ai-deepfake-detection\data\raw\fake\sp_0006_part_013.flac,4.452,16000,sp_0006,Speechify,ac232a6840642918a2e907775bd9f7e497574ca63dc368a0dbd2ebdf77130900,group_1090
sp_0006_part_014,FAKE,C:\Users\Harish\Downloads\ai-deepfake-detection\data\raw\fake\sp_0006_part_014.flac,6.558,16000,sp_0006,Speechify,ee9c33ab74c7172b293b6b89a3907ad35b753778beff9a3e22783b3f2b011095,group_1522
sp_0006_part_015,FAKE,C:\Users\Harish\Downloads\ai-deepfake-detection\data\raw\fake\sp_0006_part_015.flac,3.952,16000,sp_0006,Speechify,9d3f1f2e0a11da7ecf0bb554aae952fb62cca1eaf8961fae7c01f2ebb0e3cdfd,group_0981
sp_0006_part_016,FAKE,C:\Users\Harish\Downloads\ai-deepfake-detection\data\raw\fake\sp_0006_part_016.flac,6.655,16000,sp_0006,Speechify,f45eb2d69bb2351cf39aa2771341b7682d213cbd1cd8a15ed861c3fc7f1055ca,group_1569
sp_0006_part_017,FAKE,C:\Users\Harish\Downloads\ai-deepfake-detection\data\raw\fake\sp_0006_part_017.flac,2.576,16000,sp_0006,Speechify,7151a2c808d4783c9aafbd50452e212a50468684ad09ef006d2f3a600f287831,group_0693
sp_0006_part_018,FAKE,C:\Users\Harish\Downloads\ai-deepfake-detection\data\raw\fake\sp_0006_part_018.flac,2.956,16000,sp_0006,Speechify,8cc7936e35dbca76d2f47297b3a4afe6e4ba799f7147df37ecf1e13b74bcd9ba,group_0871
sp_0006_part_019,FAKE,C:\Users\Harish\Downloads\ai-deepfake-detection\data\raw\fake\sp_0006_part_019.flac,2.931,16000,sp_0006,Speechify,35efa63157a2d484b36d515eb46068c6b6ca4f833108a1b43ecbb43788146f09,group_0323
sp_0006_part_020,FAKE,C:\Users\Harish\Downloads\ai-deepfake-detection\data\raw\fake\sp_0006_part_020.flac,5.709,16000,sp_0006,Speechify,45fc852082c0d992349e94a9111d5745d89bcb37bc7eac17d0d25dd85b4406df,group_0430
sp_0007_c_part_012,FAKE,C:\Users\Harish\Downloads\ai-deepfake-detection\data\raw\fake\sp_0007_c_part_012.flac,2.526,16000,sp_0007,Speechify,a9a06439b641126be08b91a0dac6e88937f06b7ded5cc6ff08f8adeccc7ded8a,group_1070
sp_0007_c_part_013,FAKE,C:\Users\Harish\Downloads\ai-deepfake-detection\data\raw\fake\sp_0007_c_part_013.flac,4.134,16000,sp_0007,Speechify,0b538723c91545787868df064407e1f605198ea59d5c6b80178549b1108f808b,group_0067
sp_0007_c_part_014,FAKE,C:\Users\Harish\Downloads\ai-deepfake-detection\data\raw\fake\sp_0007_c_part_014.flac,2.836,16000,sp_0007,Speechify,62dee92aa7fa9705a8acc60f4b4da2b36b841251b09af6304cc7e7af917c7e3c,group_0600
sp_0007_c_part_016,FAKE,C:\Users\Harish\Downloads\ai-deepfake-detection\data\raw\fake\sp_0007_c_part_016.flac,4.259,16000,sp_0007,Speechify,db0e6d089c32367202516b380401d60237c642438f1dc04173b9e86bb291ac8c,group_1376
sp_0007_part_002,FAKE,C:\Users\Harish\Downloads\ai-deepfake-detection\data\raw\fake\sp_0007_part_002.flac,4.247,16000,sp_0007,Speechify,badb783f9ffdfb550820d165b2903ae7125aa642fb948718cd869a048473150e,group_1179
sp_0007_part_004,FAKE,C:\Users\Harish\Downloads\ai-deepfake-detection\data\raw\fake\sp_0007_part_004.flac,2.665,16000,sp_0007,Speechify,d0d1f31de4e22ac6da2039092d4b07cc9e5eede8cf09b965aa60891f0728e17d,group_1316
sp_0007_part_005,FAKE,C:\Users\Harish\Downloads\ai-deepfake-detection\data\raw\fake\sp_0007_part_005.flac,2.986,16000,sp_0007,Speechify,8d45203ac9eda8402a01405c68c9bd1bfb47a279838b0fe0ca9b6b0ffd9ff29c,group_0873
sp_0007_part_006,FAKE,C:\Users\Harish\Downloads\ai-deepfake-detection\data\raw\fake\sp_0007_part_006.flac,4.27,16000,sp_0007,Speechify,ee1fdabe016058221898448e69e562dcc421cf35c535421d547719e88c6192b7,group_1520
sp_0007_part_007,FAKE,C:\Users\Harish\Downloads\ai-deepfake-detection\data\raw\fake\sp_0007_part_007.flac,4.969,16000,sp_0007,Speechify,ce7a51796d78c2255656b119bd0d69ded14e59f7b7513d7af30c4ad0de9ddaca,group_1305
sp_0007_part_008,FAKE,C:\Users\Harish\Downloads\ai-deepfake-detection\data\raw\fake\sp_0007_part_008.flac,2.793,16000,sp_0007,Speechify,eb9ec598f0fe498afe235c13c149bd79cffb8b3d6aef9b826bf6220e95fb54c2,group_1500
sp_0007_part_009,FAKE,C:\Users\Harish\Downloads\ai-deepfake-detection\data\raw\fake\sp_0007_part_009.flac,6.869,16000,sp_0007,Speechify,1af08d911e6107f3f1e22b268c845c9a3b0abba00c951cd0e3ed99259190ce9c,group_0174
sp_0007_part_010,FAKE,C:\Users\Harish\Downloads\ai-deepfake-detection\data\raw\fake\sp_0007_part_010.flac,3.855,16000,sp_0007,Speechify,7201554850ab67488998f4640b29305068952cb779dd2592655bb206776fe5b4,group_0699
sp_0008_c_part_007,FAKE,C:\Users\Harish\Downloads\ai-deepfake-detection\data\raw\fake\sp_0008_c_part_007.flac,3.883,16000,sp_0008,Speechify,938cc4314996714619ea7510fe7a6ce078190e77ac576eacb6d6cab0f9b348fd,group_0915
sp_0008_c_part_008,FAKE,C:\Users\Harish\Downloads\ai-deepfake-detection\data\raw\fake\sp_0008_c_part_008.flac,4.593,16000,sp_0008,Speechify,271bf156ec8fce8a72f1a3ba921b2eaf8a000738df738902fed25552262d641b,group_0241
sp_0008_c_part_010,FAKE,C:\Users\Harish\Downloads\ai-deepfake-detection\data\raw\fake\sp_0008_c_part_010.flac,3.25,16000,sp_0008,Speechify,8b10f969bb94374449a489b85af5f85feaa0c1e66db043c5a226b3ad5b3a5e9d,group_0857
sp_0008_c_part_011,FAKE,C:\Users\Harish\Downloads\ai-deepfake-detection\data\raw\fake\sp_0008_c_part_011.flac,3.668,16000,sp_0008,Speechify,38f74074877640ee436d55041b3ca8c4d07f7435da2610ebcdfcd834a912e85e,group_0346
sp_0008_c_part_013,FAKE,C:\Users\Harish\Downloads\ai-deepfake-detection\data\raw\fake\sp_0008_c_part_013.flac,2.879,16000,sp_0008,Speechify,e69ba0d9ffbb6e877d66878795705a9d35c5ca470fb25a3a7ad7914f0c3b3882,group_1460
sp_0008_part_001,FAKE,C:\Users\Harish\Downloads\ai-deepfake-detection\data\raw\fake\sp_0008_part_001.flac,2.725,16000,sp_0008,Speechify,747a9c89cc666c081f245a6666181febe6b51936c5502472c104fc3a8fbea4cc,group_0720
sp_0008_part_002,FAKE,C:\Users\Harish\Downloads\ai-deepfake-detection\data\raw\fake\sp_0008_part_002.flac,2.706,16000,sp_0008,Speechify,67aac5650860e79c654ead8f7e99a3b3ed09a06d3df6a99d887e9a18bc3c1906,group_0633
sp_0008_part_003,FAKE,C:\Users\Harish\Downloads\ai-deepfake-detection\data\raw\fake\sp_0008_part_003.flac,2.65,16000,sp_0008,Speechify,087847f032199d2b85323a462cfa9c3c04cb4dfbf1336510d1c1bcb1a2bf4d67,group_0043
sp_0008_part_004,FAKE,C:\Users\Harish\Downloads\ai-deepfake-detection\data\raw\fake\sp_0008_part_004.flac,5.285,16000,sp_0008,Speechify,bb22ddcd08944f0f02aa4d916205b5c85e7560a85ed24d17cb7749e17f58d109,group_1182
sp_0008_part_005,FAKE,C:\Users\Harish\Downloads\ai-deepfake-detection\data\raw\fake\sp_0008_part_005.flac,4.008,16000,sp_0008,Speechify,a366b84e3b56e062eabce59c3f39e2b4c26072b2f0ff57ddaedc440543dac592,group_1022
sp_0009_c_part_004,FAKE,C:\Users\Harish\Downloads\ai-deepfake-detection\data\raw\fake\sp_0009_c_part_004.flac,4.312,16000,sp_0009,Speechify,c14d1d0257febc573a124c37a56651a7365eec25f09db35cdea16d32e6152537,group_1216
sp_0009_part_002,FAKE,C:\Users\Harish\Downloads\ai-deepfake-detection\data\raw\fake\sp_0009_part_002.flac,3.956,16000,sp_0009,Speechify,d56d1396957845db1b548b4b4a9d407f781af97e42fb20bc9caf0d1386d67c04,group_1340
sp_0009_part_003,FAKE,C:\Users\Harish\Downloads\ai-deepfake-detection\data\raw\fake\sp_0009_part_003.flac,3.48,16000,sp_0009,Speechify,46bf9f47571326ba9bb127f15ae45d8c3938e041d03c6d9f6ff14972cda1458f,group_0435
sp_0010_c_part_004,FAKE,C:\Users\Harish\Downloads\ai-deepfake-detection\data\raw\fake\sp_0010_c_part_004.flac,3.354,16000,sp_0010,Speechify,dad2e786247363aa380f29193f8097298e2292c2594dba838e6a9053335c57f1,group_1375
sp_0010_c_part_006,FAKE,C:\Users\Harish\Downloads\ai-deepfake-detection\data\raw\fake\sp_0010_c_part_006.flac,3.181,16000,sp_0010,Speechify,485b009af674dfdf8f50eac3bd3c131f043531b0450e964890c736a57f7c940a,group_0445
sp_0010_part_003,FAKE,C:\Users\Harish\Downloads\ai-deepfake-detection\data\raw\fake\sp_0010_part_003.flac,2.882,16000,sp_0010,Speechify,0ae13d0642c359514cb4c1f3e3ba2e2042c312948601066f3d597f4394547004,group_0065
